ISO-10303-21;
HEADER;
FILE_DESCRIPTION (( 'STEP AP203' ),
    '1' );
FILE_NAME ('board_connector.STEP',
    '2025-09-04T17:22:04',
    ( '' ),
    ( '' ),
    'SwSTEP 2.0',
    'SolidWorks 2023',
    '' );
FILE_SCHEMA (( 'CONFIG_CONTROL_DESIGN' ));
ENDSEC;

DATA;
#1 = ORIENTED_EDGE ( 'NONE', *, *, #958, .F. ) ;
#2 = DIRECTION ( 'NONE',  ( 1.000000000000000000, -4.926800769063960061E-14, 0.000000000000000000 ) ) ;
#3 = CARTESIAN_POINT ( 'NONE',  ( 258.7655635832319945, 209.0171786692359888, -5.000000000000000000 ) ) ;
#4 = CARTESIAN_POINT ( 'NONE',  ( 334.2039745797910086, 128.6332666870839887, -3.500000000000000000 ) ) ;
#5 = DIRECTION ( 'NONE',  ( 0.000000000000000000, 0.000000000000000000, -1.000000000000000000 ) ) ;
#6 = EDGE_LOOP ( 'NONE', ( #3304, #3112, #1477, #206, #2035, #3054 ) ) ;
#7 = EDGE_CURVE ( 'NONE', #1334, #3562, #3273, .T. ) ;
#8 = DIRECTION ( 'NONE',  ( 0.000000000000000000, 0.000000000000000000, 1.000000000000000000 ) ) ;
#9 = PLANE ( 'NONE',  #3009 ) ;
#10 = DIRECTION ( 'NONE',  ( 1.295014782396080030E-12, -1.000000000000000000, 0.000000000000000000 ) ) ;
#11 = ORIENTED_EDGE ( 'NONE', *, *, #2900, .T. ) ;
#12 = EDGE_CURVE ( 'NONE', #687, #4378, #2946, .T. ) ;
#13 = EDGE_CURVE ( 'NONE', #1454, #1725, #2958, .T. ) ;
#14 = CARTESIAN_POINT ( 'NONE',  ( 300.3990449729780039, 210.4782842208930163, 0.6497013181467868881 ) ) ;
#15 = DIRECTION ( 'NONE',  ( -3.975690035102444044E-07, 0.9999999999999208411, -1.394145080413009601E-17 ) ) ;
#16 = VERTEX_POINT ( 'NONE', #1926 ) ;
#17 = VERTEX_POINT ( 'NONE', #4308 ) ;
#18 = DIRECTION ( 'NONE',  ( 0.000000000000000000, 0.000000000000000000, 1.000000000000000000 ) ) ;
#19 = CARTESIAN_POINT ( 'NONE',  ( 333.7740057619930099, 204.3780000000000143, -3.500000000000000000 ) ) ;
#20 = EDGE_CURVE ( 'NONE', #416, #1838, #1262, .T. ) ;
#21 = AXIS2_PLACEMENT_3D ( 'NONE', #1936, #555, #2955 ) ;
#22 = FACE_OUTER_BOUND ( 'NONE', #1692, .T. ) ;
#23 = CARTESIAN_POINT ( 'NONE',  ( 309.7989928075899684, 210.3752842209040068, -17.00000000000000000 ) ) ;
#24 = AXIS2_PLACEMENT_3D ( 'NONE', #799, #467, #2841 ) ;
#25 = CARTESIAN_POINT ( 'NONE',  ( 309.7989928075899684, 210.3752842209040068, -17.00000000000000000 ) ) ;
#26 = EDGE_CURVE ( 'NONE', #1014, #4118, #927, .T. ) ;
#27 = AXIS2_PLACEMENT_3D ( 'NONE', #1467, #2767, #2464 ) ;
#28 = EDGE_CURVE ( 'NONE', #583, #3212, #2882, .T. ) ;
#29 = DIRECTION ( 'NONE',  ( 0.000000000000000000, 0.000000000000000000, 1.000000000000000000 ) ) ;
#30 = ORIENTED_EDGE ( 'NONE', *, *, #1132, .F. ) ;
#31 = VECTOR ( 'NONE', #2525, 1000.000000000000000 ) ;
#32 = CARTESIAN_POINT ( 'NONE',  ( 344.6027245799330103, 128.1783188901649737, -25.00000000000000000 ) ) ;
#33 = CARTESIAN_POINT ( 'NONE',  ( 339.6026927744260320, 208.1782842209040041, 0.000000000000000000 ) ) ;
#34 = AXIS2_PLACEMENT_3D ( 'NONE', #645, #2005, #3353 ) ;
#35 = CIRCLE ( 'NONE', #452, 1.405500125884973084 ) ;
#36 = EDGE_CURVE ( 'NONE', #1214, #1212, #1172, .T. ) ;
#37 = DIRECTION ( 'NONE',  ( -0.9999999999999208411, -3.975690048800169588E-07, 0.000000000000000000 ) ) ;
#38 = ORIENTED_EDGE ( 'NONE', *, *, #1449, .F. ) ;
#39 = ADVANCED_FACE ( 'NONE', ( #2194 ), #3540, .T. ) ;
#40 = AXIS2_PLACEMENT_3D ( 'NONE', #2132, #419, #1398 ) ;
#41 = DIRECTION ( 'NONE',  ( -1.000000000000000000, 6.167564153470840486E-16, -0.000000000000000000 ) ) ;
#42 = AXIS2_PLACEMENT_3D ( 'NONE', #1756, #1017, #3700 ) ;
#43 = CARTESIAN_POINT ( 'NONE',  ( 336.9026938479009914, 205.4782842208930163, 0.000000000000000000 ) ) ;
#44 = EDGE_LOOP ( 'NONE', ( #3894, #239, #3548, #3616 ) ) ;
#45 = VERTEX_POINT ( 'NONE', #2213 ) ;
#46 = DIRECTION ( 'NONE',  ( 6.277700872225521044E-15, 2.495819288705310352E-21, 1.000000000000000000 ) ) ;
#47 = CARTESIAN_POINT ( 'NONE',  ( 294.3989928075900480, 190.6782839424210181, -5.000000000000000000 ) ) ;
#48 = FACE_OUTER_BOUND ( 'NONE', #2989, .T. ) ;
#49 = CARTESIAN_POINT ( 'NONE',  ( 257.4019928075910002, 152.3819999999999766, -22.00000000000000000 ) ) ;
#50 = LINE ( 'NONE', #1087, #1310 ) ;
#51 = AXIS2_PLACEMENT_3D ( 'NONE', #2256, #1920, #3270 ) ;
#52 = DIRECTION ( 'NONE',  ( 0.000000000000000000, 0.000000000000000000, 1.000000000000000000 ) ) ;
#53 = ORIENTED_EDGE ( 'NONE', *, *, #3479, .T. ) ;
#54 = CARTESIAN_POINT ( 'NONE',  ( 254.5977337495189943, 208.1782842209000250, 0.000000000000000000 ) ) ;
#55 = CARTESIAN_POINT ( 'NONE',  ( 339.6026927744260320, 208.1782842209040041, 0.000000000000000000 ) ) ;
#56 = CC_DESIGN_DATE_AND_TIME_ASSIGNMENT ( #331, #2685, ( #842 ) ) ;
#57 = AXIS2_PLACEMENT_3D ( 'NONE', #120, #4253, #3160 ) ;
#58 = CARTESIAN_POINT ( 'NONE',  ( 289.7990196434949439, 145.6782884345949753, -22.00000000000000000 ) ) ;
#59 = ORIENTED_EDGE ( 'NONE', *, *, #1875, .T. ) ;
#60 = VERTEX_POINT ( 'NONE', #1191 ) ;
#61 = LINE ( 'NONE', #3512, #379 ) ;
#62 = CYLINDRICAL_SURFACE ( 'NONE', #93, 5.000000000000007105 ) ;
#63 = ADVANCED_BREP_SHAPE_REPRESENTATION ( 'board_connector', ( #3494, #1990, #3145 ), #4355 ) ;
#64 = PLANE ( 'NONE',  #2398 ) ;
#65 = ORIENTED_EDGE ( 'NONE', *, *, #2578, .F. ) ;
#66 = ORIENTED_EDGE ( 'NONE', *, *, #3498, .F. ) ;
#67 = LINE ( 'NONE', #3035, #4082 ) ;
#68 = CARTESIAN_POINT ( 'NONE',  ( 341.7959928075899825, 172.6782842209210003, -22.00000000000000000 ) ) ;
#69 = CARTESIAN_POINT ( 'NONE',  ( 259.5989928075899797, 208.1782842209040041, -22.00000000000000000 ) ) ;
#70 = CARTESIAN_POINT ( 'NONE',  ( 259.5989928075869670, 125.9812842209039871, -22.00000000000000000 ) ) ;
#71 = PLANE ( 'NONE',  #882 ) ;
#72 = LINE ( 'NONE', #3063, #3210 ) ;
#73 = DIRECTION ( 'NONE',  ( 0.000000000000000000, 0.000000000000000000, -1.000000000000000000 ) ) ;
#74 = CARTESIAN_POINT ( 'NONE',  ( 339.6026927744260320, 213.1782842209040041, -25.00000000000000000 ) ) ;
#75 = ORIENTED_EDGE ( 'NONE', *, *, #2391, .F. ) ;
#76 = CARTESIAN_POINT ( 'NONE',  ( 262.2977337495979668, 130.8782861682300052, 0.000000000000000000 ) ) ;
#77 = LINE ( 'NONE', #2743, #1238 ) ;
#78 = DIRECTION ( 'NONE',  ( 1.000000000000000000, 0.000000000000000000, 0.000000000000000000 ) ) ;
#79 = EDGE_CURVE ( 'NONE', #3229, #3572, #3884, .T. ) ;
#80 = DIRECTION ( 'NONE',  ( -0.7071067811865483499, 0.000000000000000000, 0.7071067811865469066 ) ) ;
#81 = EDGE_LOOP ( 'NONE', ( #1948, #2901, #3024, #544, #435, #976 ) ) ;
#82 = VERTEX_POINT ( 'NONE', #4347 ) ;
#83 = LINE ( 'NONE', #2019, #247 ) ;
#84 = EDGE_CURVE ( 'NONE', #3588, #1015, #3324, .T. ) ;
#85 = DIRECTION ( 'NONE',  ( 3.608224830031755727E-13, -1.000000000000000000, 0.000000000000000000 ) ) ;
#86 = DIRECTION ( 'NONE',  ( 0.000000000000000000, 0.000000000000000000, -1.000000000000000000 ) ) ;
#87 = CARTESIAN_POINT ( 'NONE',  ( 304.7990274744070121, 123.1783030654479916, -17.00000000000000000 ) ) ;
#88 = AXIS2_PLACEMENT_3D ( 'NONE', #314, #2026, #4388 ) ;
#89 = DIRECTION ( 'NONE',  ( 0.000000000000000000, 0.000000000000000000, -1.000000000000000000 ) ) ;
#90 = CARTESIAN_POINT ( 'NONE',  ( 299.6002301586469798, 168.1782836639370089, -5.000000000000000000 ) ) ;
#91 = LINE ( 'NONE', #1404, #2442 ) ;
#92 = DIRECTION ( 'NONE',  ( 0.000000000000000000, 0.000000000000000000, -1.000000000000000000 ) ) ;
#93 = AXIS2_PLACEMENT_3D ( 'NONE', #4170, #1457, #2806 ) ;
#94 = AXIS2_PLACEMENT_3D ( 'NONE', #4250, #3643, #1199 ) ;
#95 = AXIS2_PLACEMENT_3D ( 'NONE', #3306, #2636, #3851 ) ;
#96 = DIRECTION ( 'NONE',  ( 0.000000000000000000, 0.000000000000000000, -1.000000000000000000 ) ) ;
#97 = CARTESIAN_POINT ( 'NONE',  ( 333.7740057619919867, 194.3779999999999859, -5.000000000000000000 ) ) ;
#98 = EDGE_LOOP ( 'NONE', ( #227, #1240, #305, #2396, #1748, #3098, #1642 ) ) ;
#99 = APPROVAL_PERSON_ORGANIZATION ( #2419, #4319, #3493 ) ;
#100 = DIRECTION ( 'NONE',  ( -0.7071066406243563529, -0.7071069217487107039, 0.000000000000000000 ) ) ;
#101 = VECTOR ( 'NONE', #433, 1000.000000000000227 ) ;
#102 = AXIS2_PLACEMENT_3D ( 'NONE', #4363, #3604, #1229 ) ;
#103 = DIRECTION ( 'NONE',  ( 1.000000000000000000, 0.000000000000000000, 0.000000000000000000 ) ) ;
#104 = EDGE_CURVE ( 'NONE', #898, #2698, #3012, .T. ) ;
#105 = VECTOR ( 'NONE', #172, 1000.000000000000114 ) ;
#106 = FACE_OUTER_BOUND ( 'NONE', #865, .T. ) ;
#107 = ORIENTED_EDGE ( 'NONE', *, *, #1463, .T. ) ;
#108 = VECTOR ( 'NONE', #4144, 1000.000000000000000 ) ;
#109 = VERTEX_POINT ( 'NONE', #1682 ) ;
#110 = CARTESIAN_POINT ( 'NONE',  ( 265.3990106855859494, 210.4782842208930163, -2.500000000000000000 ) ) ;
#111 = VECTOR ( 'NONE', #938, 1000.000000000000000 ) ;
#112 = CARTESIAN_POINT ( 'NONE',  ( 254.5977337495839947, 133.1783062885320135, -5.000000000000000000 ) ) ;
#113 = DIRECTION ( 'NONE',  ( -6.889137694542789809E-14, 1.000000000000000000, 0.000000000000000000 ) ) ;
#114 = ADVANCED_FACE ( 'NONE', ( #4038 ), #3302, .T. ) ;
#115 = EDGE_CURVE ( 'NONE', #3602, #3850, #4330, .T. ) ;
#116 = LINE ( 'NONE', #3460, #1325 ) ;
#117 = CARTESIAN_POINT ( 'NONE',  ( 344.6027176458941881, 145.6194142555692110, -22.00000000000000355 ) ) ;
#118 = CARTESIAN_POINT ( 'NONE',  ( 341.8176080111219903, 206.3780000000000143, -5.000000000000000000 ) ) ;
#119 = CARTESIAN_POINT ( 'NONE',  ( 341.8176080111219903, 206.3780000000000143, -3.500000000000000000 ) ) ;
#120 = CARTESIAN_POINT ( 'NONE',  ( 263.3990014167189884, 197.3783112489269911, -5.000000000000000000 ) ) ;
#121 = VECTOR ( 'NONE', #3889, 1000.000000000000227 ) ;
#122 = ORIENTED_EDGE ( 'NONE', *, *, #147, .T. ) ;
#123 = CARTESIAN_POINT ( 'NONE',  ( 298.7989764234059749, 123.1783006800139901, 0.6497013181468069831 ) ) ;
#124 = DIRECTION ( 'NONE',  ( -1.000000000000000000, -5.757630767489790149E-14, 0.000000000000000000 ) ) ;
#125 = AXIS2_PLACEMENT_3D ( 'NONE', #633, #4057, #677 ) ;
#126 = FACE_OUTER_BOUND ( 'NONE', #1900, .T. ) ;
#127 = EDGE_CURVE ( 'NONE', #2861, #3266, #2367, .T. ) ;
#128 = ORIENTED_EDGE ( 'NONE', *, *, #581, .F. ) ;
#129 = ORIENTED_EDGE ( 'NONE', *, *, #2962, .T. ) ;
#130 = AXIS2_PLACEMENT_3D ( 'NONE', #838, #1168, #1567 ) ;
#131 = LINE ( 'NONE', #1171, #3860 ) ;
#132 = EDGE_LOOP ( 'NONE', ( #909, #3254, #4148, #2902 ) ) ;
#133 = CARTESIAN_POINT ( 'NONE',  ( 261.1935086340710086, 203.6783008473059908, -5.000000000000000000 ) ) ;
#134 = LINE ( 'NONE', #779, #727 ) ;
#135 = DIRECTION ( 'NONE',  ( 0.7071067811865483499, 0.000000000000000000, -0.7071067811865469066 ) ) ;
#136 = CARTESIAN_POINT ( 'NONE',  ( 339.1526929533699786, 210.4782842208930163, -22.00000000000000000 ) ) ;
#137 = ADVANCED_FACE ( 'NONE', ( #2344 ), #3656, .T. ) ;
#138 = FACE_OUTER_BOUND ( 'NONE', #3702, .T. ) ;
#139 = PLANE ( 'NONE',  #832 ) ;
#140 = EDGE_LOOP ( 'NONE', ( #844, #3699, #1557, #520 ) ) ;
#141 = EDGE_LOOP ( 'NONE', ( #1345, #4260, #2039, #2523, #4001, #3193 ) ) ;
#142 = CARTESIAN_POINT ( 'NONE',  ( 344.6027176458941881, 191.7225491000616557, -25.00000000000000000 ) ) ;
#143 = DIRECTION ( 'NONE',  ( -0.9999999999999209521, -3.975695921796519110E-07, 0.000000000000000000 ) ) ;
#144 = EDGE_CURVE ( 'NONE', #1491, #3430, #1973, .T. ) ;
#145 = FACE_OUTER_BOUND ( 'NONE', #3569, .T. ) ;
#146 = ORIENTED_EDGE ( 'NONE', *, *, #1820, .F. ) ;
#147 = EDGE_CURVE ( 'NONE', #3670, #2266, #3365, .T. ) ;
#148 = VERTEX_POINT ( 'NONE', #2038 ) ;
#149 = DIRECTION ( 'NONE',  ( 0.000000000000000000, 0.000000000000000000, 1.000000000000000000 ) ) ;
#150 = ORIENTED_EDGE ( 'NONE', *, *, #2716, .F. ) ;
#151 = ORIENTED_EDGE ( 'NONE', *, *, #115, .F. ) ;
#152 = CARTESIAN_POINT ( 'NONE',  ( 265.3990014167189884, 197.3783098338300022, -5.000000000000000000 ) ) ;
#153 = ADVANCED_FACE ( 'NONE', ( #4398 ), #1704, .F. ) ;
#154 = DIRECTION ( 'NONE',  ( -3.952626475105270668E-15, 0.000000000000000000, -1.000000000000000000 ) ) ;
#155 = CARTESIAN_POINT ( 'NONE',  ( 339.1526929533699786, 207.7282842208930163, -22.00000000000000000 ) ) ;
#156 = EDGE_CURVE ( 'NONE', #3240, #4342, #2303, .T. ) ;
#157 = CARTESIAN_POINT ( 'NONE',  ( 257.2977337495219672, 128.6282870831260254, -22.00000000000000000 ) ) ;
#158 = CYLINDRICAL_SURFACE ( 'NONE', #57, 2.000000000000001776 ) ;
#159 = VERTEX_POINT ( 'NONE', #1346 ) ;
#160 = EDGE_LOOP ( 'NONE', ( #1413, #3677, #3560, #635 ) ) ;
#161 = DIRECTION ( 'NONE',  ( 0.7071066406246574454, 0.7071069217484095004, 0.000000000000000000 ) ) ;
#162 = VECTOR ( 'NONE', #225, 1000.000000000000000 ) ;
#163 = EDGE_CURVE ( 'NONE', #3368, #60, #283, .T. ) ;
#164 = LINE ( 'NONE', #3581, #2090 ) ;
#165 = AXIS2_PLACEMENT_3D ( 'NONE', #1068, #3441, #4119 ) ;
#166 = EDGE_CURVE ( 'NONE', #3572, #3480, #2324, .T. ) ;
#167 = EDGE_CURVE ( 'NONE', #4400, #3873, #1186, .T. ) ;
#168 = VECTOR ( 'NONE', #3410, 1000.000000000000000 ) ;
#169 = CARTESIAN_POINT ( 'NONE',  ( 304.7990274744070121, 123.1783030654479916, -5.000000000000000000 ) ) ;
#170 = ORIENTED_EDGE ( 'NONE', *, *, #1859, .F. ) ;
#171 = VERTEX_POINT ( 'NONE', #1991 ) ;
#172 = DIRECTION ( 'NONE',  ( -3.068063123728438235E-06, -0.9999999999952934315, 0.000000000000000000 ) ) ;
#173 = AXIS2_PLACEMENT_3D ( 'NONE', #2851, #3898, #189 ) ;
#174 = VECTOR ( 'NONE', #3072, 1000.000000000000000 ) ;
#175 = ORIENTED_EDGE ( 'NONE', *, *, #3580, .T. ) ;
#176 = ORIENTED_EDGE ( 'NONE', *, *, #4108, .T. ) ;
#177 = EDGE_LOOP ( 'NONE', ( #2495, #1364, #1393, #1624 ) ) ;
#178 = FACE_OUTER_BOUND ( 'NONE', #4323, .T. ) ;
#179 = VECTOR ( 'NONE', #2482, 1000.000000000000114 ) ;
#180 = ORIENTED_EDGE ( 'NONE', *, *, #1466, .T. ) ;
#181 = EDGE_CURVE ( 'NONE', #2919, #1625, #352, .T. ) ;
#182 = EDGE_LOOP ( 'NONE', ( #3949, #2457, #1348, #2926 ) ) ;
#183 = CARTESIAN_POINT ( 'NONE',  ( 344.6027265677790297, 123.1783188901650021, 0.000000000000000000 ) ) ;
#184 = DIRECTION ( 'NONE',  ( 0.000000000000000000, 0.000000000000000000, -1.000000000000000000 ) ) ;
#185 = DIRECTION ( 'NONE',  ( 0.000000000000000000, 0.000000000000000000, 1.000000000000000000 ) ) ;
#186 = VERTEX_POINT ( 'NONE', #2394 ) ;
#187 = ORIENTED_EDGE ( 'NONE', *, *, #1771, .T. ) ;
#188 = PLANE ( 'NONE',  #657 ) ;
#189 = DIRECTION ( 'NONE',  ( -0.9999999999999209521, -3.975695772595679858E-07, 0.000000000000000000 ) ) ;
#190 = VECTOR ( 'NONE', #3880, 1000.000000000000227 ) ;
#191 = CARTESIAN_POINT ( 'NONE',  ( 260.3990000016229942, 126.2528337412450128, 0.000000000000000000 ) ) ;
#192 = ORIENTED_EDGE ( 'NONE', *, *, #2237, .T. ) ;
#193 = ORIENTED_EDGE ( 'NONE', *, *, #1605, .T. ) ;
#194 = CIRCLE ( 'NONE', #2320, 2.196999999999948994 ) ;
#195 = DIRECTION ( 'NONE',  ( 1.465474179068250959E-12, 1.000000000000000000, 0.000000000000000000 ) ) ;
#196 = VERTEX_POINT ( 'NONE', #3338 ) ;
#197 = ORIENTED_EDGE ( 'NONE', *, *, #3580, .F. ) ;
#198 = DIRECTION ( 'NONE',  ( 0.9999999999999208411, 3.975690048800169588E-07, 0.000000000000000000 ) ) ;
#200 = EDGE_CURVE ( 'NONE', #1125, #3555, #1367, .T. ) ;
#199 = ORIENTED_EDGE ( 'NONE', *, *, #1673, .T. ) ;
#201 = VERTEX_POINT ( 'NONE', #4083 ) ;
#202 = DIRECTION ( 'NONE',  ( 0.000000000000000000, 0.000000000000000000, 1.000000000000000000 ) ) ;
#203 = DIRECTION ( 'NONE',  ( -0.9999999999952935426, 3.068063101763791828E-06, 0.000000000000000000 ) ) ;
#204 = VERTEX_POINT ( 'NONE', #4376 ) ;
#205 = DIRECTION ( 'NONE',  ( -1.000000000000000000, 0.000000000000000000, 0.000000000000000000 ) ) ;
#206 = ORIENTED_EDGE ( 'NONE', *, *, #485, .F. ) ;
#207 = ORIENTED_EDGE ( 'NONE', *, *, #1555, .T. ) ;
#208 = CARTESIAN_POINT ( 'NONE',  ( 341.9027234966480364, 128.6283155986120050, -22.00000000000000000 ) ) ;
#209 = FACE_OUTER_BOUND ( 'NONE', #2058, .T. ) ;
#210 = DIRECTION ( 'NONE',  ( 0.7071066406246574454, 0.7071069217484095004, 0.000000000000000000 ) ) ;
#212 = EDGE_CURVE ( 'NONE', #3654, #1639, #1038, .T. ) ;
#211 = ORIENTED_EDGE ( 'NONE', *, *, #3479, .F. ) ;
#213 = ORIENTED_EDGE ( 'NONE', *, *, #2665, .T. ) ;
#214 = EDGE_CURVE ( 'NONE', #3875, #2550, #414, .T. ) ;
#215 = VERTEX_POINT ( 'NONE', #3815 ) ;
#216 = ORIENTED_EDGE ( 'NONE', *, *, #2797, .T. ) ;
#217 = VERTEX_POINT ( 'NONE', #395 ) ;
#218 = DIRECTION ( 'NONE',  ( 0.000000000000000000, 0.000000000000000000, -1.000000000000000000 ) ) ;
#219 = DIRECTION ( 'NONE',  ( 0.9999999999999209521, 3.975690058524630336E-07, 0.000000000000000000 ) ) ;
#220 = EDGE_CURVE ( 'NONE', #2210, #4266, #2128, .T. ) ;
#221 = EDGE_CURVE ( 'NONE', #3865, #3859, #760, .T. ) ;
#222 = EDGE_LOOP ( 'NONE', ( #2206, #262, #249, #3561, #1286, #1636, #3013 ) ) ;
#223 = ORIENTED_EDGE ( 'NONE', *, *, #2341, .F. ) ;
#224 = CARTESIAN_POINT ( 'NONE',  ( 309.7989928075899684, 190.6782839424210181, -17.00000000000000000 ) ) ;
#225 = DIRECTION ( 'NONE',  ( 0.000000000000000000, 0.000000000000000000, -1.000000000000000000 ) ) ;
#226 = DIRECTION ( 'NONE',  ( -1.000000000000000000, -5.828670879281742661E-13, 0.000000000000000000 ) ) ;
#227 = ORIENTED_EDGE ( 'NONE', *, *, #4245, .F. ) ;
#228 = ORIENTED_EDGE ( 'NONE', *, *, #1195, .F. ) ;
#229 = DIRECTION ( 'NONE',  ( 0.000000000000000000, 0.000000000000000000, 1.000000000000000000 ) ) ;
#230 = PLANE ( 'NONE',  #1950 ) ;
#231 = FACE_OUTER_BOUND ( 'NONE', #4285, .T. ) ;
#232 = ORIENTED_EDGE ( 'NONE', *, *, #2072, .F. ) ;
#233 = ORIENTED_EDGE ( 'NONE', *, *, #2779, .F. ) ;
#234 = VECTOR ( 'NONE', #3866, 1000.000000000000000 ) ;
#235 = VECTOR ( 'NONE', #2274, 1000.000000000000227 ) ;
#236 = APPROVAL_PERSON_ORGANIZATION ( #3372, #1816, #3683 ) ;
#237 = CIRCLE ( 'NONE', #731, 2.000000000000112799 ) ;
#238 = ORIENTED_EDGE ( 'NONE', *, *, #4288, .F. ) ;
#239 = ORIENTED_EDGE ( 'NONE', *, *, #3110, .T. ) ;
#240 = ORIENTED_EDGE ( 'NONE', *, *, #2339, .F. ) ;
#241 = CC_DESIGN_PERSON_AND_ORGANIZATION_ASSIGNMENT ( #482, #4177, ( #3931 ) ) ;
#242 = DIRECTION ( 'NONE',  ( 1.000000000000000000, 0.000000000000000000, 0.000000000000000000 ) ) ;
#243 = LINE ( 'NONE', #3613, #1944 ) ;
#244 = AXIS2_PLACEMENT_3D ( 'NONE', #1424, #3089, #800 ) ;
#245 = AXIS2_PLACEMENT_3D ( 'NONE', #2098, #2003, #1401 ) ;
#246 = VERTEX_POINT ( 'NONE', #3765 ) ;
#247 = VECTOR ( 'NONE', #398, 1000.000000000000000 ) ;
#248 = AXIS2_PLACEMENT_3D ( 'NONE', #2282, #2684, #995 ) ;
#249 = ORIENTED_EDGE ( 'NONE', *, *, #991, .T. ) ;
#250 = DIRECTION ( 'NONE',  ( 0.000000000000000000, 0.000000000000000000, -1.000000000000000000 ) ) ;
#251 = LINE ( 'NONE', #3263, #2715 ) ;
#252 = EDGE_CURVE ( 'NONE', #1039, #3865, #2414, .T. ) ;
#253 = EDGE_CURVE ( 'NONE', #1705, #1214, #1333, .T. ) ;
#254 = AXIS2_PLACEMENT_3D ( 'NONE', #801, #92, #4162 ) ;
#255 = ORIENTED_EDGE ( 'NONE', *, *, #2011, .F. ) ;
#256 = CARTESIAN_POINT ( 'NONE',  ( 260.3990000016229942, 126.2528337412450128, -3.500000000000000000 ) ) ;
#257 = ORIENTED_EDGE ( 'NONE', *, *, #2124, .T. ) ;
#258 = ORIENTED_EDGE ( 'NONE', *, *, #2900, .F. ) ;
#259 = CARTESIAN_POINT ( 'NONE',  ( 254.5977337495189943, 208.1782842209000250, 0.000000000000000000 ) ) ;
#260 = DIRECTION ( 'NONE',  ( -1.000000000000000000, 0.000000000000000000, 0.000000000000000000 ) ) ;
#261 = DIRECTION ( 'NONE',  ( 2.220446049250280517E-13, 1.000000000000000000, 0.000000000000000000 ) ) ;
#262 = ORIENTED_EDGE ( 'NONE', *, *, #3896, .T. ) ;
#263 = VERTEX_POINT ( 'NONE', #2083 ) ;
#264 = ADVANCED_FACE ( 'NONE', ( #1753 ), #1767, .T. ) ;
#265 = DIRECTION ( 'NONE',  ( -3.975690065781679873E-07, 0.9999999999999209521, 0.000000000000000000 ) ) ;
#266 = VERTEX_POINT ( 'NONE', #2432 ) ;
#267 = EDGE_LOOP ( 'NONE', ( #2102, #1267, #528, #128, #715, #258, #1394, #211, #2356, #1498 ) ) ;
#268 = AXIS2_PLACEMENT_3D ( 'NONE', #2892, #448, #3916 ) ;
#269 = DIRECTION ( 'NONE',  ( 0.000000000000000000, 0.000000000000000000, -1.000000000000000000 ) ) ;
#270 = LINE ( 'NONE', #1603, #3855 ) ;
#271 = VECTOR ( 'NONE', #1480, 1000.000000000000114 ) ;
#272 = ORIENTED_EDGE ( 'NONE', *, *, #319, .F. ) ;
#273 = VERTEX_POINT ( 'NONE', #743 ) ;
#274 = CARTESIAN_POINT ( 'NONE',  ( 341.7959928075899825, 128.1782842209209718, -25.00000000000000000 ) ) ;
#275 = CYLINDRICAL_SURFACE ( 'NONE', #4206, 4.999999999999980460 ) ;
#276 = DIRECTION ( 'NONE',  ( -3.975690058647770398E-07, 0.9999999999999210631, 0.000000000000000000 ) ) ;
#277 = ORIENTED_EDGE ( 'NONE', *, *, #13, .F. ) ;
#278 = DIRECTION ( 'NONE',  ( 0.000000000000000000, -1.000000000000000000, 0.000000000000000000 ) ) ;
#279 = CARTESIAN_POINT ( 'NONE',  ( 299.6002301586469798, 168.1782836639370089, -5.000000000000000000 ) ) ;
#280 = EDGE_CURVE ( 'NONE', #3075, #1939, #3166, .T. ) ;
#281 = DIRECTION ( 'NONE',  ( -1.110223024625155594E-14, -1.000000000000000000, 0.000000000000000000 ) ) ;
#282 = ORIENTED_EDGE ( 'NONE', *, *, #3524, .T. ) ;
#283 = LINE ( 'NONE', #3994, #619 ) ;
#284 = ORIENTED_EDGE ( 'NONE', *, *, #104, .F. ) ;
#285 = ORIENTED_EDGE ( 'NONE', *, *, #1786, .F. ) ;
#286 = CARTESIAN_POINT ( 'NONE',  ( 341.8989664093870715, 192.3779999999999859, -5.000000000000000000 ) ) ;
#287 = EDGE_CURVE ( 'NONE', #415, #171, #770, .T. ) ;
#288 = VERTEX_POINT ( 'NONE', #4147 ) ;
#289 = ORIENTED_EDGE ( 'NONE', *, *, #3196, .F. ) ;
#290 = DIRECTION ( 'NONE',  ( -0.000000000000000000, 1.000000000000000000, 0.000000000000000000 ) ) ;
#291 = CARTESIAN_POINT ( 'NONE',  ( 344.6027176458941881, 191.7225491000616557, -22.00000000000000355 ) ) ;
#292 = DIRECTION ( 'NONE',  ( 0.000000000000000000, 0.000000000000000000, -1.000000000000000000 ) ) ;
#293 = ADVANCED_FACE ( 'NONE', ( #1104 ), #64, .T. ) ;
#294 = EDGE_CURVE ( 'NONE', #3698, #3368, #694, .T. ) ;
#295 = LINE ( 'NONE', #4367, #3076 ) ;
#296 = ORIENTED_EDGE ( 'NONE', *, *, #3595, .T. ) ;
#297 = FACE_OUTER_BOUND ( 'NONE', #2140, .T. ) ;
#298 = DIRECTION ( 'NONE',  ( -0.9999999999999209521, -3.975689611772169435E-07, 0.000000000000000000 ) ) ;
#299 = PLANE ( 'NONE',  #1178 ) ;
#300 = ORIENTED_EDGE ( 'NONE', *, *, #20, .F. ) ;
#301 = ADVANCED_FACE ( 'NONE', ( #106 ), #2808, .T. ) ;
#302 = ADVANCED_FACE ( 'NONE', ( #1146 ), #3837, .F. ) ;
#303 = EDGE_CURVE ( 'NONE', #4032, #2345, #4125, .T. ) ;
#304 = DIRECTION ( 'NONE',  ( 0.000000000000000000, 1.000000000000000000, 0.000000000000000000 ) ) ;
#305 = ORIENTED_EDGE ( 'NONE', *, *, #2009, .T. ) ;
#306 = ORIENTED_EDGE ( 'NONE', *, *, #1086, .T. ) ;
#307 = CARTESIAN_POINT ( 'NONE',  ( 341.9026938479009914, 205.4782862087400019, 0.000000000000000000 ) ) ;
#308 = APPROVAL_DATE_TIME ( #654, #1816 ) ;
#309 = CIRCLE ( 'NONE', #1300, 4.999999999999992895 ) ;
#310 = AXIS2_PLACEMENT_3D ( 'NONE', #321, #3107, #1423 ) ;
#311 = AXIS2_PLACEMENT_3D ( 'NONE', #2594, #1575, #1627 ) ;
#312 = EDGE_LOOP ( 'NONE', ( #3239, #2079 ) ) ;
#313 = DIRECTION ( 'NONE',  ( -3.068063094640208319E-06, -0.9999999999952934315, 0.000000000000000000 ) ) ;
#314 = CARTESIAN_POINT ( 'NONE',  ( 336.9026938479009914, 210.4782842208930163, 0.000000000000000000 ) ) ;
#315 = CIRCLE ( 'NONE', #384, 5.000000000000011546 ) ;
#316 = AXIS2_PLACEMENT_3D ( 'NONE', #1893, #3243, #205 ) ;
#317 = CARTESIAN_POINT ( 'NONE',  ( 341.7959928075899825, 145.6194142555692110, -22.00000000000000355 ) ) ;
#318 = VECTOR ( 'NONE', #1790, 1000.000000000000114 ) ;
#319 = EDGE_CURVE ( 'NONE', #526, #1725, #3452, .T. ) ;
#320 = ORIENTED_EDGE ( 'NONE', *, *, #362, .T. ) ;
#321 = CARTESIAN_POINT ( 'NONE',  ( 335.7740057619919867, 204.3780000000000143, -5.000000000000000000 ) ) ;
#322 = DIRECTION ( 'NONE',  ( -6.661337997163910399E-16, 1.000000000000000000, -1.505870270290694838E-23 ) ) ;
#323 = CIRCLE ( 'NONE', #2941, 2.750000000000002665 ) ;
#324 = DIRECTION ( 'NONE',  ( 0.000000000000000000, 0.000000000000000000, 1.000000000000000000 ) ) ;
#325 = ORIENTED_EDGE ( 'NONE', *, *, #2809, .F. ) ;
#326 = DIRECTION ( 'NONE',  ( -3.975690035241859844E-07, 0.9999999999999208411, 0.000000000000000000 ) ) ;
#327 = ORIENTED_EDGE ( 'NONE', *, *, #4028, .T. ) ;
#328 = VERTEX_POINT ( 'NONE', #2061 ) ;
#329 = DIRECTION ( 'NONE',  ( -0.9999999999999208411, -3.975689644130508851E-07, 0.000000000000000000 ) ) ;
#330 = DIRECTION ( 'NONE',  ( 0.000000000000000000, 0.000000000000000000, 1.000000000000000000 ) ) ;
#331 = DATE_AND_TIME ( #1665, #4209 ) ;
#332 = CIRCLE ( 'NONE', #2807, 2.000000000000029310 ) ;
#333 = ADVANCED_FACE ( 'NONE', ( #126 ), #4191, .T. ) ;
#334 = VECTOR ( 'NONE', #2467, 1000.000000000000000 ) ;
#335 = ORIENTED_EDGE ( 'NONE', *, *, #4364, .F. ) ;
#336 = LINE ( 'NONE', #937, #1157 ) ;
#337 = FACE_OUTER_BOUND ( 'NONE', #2927, .T. ) ;
#338 = PLANE ( 'NONE',  #88 ) ;
#339 = VECTOR ( 'NONE', #2724, 1000.000000000000000 ) ;
#340 = DIRECTION ( 'NONE',  ( 3.975690035241859844E-07, -0.9999999999999208411, 0.000000000000000000 ) ) ;
#341 = ADVANCED_FACE ( 'NONE', ( #1833 ), #543, .T. ) ;
#342 = EDGE_CURVE ( 'NONE', #82, #1073, #4175, .T. ) ;
#343 = CARTESIAN_POINT ( 'NONE',  ( 259.5983674204360341, 208.1782952613550037, -22.00000000000000000 ) ) ;
#344 = ORIENTED_EDGE ( 'NONE', *, *, #2281, .F. ) ;
#345 = FACE_OUTER_BOUND ( 'NONE', #1572, .T. ) ;
#346 = DIRECTION ( 'NONE',  ( 0.000000000000000000, 0.000000000000000000, -1.000000000000000000 ) ) ;
#347 = CARTESIAN_POINT ( 'NONE',  ( 340.0446805644589858, 210.3296027522650036, -22.00000000000000000 ) ) ;
#348 = EDGE_LOOP ( 'NONE', ( #344, #207, #872, #3680 ) ) ;
#349 = FACE_OUTER_BOUND ( 'NONE', #132, .T. ) ;
#350 = EDGE_CURVE ( 'NONE', #3430, #3234, #3250, .T. ) ;
#351 = EDGE_CURVE ( 'NONE', #925, #3480, #3554, .T. ) ;
#352 = LINE ( 'NONE', #2681, #2250 ) ;
#353 = ORIENTED_EDGE ( 'NONE', *, *, #3764, .F. ) ;
#354 = ORIENTED_EDGE ( 'NONE', *, *, #1588, .T. ) ;
#355 = FACE_OUTER_BOUND ( 'NONE', #4248, .T. ) ;
#356 = FACE_OUTER_BOUND ( 'NONE', #2979, .T. ) ;
#357 = ADVANCED_FACE ( 'NONE', ( #231 ), #1523, .T. ) ;
#358 = EDGE_CURVE ( 'NONE', #634, #3901, #478, .T. ) ;
#359 = ORIENTED_EDGE ( 'NONE', *, *, #167, .T. ) ;
#360 = CARTESIAN_POINT ( 'NONE',  ( 289.3989928075899911, 210.3752842209040068, -17.00000000000000000 ) ) ;
#361 = CARTESIAN_POINT ( 'NONE',  ( 341.8989928075779972, 131.5792914133139675, -3.500000000000000000 ) ) ;
#362 = EDGE_CURVE ( 'NONE', #3550, #659, #3962, .T. ) ;
#363 = DIRECTION ( 'NONE',  ( 0.000000000000000000, 0.000000000000000000, -1.000000000000000000 ) ) ;
#364 = DIRECTION ( 'NONE',  ( 0.000000000000000000, 0.000000000000000000, 1.000000000000000000 ) ) ;
#365 = ORIENTED_EDGE ( 'NONE', *, *, #2654, .F. ) ;
#366 = CARTESIAN_POINT ( 'NONE',  ( 265.3990014167189884, 197.3783098338300022, -5.000000000000000000 ) ) ;
#367 = LINE ( 'NONE', #508, #2033 ) ;
#368 = DIRECTION ( 'NONE',  ( 0.000000000000000000, 0.000000000000000000, -1.000000000000000000 ) ) ;
#369 = CARTESIAN_POINT ( 'NONE',  ( 341.9027244011109588, 128.6283178167049925, 0.000000000000000000 ) ) ;
#370 = VERTEX_POINT ( 'NONE', #1187 ) ;
#371 = ORIENTED_EDGE ( 'NONE', *, *, #4099, .F. ) ;
#372 = DIRECTION ( 'NONE',  ( 0.000000000000000000, 0.000000000000000000, 1.000000000000000000 ) ) ;
#373 = DIRECTION ( 'NONE',  ( 0.9999999999999209521, 3.975690054947014100E-07, 0.000000000000000000 ) ) ;
#374 =( NAMED_UNIT ( * ) PLANE_ANGLE_UNIT ( ) SI_UNIT ( $, .RADIAN. ) );
#375 = EDGE_CURVE ( 'NONE', #3271, #3602, #2878, .T. ) ;
#376 = AXIS2_PLACEMENT_3D ( 'NONE', #624, #2891, #1248 ) ;
#377 = PLANE ( 'NONE',  #2586 ) ;
#378 = DIRECTION ( 'NONE',  ( 0.000000000000000000, -1.000000000000000000, 0.000000000000000000 ) ) ;
#379 = VECTOR ( 'NONE', #391, 1000.000000000000000 ) ;
#380 = DIRECTION ( 'NONE',  ( -0.9999999999999209521, -3.975690035241860373E-07, -2.325074397120750120E-16 ) ) ;
#381 = LOCAL_TIME ( 18, 22, 4.000000000000000000, #2837 ) ;
#382 = DIRECTION ( 'NONE',  ( 1.000000000000000000, 0.000000000000000000, 0.000000000000000000 ) ) ;
#383 = ORIENTED_EDGE ( 'NONE', *, *, #3393, .F. ) ;
#384 = AXIS2_PLACEMENT_3D ( 'NONE', #4046, #600, #2332 ) ;
#385 = AXIS2_PLACEMENT_3D ( 'NONE', #835, #516, #2476 ) ;
#386 = DIRECTION ( 'NONE',  ( -7.027379841795380292E-14, -1.000000000000000000, 0.000000000000000000 ) ) ;
#387 = AXIS2_PLACEMENT_3D ( 'NONE', #1743, #1114, #1803 ) ;
#388 = VECTOR ( 'NONE', #1321, 1000.000000000000000 ) ;
#389 = LINE ( 'NONE', #3091, #3520 ) ;
#390 = ORIENTED_EDGE ( 'NONE', *, *, #3546, .T. ) ;
#391 = DIRECTION ( 'NONE',  ( -6.277700872225521044E-15, -2.495819288705310352E-21, -1.000000000000000000 ) ) ;
#392 = DIRECTION ( 'NONE',  ( 0.000000000000000000, 0.000000000000000000, 1.000000000000000000 ) ) ;
#393 = VECTOR ( 'NONE', #1863, 1000.000000000000000 ) ;
#394 = ADVANCED_FACE ( 'NONE', ( #3227 ), #904, .T. ) ;
#395 = CARTESIAN_POINT ( 'NONE',  ( 254.5977337495189943, 208.1782842209000250, -25.00000000000000000 ) ) ;
#396 = ORIENTED_EDGE ( 'NONE', *, *, #3834, .T. ) ;
#397 = ORIENTED_EDGE ( 'NONE', *, *, #3255, .F. ) ;
#398 = DIRECTION ( 'NONE',  ( 1.000000000000000000, 0.000000000000000000, 0.000000000000000000 ) ) ;
#399 = DIRECTION ( 'NONE',  ( 0.000000000000000000, 0.000000000000000000, 1.000000000000000000 ) ) ;
#400 = APPROVAL_STATUS ( 'not_yet_approved' ) ;
#401 = LINE ( 'NONE', #2463, #179 ) ;
#402 = DIRECTION ( 'NONE',  ( 0.7071067811865753283, 0.000000000000000000, -0.7071067811865198172 ) ) ;
#403 = DIRECTION ( 'NONE',  ( 0.000000000000000000, 1.000000000000000000, 0.000000000000000000 ) ) ;
#404 = AXIS2_PLACEMENT_3D ( 'NONE', #562, #3515, #2915 ) ;
#405 = DIRECTION ( 'NONE',  ( -3.952626475105270668E-15, 0.000000000000000000, -1.000000000000000000 ) ) ;
#406 = DIRECTION ( 'NONE',  ( -1.000000000000000000, 6.167564153470840486E-16, -0.000000000000000000 ) ) ;
#407 = CARTESIAN_POINT ( 'NONE',  ( 344.6027176458948134, 145.6194142555691542, -25.00000000000000000 ) ) ;
#408 = VECTOR ( 'NONE', #466, 1000.000000000000114 ) ;
#409 = CARTESIAN_POINT ( 'NONE',  ( 339.6027245799340335, 128.1783169023200060, 0.000000000000000000 ) ) ;
#410 = EDGE_LOOP ( 'NONE', ( #2647, #2783, #176, #232 ) ) ;
#411 = DIRECTION ( 'NONE',  ( 1.000000000000000000, -3.903000942678450537E-15, 0.000000000000000000 ) ) ;
#412 = EDGE_CURVE ( 'NONE', #2596, #2983, #3205, .T. ) ;
#413 = DIRECTION ( 'NONE',  ( 0.9999999999999209521, 3.975690054947014100E-07, 0.000000000000000000 ) ) ;
#414 = LINE ( 'NONE', #3116, #2815 ) ;
#415 = VERTEX_POINT ( 'NONE', #3899 ) ;
#416 = VERTEX_POINT ( 'NONE', #857 ) ;
#417 = CARTESIAN_POINT ( 'NONE',  ( 259.5989928075899797, 128.1782842209040041, -22.00000000000000000 ) ) ;
#418 = EDGE_CURVE ( 'NONE', #1705, #963, #501, .T. ) ;
#419 = DIRECTION ( 'NONE',  ( 0.000000000000000000, -1.000000000000000000, 0.000000000000000000 ) ) ;
#420 = CARTESIAN_POINT ( 'NONE',  ( 309.7989928075899684, 210.3752842209040068, -22.00000000000000000 ) ) ;
#421 = LINE ( 'NONE', #70, #1451 ) ;
#422 = CARTESIAN_POINT ( 'NONE',  ( 287.7989779628339875, 123.1782963067559962, 0.6497013181468069831 ) ) ;
#423 = FACE_OUTER_BOUND ( 'NONE', #3783, .T. ) ;
#424 = FACE_BOUND ( 'NONE', #3657, .T. ) ;
#425 = LINE ( 'NONE', #3805, #3298 ) ;
#426 = ADVANCED_FACE ( 'NONE', ( #145 ), #2522, .F. ) ;
#427 = EDGE_CURVE ( 'NONE', #3967, #920, #2897, .T. ) ;
#428 = CARTESIAN_POINT ( 'NONE',  ( 341.9027176459681527, 145.6194131821328313, 0.000000000000000000 ) ) ;
#429 = DIRECTION ( 'NONE',  ( -1.000000000000000000, 0.000000000000000000, 0.000000000000000000 ) ) ;
#430 = EDGE_LOOP ( 'NONE', ( #3118, #3141, #916, #914, #3611, #1324 ) ) ;
#431 = DIRECTION ( 'NONE',  ( 1.130693106965140228E-14, 1.000000000000000000, 0.000000000000000000 ) ) ;
#432 = DIRECTION ( 'NONE',  ( 0.000000000000000000, 0.000000000000000000, -1.000000000000000000 ) ) ;
#433 = DIRECTION ( 'NONE',  ( -3.975689140323568807E-07, 0.9999999999999208411, 0.000000000000000000 ) ) ;
#434 = CARTESIAN_POINT ( 'NONE',  ( 329.5989950341020176, 129.5792914133149907, -3.500000000000000000 ) ) ;
#435 = ORIENTED_EDGE ( 'NONE', *, *, #3110, .F. ) ;
#436 = ORIENTED_EDGE ( 'NONE', *, *, #2201, .T. ) ;
#437 = LINE ( 'NONE', #1461, #318 ) ;
#438 = EDGE_CURVE ( 'NONE', #920, #1961, #3587, .T. ) ;
#439 = EDGE_CURVE ( 'NONE', #659, #4242, #1617, .T. ) ;
#440 = DIRECTION ( 'NONE',  ( -1.000000000000000000, 9.280617808538960303E-14, 0.000000000000000000 ) ) ;
#441 = CARTESIAN_POINT ( 'NONE',  ( 294.7990285887940445, 123.1782990897590082, -5.000000000000000000 ) ) ;
#442 = CARTESIAN_POINT ( 'NONE',  ( 334.5989928075509852, 123.1783149129909987, -22.00000000000000000 ) ) ;
#443 = DIRECTION ( 'NONE',  ( 1.000000000000000000, 0.000000000000000000, 0.000000000000000000 ) ) ;
#444 = FACE_OUTER_BOUND ( 'NONE', #1568, .T. ) ;
#445 = VECTOR ( 'NONE', #3810, 1000.000000000000227 ) ;
#446 = EDGE_CURVE ( 'NONE', #263, #4244, #1591, .T. ) ;
#447 = VECTOR ( 'NONE', #78, 1000.000000000000000 ) ;
#448 = DIRECTION ( 'NONE',  ( 0.000000000000000000, 0.000000000000000000, -1.000000000000000000 ) ) ;
#449 = VERTEX_POINT ( 'NONE', #4304 ) ;
#450 = LINE ( 'NONE', #142, #1301 ) ;
#451 = VECTOR ( 'NONE', #2372, 1000.000000000000114 ) ;
#452 = AXIS2_PLACEMENT_3D ( 'NONE', #3690, #2355, #643 ) ;
#453 = FACE_BOUND ( 'NONE', #1883, .T. ) ;
#454 = CARTESIAN_POINT ( 'NONE',  ( 261.1935086340710086, 203.6783008473059908, -5.000000000000000000 ) ) ;
#455 = VECTOR ( 'NONE', #3623, 1000.000000000000114 ) ;
#456 = CARTESIAN_POINT ( 'NONE',  ( 309.7989928075899684, 213.1782842209040041, -30.00000000000000000 ) ) ;
#457 = ORIENTED_EDGE ( 'NONE', *, *, #3043, .F. ) ;
#458 = CIRCLE ( 'NONE', #3792, 5.000000000000011546 ) ;
#459 = VERTEX_POINT ( 'NONE', #2189 ) ;
#460 = CARTESIAN_POINT ( 'NONE',  ( 339.1526929533699786, 207.7282842208930163, -22.00000000000000000 ) ) ;
#461 = VECTOR ( 'NONE', #1356, 1000.000000000000000 ) ;
#462 = ORIENTED_EDGE ( 'NONE', *, *, #350, .F. ) ;
#463 = CARTESIAN_POINT ( 'NONE',  ( 336.9026938479009914, 210.4782842208930163, 0.000000000000000000 ) ) ;
#464 = CARTESIAN_POINT ( 'NONE',  ( 254.5977337495879453, 191.7225491000616842, -22.00000000000000355 ) ) ;
#465 = EDGE_CURVE ( 'NONE', #171, #3684, #2854, .T. ) ;
#466 = DIRECTION ( 'NONE',  ( 3.068063094640208319E-06, 0.9999999999952934315, 0.000000000000000000 ) ) ;
#467 = DIRECTION ( 'NONE',  ( 0.000000000000000000, 0.000000000000000000, -1.000000000000000000 ) ) ;
#468 = LINE ( 'NONE', #1777, #2933 ) ;
#469 = DIRECTION ( 'NONE',  ( 1.000000000000000000, 0.000000000000000000, 0.000000000000000000 ) ) ;
#470 = EDGE_CURVE ( 'NONE', #2451, #898, #3383, .T. ) ;
#471 = ADVANCED_FACE ( 'NONE', ( #3653 ), #2678, .T. ) ;
#472 = DIRECTION ( 'NONE',  ( 1.000000000000000000, -4.139084792366800091E-14, 0.000000000000000000 ) ) ;
#473 = VERTEX_POINT ( 'NONE', #1988 ) ;
#474 = ORIENTED_EDGE ( 'NONE', *, *, #319, .T. ) ;
#475 = CARTESIAN_POINT ( 'NONE',  ( 256.0621998435847217, 211.7138181268352355, -25.00000000000000000 ) ) ;
#476 = CARTESIAN_POINT ( 'NONE',  ( 341.8989611935510311, 205.4973235846480009, -3.500000000000000000 ) ) ;
#477 = VECTOR ( 'NONE', #2632, 1000.000000000000000 ) ;
#478 = LINE ( 'NONE', #4236, #1475 ) ;
#479 = ORIENTED_EDGE ( 'NONE', *, *, #2497, .F. ) ;
#480 = VERTEX_POINT ( 'NONE', #3676 ) ;
#481 = FACE_OUTER_BOUND ( 'NONE', #2957, .T. ) ;
#482 = PERSON_AND_ORGANIZATION ( #855, #877 ) ;
#483 = EDGE_CURVE ( 'NONE', #1934, #2537, #4093, .T. ) ;
#484 = ORIENTED_EDGE ( 'NONE', *, *, #1405, .F. ) ;
#485 = EDGE_CURVE ( 'NONE', #416, #2615, #2175, .T. ) ;
#486 = LINE ( 'NONE', #4156, #234 ) ;
#487 = EDGE_CURVE ( 'NONE', #2993, #273, #631, .T. ) ;
#488 = CARTESIAN_POINT ( 'NONE',  ( 254.5977337495880022, 128.1782850948110024, 0.000000000000000000 ) ) ;
#489 = LINE ( 'NONE', #3181, #735 ) ;
#490 = CARTESIAN_POINT ( 'NONE',  ( 334.2039745797910086, 128.6332666870839887, -5.000000000000000000 ) ) ;
#491 = ADVANCED_FACE ( 'NONE', ( #4345 ), #299, .F. ) ;
#492 = ADVANCED_FACE ( 'NONE', ( #972 ), #2629, .T. ) ;
#493 = CARTESIAN_POINT ( 'NONE',  ( 259.5977337495190227, 213.1782842209040041, -25.00000000000000000 ) ) ;
#494 = ORIENTED_EDGE ( 'NONE', *, *, #3109, .T. ) ;
#495 = DIRECTION ( 'NONE',  ( -0.9999999999952935426, 3.068063094640211707E-06, 0.000000000000000000 ) ) ;
#496 = ORIENTED_EDGE ( 'NONE', *, *, #26, .T. ) ;
#497 = ORIENTED_EDGE ( 'NONE', *, *, #2852, .F. ) ;
#498 = DIRECTION ( 'NONE',  ( 0.7071067811864867325, 2.811237381772369052E-07, -0.7071067811865525687 ) ) ;
#499 = DIRECTION ( 'NONE',  ( 0.9999999999952935426, -3.068063123707831617E-06, 0.000000000000000000 ) ) ;
#500 = LINE ( 'NONE', #1850, #447 ) ;
#501 = LINE ( 'NONE', #191, #2607 ) ;
#502 = ORIENTED_EDGE ( 'NONE', *, *, #2765, .T. ) ;
#503 = ORIENTED_EDGE ( 'NONE', *, *, #2474, .T. ) ;
#504 = PLANE ( 'NONE',  #4072 ) ;
#505 = ORIENTED_EDGE ( 'NONE', *, *, #3709, .T. ) ;
#506 = EDGE_LOOP ( 'NONE', ( #1484, #2682, #3538, #2597 ) ) ;
#507 = DIRECTION ( 'NONE',  ( 0.000000000000000000, 0.000000000000000000, -1.000000000000000000 ) ) ;
#508 = CARTESIAN_POINT ( 'NONE',  ( 344.6026907865820021, 213.1782842209040041, 0.000000000000000000 ) ) ;
#509 = FACE_OUTER_BOUND ( 'NONE', #2943, .T. ) ;
#510 = CARTESIAN_POINT ( 'NONE',  ( 333.7740057619930099, 204.3780000000000143, -5.000000000000000000 ) ) ;
#511 = CARTESIAN_POINT ( 'NONE',  ( 339.1527244011119819, 128.6283167233879965, -5.000000000000000000 ) ) ;
#512 = ORIENTED_EDGE ( 'NONE', *, *, #483, .F. ) ;
#513 = ORIENTED_EDGE ( 'NONE', *, *, #2619, .T. ) ;
#514 = CARTESIAN_POINT ( 'NONE',  ( 343.1382598914851769, 124.6427844020062423, 0.000000000000000000 ) ) ;
#515 = VECTOR ( 'NONE', #1174, 1000.000000000000000 ) ;
#516 = DIRECTION ( 'NONE',  ( 3.975690048800170117E-07, -0.9999999999999209521, 0.000000000000000000 ) ) ;
#517 = CIRCLE ( 'NONE', #310, 2.000000000000057288 ) ;
#518 = CARTESIAN_POINT ( 'NONE',  ( 339.6027245799340335, 128.1783169023200060, 0.000000000000000000 ) ) ;
#519 = ORIENTED_EDGE ( 'NONE', *, *, #3637, .T. ) ;
#520 = ORIENTED_EDGE ( 'NONE', *, *, #1374, .F. ) ;
#521 = VECTOR ( 'NONE', #3391, 1000.000000000000000 ) ;
#522 = AXIS2_PLACEMENT_3D ( 'NONE', #2735, #29, #1383 ) ;
#523 = EDGE_CURVE ( 'NONE', #3882, #2618, #1679, .T. ) ;
#524 = VECTOR ( 'NONE', #3861, 1000.000000000000000 ) ;
#525 = CIRCLE ( 'NONE', #2793, 5.000000000000015987 ) ;
#526 = VERTEX_POINT ( 'NONE', #3028 ) ;
#527 = ORIENTED_EDGE ( 'NONE', *, *, #3038, .T. ) ;
#528 = ORIENTED_EDGE ( 'NONE', *, *, #2259, .T. ) ;
#529 = CARTESIAN_POINT ( 'NONE',  ( 264.5990010913569677, 213.1782842208920101, -22.00000000000000000 ) ) ;
#530 = CIRCLE ( 'NONE', #3295, 1.480499935150147994 ) ;
#531 = ORIENTED_EDGE ( 'NONE', *, *, #1220, .F. ) ;
#532 = ORIENTED_EDGE ( 'NONE', *, *, #1587, .F. ) ;
#533 = FACE_OUTER_BOUND ( 'NONE', #4331, .T. ) ;
#534 = FACE_OUTER_BOUND ( 'NONE', #3993, .T. ) ;
#535 = CARTESIAN_POINT ( 'NONE',  ( 259.5977357374330268, 123.1782850948160046, -25.00000000000000000 ) ) ;
#536 = EDGE_LOOP ( 'NONE', ( #3310, #2489, #4127, #1054, #228, #4357, #3251, #1050, #571, #3309, #3185, #192, #622, #2016 ) ) ;
#537 = ORIENTED_EDGE ( 'NONE', *, *, #4159, .F. ) ;
#538 = CIRCLE ( 'NONE', #3021, 5.000000000000004441 ) ;
#539 = CARTESIAN_POINT ( 'NONE',  ( 299.6002301586469798, 168.1782836639370089, -22.00000000000000000 ) ) ;
#540 = ADVANCED_FACE ( 'NONE', ( #1279 ), #4395, .F. ) ;
#541 = DIRECTION ( 'NONE',  ( 0.000000000000000000, 0.000000000000000000, 1.000000000000000000 ) ) ;
#542 = AXIS2_PLACEMENT_3D ( 'NONE', #3941, #4031, #605 ) ;
#543 = CYLINDRICAL_SURFACE ( 'NONE', #4392, 4.999999999999983125 ) ;
#544 = ORIENTED_EDGE ( 'NONE', *, *, #4113, .T. ) ;
#545 = EDGE_LOOP ( 'NONE', ( #4039, #11, #2631, #933 ) ) ;
#546 = ADVANCED_FACE ( 'NONE', ( #3718 ), #2297, .T. ) ;
#547 = EDGE_CURVE ( 'NONE', #3541, #702, #3991, .T. ) ;
#548 = ORIENTED_EDGE ( 'NONE', *, *, #2710, .F. ) ;
#549 = ORIENTED_EDGE ( 'NONE', *, *, #761, .F. ) ;
#550 = ORIENTED_EDGE ( 'NONE', *, *, #759, .F. ) ;
#551 = DIRECTION ( 'NONE',  ( 0.9999999999999208411, 3.975689644130508851E-07, 0.000000000000000000 ) ) ;
#552 = VERTEX_POINT ( 'NONE', #945 ) ;
#553 = ORIENTED_EDGE ( 'NONE', *, *, #84, .T. ) ;
#554 = DIRECTION ( 'NONE',  ( 1.000000000000000000, -3.083782076735418764E-16, 0.000000000000000000 ) ) ;
#555 = DIRECTION ( 'NONE',  ( 0.000000000000000000, 0.000000000000000000, 1.000000000000000000 ) ) ;
#556 = CARTESIAN_POINT ( 'NONE',  ( 339.5989928075869670, 210.3752842209040068, -22.00000000000000000 ) ) ;
#557 = ORIENTED_EDGE ( 'NONE', *, *, #2323, .T. ) ;
#558 = ORIENTED_EDGE ( 'NONE', *, *, #294, .F. ) ;
#559 = DIRECTION ( 'NONE',  ( 3.975690041881600240E-07, -0.9999999999999210631, 6.918569856557630267E-16 ) ) ;
#560 = DIRECTION ( 'NONE',  ( 0.000000000000000000, 0.000000000000000000, -1.000000000000000000 ) ) ;
#561 = PRODUCT_RELATED_PRODUCT_CATEGORY ( 'detail', '', ( #992 ) ) ;
#562 = CARTESIAN_POINT ( 'NONE',  ( 309.7990185291079683, 145.6782963859750168, -17.00000000000000000 ) ) ;
#563 = VERTEX_POINT ( 'NONE', #1010 ) ;
#564 = ORIENTED_EDGE ( 'NONE', *, *, #1070, .F. ) ;
#565 = DIRECTION ( 'NONE',  ( -0.7071067811868501085, 0.7071067811862449259, 0.000000000000000000 ) ) ;
#566 = VERTEX_POINT ( 'NONE', #347 ) ;
#567 = EDGE_CURVE ( 'NONE', #2239, #3480, #3049, .T. ) ;
#568 = ORIENTED_EDGE ( 'NONE', *, *, #1608, .F. ) ;
#569 = CARTESIAN_POINT ( 'NONE',  ( 335.6844745149411438, 128.6332666870839887, -3.500000000000000000 ) ) ;
#570 = CARTESIAN_POINT ( 'NONE',  ( 344.6026993167172918, 191.7225491000616557, -25.00000000000000000 ) ) ;
#571 = ORIENTED_EDGE ( 'NONE', *, *, #2202, .F. ) ;
#572 = ORIENTED_EDGE ( 'NONE', *, *, #3736, .T. ) ;
#573 = LINE ( 'NONE', #894, #2659 ) ;
#574 = LINE ( 'NONE', #1964, #3780 ) ;
#575 = ORIENTED_EDGE ( 'NONE', *, *, #3950, .F. ) ;
#576 = DIRECTION ( 'NONE',  ( 3.975690058647770398E-07, -0.9999999999999210631, 6.136089225424720449E-29 ) ) ;
#577 = EDGE_LOOP ( 'NONE', ( #4277, #575, #2762, #2898, #2564, #1272 ) ) ;
#578 = ORIENTED_EDGE ( 'NONE', *, *, #944, .F. ) ;
#579 = FACE_OUTER_BOUND ( 'NONE', #3373, .T. ) ;
#580 = CARTESIAN_POINT ( 'NONE',  ( 341.9027244011109588, 128.6283178167049925, -5.000000000000000000 ) ) ;
#581 = EDGE_CURVE ( 'NONE', #2210, #1481, #2275, .T. ) ;
#582 = CARTESIAN_POINT ( 'NONE',  ( 259.5977357374330268, 123.1782850948160046, 0.000000000000000000 ) ) ;
#583 = VERTEX_POINT ( 'NONE', #2655 ) ;
#584 = ORIENTED_EDGE ( 'NONE', *, *, #2397, .F. ) ;
#585 = VECTOR ( 'NONE', #2976, 1000.000000000000000 ) ;
#586 = VECTOR ( 'NONE', #1030, 1000.000000000000000 ) ;
#587 = VECTOR ( 'NONE', #620, 1000.000000000000000 ) ;
#588 = CARTESIAN_POINT ( 'NONE',  ( 339.5989928075869670, 125.9812842209049819, -22.00000000000000000 ) ) ;
#589 = ORIENTED_EDGE ( 'NONE', *, *, #4108, .F. ) ;
#590 = VECTOR ( 'NONE', #405, 1000.000000000000000 ) ;
#591 = ORIENTED_EDGE ( 'NONE', *, *, #1677, .T. ) ;
#592 = DIRECTION ( 'NONE',  ( -1.130693106965140228E-14, -1.000000000000000000, 0.000000000000000000 ) ) ;
#593 = CARTESIAN_POINT ( 'NONE',  ( 257.2977337495979668, 130.8782861682230134, 0.000000000000000000 ) ) ;
#594 = AXIS2_PLACEMENT_3D ( 'NONE', #33, #2076, #1385 ) ;
#595 = AXIS2_PLACEMENT_3D ( 'NONE', #3187, #143, #1495 ) ;
#596 = CARTESIAN_POINT ( 'NONE',  ( 339.1527254944259653, 125.8783167233890055, 0.000000000000000000 ) ) ;
#597 = VERTEX_POINT ( 'NONE', #582 ) ;
#598 = AXIS2_PLACEMENT_3D ( 'NONE', #2199, #3573, #135 ) ;
#599 = ORIENTED_EDGE ( 'NONE', *, *, #2779, .T. ) ;
#600 = DIRECTION ( 'NONE',  ( 0.000000000000000000, 0.000000000000000000, 1.000000000000000000 ) ) ;
#601 = LINE ( 'NONE', #291, #3220 ) ;
#602 = LINE ( 'NONE', #2049, #2217 ) ;
#603 = EDGE_CURVE ( 'NONE', #4378, #3233, #1946, .T. ) ;
#604 = VECTOR ( 'NONE', #2200, 1000.000000000000000 ) ;
#605 = DIRECTION ( 'NONE',  ( -1.000000000000000000, 1.539508534629319852E-13, 0.000000000000000000 ) ) ;
#606 = VERTEX_POINT ( 'NONE', #1747 ) ;
#607 = LINE ( 'NONE', #3065, #884 ) ;
#608 = CARTESIAN_POINT ( 'NONE',  ( 339.6026927744269983, 208.1782822330600027, -2.500000000000000000 ) ) ;
#609 = DIRECTION ( 'NONE',  ( -0.7071066406243563529, -0.7071069217487107039, 0.000000000000000000 ) ) ;
#610 = ORIENTED_EDGE ( 'NONE', *, *, #1932, .F. ) ;
#611 = AXIS2_PLACEMENT_3D ( 'NONE', #989, #324, #261 ) ;
#612 = DIRECTION ( 'NONE',  ( 0.000000000000000000, 0.000000000000000000, 1.000000000000000000 ) ) ;
#613 = ORIENTED_EDGE ( 'NONE', *, *, #2609, .F. ) ;
#614 = ORIENTED_EDGE ( 'NONE', *, *, #3247, .T. ) ;
#615 = AXIS2_PLACEMENT_3D ( 'NONE', #2488, #2846, #830 ) ;
#616 = EDGE_CURVE ( 'NONE', #2698, #4204, #367, .T. ) ;
#617 = CARTESIAN_POINT ( 'NONE',  ( 341.8989611935510311, 205.4973235846480009, -5.000000000000000000 ) ) ;
#618 = PERSON_AND_ORGANIZATION ( #855, #877 ) ;
#619 = VECTOR ( 'NONE', #4019, 1000.000000000000227 ) ;
#620 = DIRECTION ( 'NONE',  ( 0.000000000000000000, 0.000000000000000000, 1.000000000000000000 ) ) ;
#621 = ORIENTED_EDGE ( 'NONE', *, *, #3625, .T. ) ;
#622 = ORIENTED_EDGE ( 'NONE', *, *, #870, .F. ) ;
#623 = CARTESIAN_POINT ( 'NONE',  ( 302.1107490918180360, 123.1783019966720047, 0.000000000000000000 ) ) ;
#624 = CARTESIAN_POINT ( 'NONE',  ( 335.7740057619919867, 204.3780000000000143, -3.500000000000000000 ) ) ;
#625 = EDGE_CURVE ( 'NONE', #1097, #563, #2532, .T. ) ;
#626 = DIRECTION ( 'NONE',  ( 0.9999999999999209521, 3.975690097564840508E-07, 1.477771191271905417E-15 ) ) ;
#627 = ORIENTED_EDGE ( 'NONE', *, *, #1931, .F. ) ;
#628 = EDGE_CURVE ( 'NONE', #1725, #2656, #2101, .T. ) ;
#629 = CARTESIAN_POINT ( 'NONE',  ( 341.9026947623120236, 203.1782838797809916, -22.00000000000000000 ) ) ;
#630 = EDGE_CURVE ( 'NONE', #1941, #3596, #3068, .T. ) ;
#631 = LINE ( 'NONE', #3336, #2740 ) ;
#632 = ORIENTED_EDGE ( 'NONE', *, *, #13, .T. ) ;
#633 = CARTESIAN_POINT ( 'NONE',  ( 289.3989928075899911, 213.1782842209040041, -17.00000000000000000 ) ) ;
#634 = VERTEX_POINT ( 'NONE', #74 ) ;
#635 = ORIENTED_EDGE ( 'NONE', *, *, #1470, .F. ) ;
#636 = CARTESIAN_POINT ( 'NONE',  ( 257.2977337495049710, 207.7282842208930163, -22.00000000000000000 ) ) ;
#637 = CARTESIAN_POINT ( 'NONE',  ( 259.5989928075869670, 125.9812842209039871, -22.00000000000000000 ) ) ;
#638 = ADVANCED_FACE ( 'NONE', ( #3807 ), #1406, .F. ) ;
#639 = ORIENTED_EDGE ( 'NONE', *, *, #446, .T. ) ;
#640 = DIRECTION ( 'NONE',  ( 1.000000000000000000, 0.000000000000000000, 0.000000000000000000 ) ) ;
#641 = CARTESIAN_POINT ( 'NONE',  ( 257.2977337495219672, 128.6282870831260254, -5.000000000000000000 ) ) ;
#642 = DIRECTION ( 'NONE',  ( 0.000000000000000000, 0.000000000000000000, 1.000000000000000000 ) ) ;
#643 = DIRECTION ( 'NONE',  ( -1.000000000000000000, 0.000000000000000000, 0.000000000000000000 ) ) ;
#644 = ORIENTED_EDGE ( 'NONE', *, *, #2977, .T. ) ;
#645 = CARTESIAN_POINT ( 'NONE',  ( 299.6002301586469798, 168.1782836639370089, -22.00000000000000000 ) ) ;
#646 = CARTESIAN_POINT ( 'NONE',  ( 257.2989947549160092, 205.4795412910509924, -5.000000000000000000 ) ) ;
#647 = DIRECTION ( 'NONE',  ( 1.000000000000000000, 0.000000000000000000, 0.000000000000000000 ) ) ;
#648 = ORIENTED_EDGE ( 'NONE', *, *, #1374, .T. ) ;
#649 = CARTESIAN_POINT ( 'NONE',  ( 304.7990185291079683, 145.6782943981300207, -5.000000000000000000 ) ) ;
#650 = ORIENTED_EDGE ( 'NONE', *, *, #3790, .T. ) ;
#651 = EDGE_LOOP ( 'NONE', ( #1651, #3627 ) ) ;
#652 = AXIS2_PLACEMENT_3D ( 'NONE', #1968, #2650, #3004 ) ;
#653 = CARTESIAN_POINT ( 'NONE',  ( 259.5989928075869670, 125.9812842209039871, -25.00000000000000000 ) ) ;
#654 = DATE_AND_TIME ( #3342, #1302 ) ;
#655 = VECTOR ( 'NONE', #1930, 1000.000000000000227 ) ;
#656 = ADVANCED_FACE ( 'NONE', ( #3445 ), #714, .T. ) ;
#657 = AXIS2_PLACEMENT_3D ( 'NONE', #1184, #3624, #2186 ) ;
#658 = AXIS2_PLACEMENT_3D ( 'NONE', #3016, #1977, #3037 ) ;
#659 = VERTEX_POINT ( 'NONE', #2804 ) ;
#660 = LINE ( 'NONE', #2351, #3565 ) ;
#661 = CARTESIAN_POINT ( 'NONE',  ( 289.7990274744140038, 125.9812842209039871, -22.00000000000000000 ) ) ;
#662 = DIRECTION ( 'NONE',  ( 1.000000000000000000, -5.046468293750860025E-14, 0.000000000000000000 ) ) ;
#663 = AXIS2_PLACEMENT_3D ( 'NONE', #4185, #1489, #4201 ) ;
#664 = AXIS2_PLACEMENT_3D ( 'NONE', #856, #541, #1520 ) ;
#665 = DIRECTION ( 'NONE',  ( 0.7071065000627395625, 0.7071070623102436725, 0.000000000000000000 ) ) ;
#666 = VECTOR ( 'NONE', #3912, 1000.000000000000000 ) ;
#667 = VECTOR ( 'NONE', #3125, 1000.000000000000000 ) ;
#668 = PLANE ( 'NONE',  #3071 ) ;
#669 = ORIENTED_EDGE ( 'NONE', *, *, #3121, .T. ) ;
#670 = DIRECTION ( 'NONE',  ( 0.000000000000000000, 0.000000000000000000, -1.000000000000000000 ) ) ;
#671 = VECTOR ( 'NONE', #707, 1000.000000000000227 ) ;
#672 = ADVANCED_FACE ( 'NONE', ( #2719 ), #3464, .T. ) ;
#673 = DIRECTION ( 'NONE',  ( 0.000000000000000000, 0.000000000000000000, -1.000000000000000000 ) ) ;
#674 = ORIENTED_EDGE ( 'NONE', *, *, #791, .T. ) ;
#675 = EDGE_CURVE ( 'NONE', #3967, #1838, #538, .T. ) ;
#676 = DIRECTION ( 'NONE',  ( 6.277700872226511065E-15, 4.181788830033180292E-30, 1.000000000000000000 ) ) ;
#677 = DIRECTION ( 'NONE',  ( 0.7071067811865483499, 0.000000000000000000, -0.7071067811865469066 ) ) ;
#678 = EDGE_CURVE ( 'NONE', #2345, #415, #332, .T. ) ;
#679 = ORIENTED_EDGE ( 'NONE', *, *, #2374, .T. ) ;
#680 = ORIENTED_EDGE ( 'NONE', *, *, #3567, .T. ) ;
#681 = ADVANCED_FACE ( 'NONE', ( #3420 ), #4139, .T. ) ;
#682 = DIRECTION ( 'NONE',  ( 0.000000000000000000, 0.000000000000000000, 1.000000000000000000 ) ) ;
#683 = CARTESIAN_POINT ( 'NONE',  ( 262.2977337495020151, 210.4782842208930163, 0.000000000000000000 ) ) ;
#684 = COORDINATED_UNIVERSAL_TIME_OFFSET ( 0, 0, .AHEAD. ) ;
#685 = VECTOR ( 'NONE', #2321, 1000.000000000000000 ) ;
#686 = AXIS2_PLACEMENT_3D ( 'NONE', #3530, #495, #2226 ) ;
#687 = VERTEX_POINT ( 'NONE', #737 ) ;
#688 = DIRECTION ( 'NONE',  ( 0.000000000000000000, 0.000000000000000000, -1.000000000000000000 ) ) ;
#689 = PLANE ( 'NONE',  #1791 ) ;
#690 = VECTOR ( 'NONE', #2987, 1000.000000000000000 ) ;
#691 = FACE_OUTER_BOUND ( 'NONE', #1905, .T. ) ;
#692 = LINE ( 'NONE', #1359, #2789 ) ;
#693 = VERTEX_POINT ( 'NONE', #97 ) ;
#694 = CIRCLE ( 'NONE', #1261, 4.999999999999899636 ) ;
#695 = CARTESIAN_POINT ( 'NONE',  ( 341.9027244011109588, 128.6283178167049925, 0.000000000000000000 ) ) ;
#696 = DIRECTION ( 'NONE',  ( 0.7071067811865753283, 0.000000000000000000, -0.7071067811865198172 ) ) ;
#697 = CARTESIAN_POINT ( 'NONE',  ( 254.5977337495919812, 123.1782831069699853, -25.00000000000000000 ) ) ;
#698 = ORIENTED_EDGE ( 'NONE', *, *, #342, .T. ) ;
#699 = CARTESIAN_POINT ( 'NONE',  ( 294.3989928075900480, 213.1782842209040041, -5.000000000000000000 ) ) ;
#700 = EDGE_CURVE ( 'NONE', #3281, #196, #1453, .T. ) ;
#701 = DIRECTION ( 'NONE',  ( -1.000000000000000000, 0.000000000000000000, 0.000000000000000000 ) ) ;
#702 = VERTEX_POINT ( 'NONE', #1763 ) ;
#703 = ORIENTED_EDGE ( 'NONE', *, *, #2148, .T. ) ;
#704 = DIRECTION ( 'NONE',  ( 3.975690041881600240E-07, -0.9999999999999210631, -6.918570534183989688E-16 ) ) ;
#705 = CYLINDRICAL_SURFACE ( 'NONE', #2014, 5.000000000000004441 ) ;
#706 = CYLINDRICAL_SURFACE ( 'NONE', #658, 5.000000000000001776 ) ;
#707 = DIRECTION ( 'NONE',  ( 0.9999999999999208411, 3.975690058524630865E-07, 0.000000000000000000 ) ) ;
#708 = DIRECTION ( 'NONE',  ( 0.000000000000000000, 0.000000000000000000, 1.000000000000000000 ) ) ;
#709 = CARTESIAN_POINT ( 'NONE',  ( 339.1527244011119819, 128.6283167233879965, 0.000000000000000000 ) ) ;
#710 = PLANE ( 'NONE',  #245 ) ;
#711 = ORIENTED_EDGE ( 'NONE', *, *, #1037, .T. ) ;
#712 = CARTESIAN_POINT ( 'NONE',  ( 334.6026953589549748, 210.4782842208930163, -22.00000000000000000 ) ) ;
#713 = CARTESIAN_POINT ( 'NONE',  ( 298.7989753499700214, 125.8783006799920088, 0.6497013181468069831 ) ) ;
#714 = PLANE ( 'NONE',  #4380 ) ;
#715 = ORIENTED_EDGE ( 'NONE', *, *, #3109, .F. ) ;
#716 = EDGE_CURVE ( 'NONE', #1285, #2563, #846, .T. ) ;
#717 = CARTESIAN_POINT ( 'NONE',  ( 262.2977337495979668, 130.8782861682300052, 0.000000000000000000 ) ) ;
#718 = CYLINDRICAL_SURFACE ( 'NONE', #3936, 2.749999999999919176 ) ;
#719 = DIRECTION ( 'NONE',  ( 0.000000000000000000, 0.000000000000000000, 1.000000000000000000 ) ) ;
#720 = ORIENTED_EDGE ( 'NONE', *, *, #2986, .F. ) ;
#721 = ORIENTED_EDGE ( 'NONE', *, *, #3775, .F. ) ;
#722 = DIRECTION ( 'NONE',  ( -1.000000000000000000, 0.000000000000000000, 0.000000000000000000 ) ) ;
#723 = SHAPE_DEFINITION_REPRESENTATION ( #4015, #63 ) ;
#724 = AXIS2_PLACEMENT_3D ( 'NONE', #3687, #3887, #3149 ) ;
#725 = PLANE ( 'NONE',  #1522 ) ;
#726 = CARTESIAN_POINT ( 'NONE',  ( 257.2977337495049710, 203.1783063018060034, -5.000000000000000000 ) ) ;
#727 = VECTOR ( 'NONE', #3475, 1000.000000000000000 ) ;
#728 = CYLINDRICAL_SURFACE ( 'NONE', #1519, 2.750000000000002665 ) ;
#729 = AXIS2_PLACEMENT_3D ( 'NONE', #2531, #2176, #845 ) ;
#730 = FACE_OUTER_BOUND ( 'NONE', #2205, .T. ) ;
#731 = AXIS2_PLACEMENT_3D ( 'NONE', #3892, #1868, #3829 ) ;
#732 = EDGE_CURVE ( 'NONE', #4204, #2451, #4167, .T. ) ;
#733 = VECTOR ( 'NONE', #364, 1000.000000000000000 ) ;
#734 = DIRECTION ( 'NONE',  ( 3.083782076735418764E-16, 1.000000000000000000, 0.000000000000000000 ) ) ;
#735 = VECTOR ( 'NONE', #1862, 1000.000000000000000 ) ;
#736 = CIRCLE ( 'NONE', #4366, 2.749999999999919176 ) ;
#737 = CARTESIAN_POINT ( 'NONE',  ( 341.9026993167641990, 191.7225480266180284, -5.000000000000000000 ) ) ;
#738 = ORIENTED_EDGE ( 'NONE', *, *, #1783, .F. ) ;
#739 = VECTOR ( 'NONE', #313, 1000.000000000000114 ) ;
#740 = FACE_OUTER_BOUND ( 'NONE', #3167, .T. ) ;
#741 = DIRECTION ( 'NONE',  ( 0.000000000000000000, -1.000000000000000000, 0.000000000000000000 ) ) ;
#742 = ADVANCED_FACE ( 'NONE', ( #1861 ), #1033, .F. ) ;
#743 = CARTESIAN_POINT ( 'NONE',  ( 295.4872026815579602, 125.8782993633320046, 0.000000000000000000 ) ) ;
#744 = ORIENTED_EDGE ( 'NONE', *, *, #903, .F. ) ;
#745 = ORIENTED_EDGE ( 'NONE', *, *, #2633, .T. ) ;
#746 = DIRECTION ( 'NONE',  ( -0.7071067811864931718, -2.811237381772350523E-07, -0.7071067811865459074 ) ) ;
#747 = CALENDAR_DATE ( 2025, 4, 9 ) ;
#748 = EDGE_CURVE ( 'NONE', #3470, #217, #3743, .T. ) ;
#749 = EDGE_CURVE ( 'NONE', #1961, #4255, #389, .T. ) ;
#750 = DIRECTION ( 'NONE',  ( 0.000000000000000000, 0.000000000000000000, 1.000000000000000000 ) ) ;
#751 = CARTESIAN_POINT ( 'NONE',  ( 339.1527225921830677, 128.6283155986110103, -22.00000000000000000 ) ) ;
#752 = LINE ( 'NONE', #2115, #1952 ) ;
#753 = VECTOR ( 'NONE', #647, 1000.000000000000000 ) ;
#754 = DIRECTION ( 'NONE',  ( 3.975689611772168905E-07, -0.9999999999999208411, 0.000000000000000000 ) ) ;
#755 = CARTESIAN_POINT ( 'NONE',  ( 309.7990274744070121, 123.1783050532930019, -22.00000000000000000 ) ) ;
#756 = DIRECTION ( 'NONE',  ( 0.000000000000000000, 0.000000000000000000, 1.000000000000000000 ) ) ;
#757 = DIRECTION ( 'NONE',  ( 1.000000000000000000, 0.000000000000000000, 0.000000000000000000 ) ) ;
#758 = CIRCLE ( 'NONE', #1329, 2.750000000000002665 ) ;
#759 = EDGE_CURVE ( 'NONE', #3738, #693, #798, .T. ) ;
#760 = CIRCLE ( 'NONE', #1546, 5.000000000000015987 ) ;
#761 = EDGE_CURVE ( 'NONE', #597, #2108, #116, .T. ) ;
#762 = EDGE_LOOP ( 'NONE', ( #2742, #3793, #772, #1197, #3648, #3681, #3809, #1563, #3516, #744, #3489, #2686, #2285, #2848, #66, #953 ) ) ;
#763 = DIRECTION ( 'NONE',  ( -1.000000000000000000, -7.719006236299344607E-12, 0.000000000000000000 ) ) ;
#764 = ORIENTED_EDGE ( 'NONE', *, *, #1612, .T. ) ;
#765 = EDGE_CURVE ( 'NONE', #2145, #1609, #194, .T. ) ;
#766 = EDGE_LOOP ( 'NONE', ( #721, #4168 ) ) ;
#767 = LINE ( 'NONE', #2080, #445 ) ;
#768 = CARTESIAN_POINT ( 'NONE',  ( 344.6026993167172918, 191.7225491000543514, -22.00000000000000355 ) ) ;
#769 = DIRECTION ( 'NONE',  ( 0.000000000000000000, 0.000000000000000000, 1.000000000000000000 ) ) ;
#770 = LINE ( 'NONE', #434, #4313 ) ;
#771 = ORIENTED_EDGE ( 'NONE', *, *, #2009, .F. ) ;
#772 = ORIENTED_EDGE ( 'NONE', *, *, #1656, .T. ) ;
#773 = CARTESIAN_POINT ( 'NONE',  ( 334.5990010913239985, 125.8783155986110103, -5.000000000000000000 ) ) ;
#774 = FACE_OUTER_BOUND ( 'NONE', #2554, .T. ) ;
#775 = LINE ( 'NONE', #133, #4064 ) ;
#776 = EDGE_CURVE ( 'NONE', #4266, #2284, #2485, .T. ) ;
#777 = FACE_OUTER_BOUND ( 'NONE', #410, .T. ) ;
#778 = LINE ( 'NONE', #3154, #2111 ) ;
#779 = CARTESIAN_POINT ( 'NONE',  ( 262.2977337495020151, 210.4782842208930163, 0.000000000000000000 ) ) ;
#780 = CARTESIAN_POINT ( 'NONE',  ( 344.6026927744260320, 208.1782862087490003, -25.00000000000000000 ) ) ;
#781 = LINE ( 'NONE', #1488, #821 ) ;
#782 = CARTESIAN_POINT ( 'NONE',  ( 263.3990014167189884, 197.3783112489269911, -5.000000000000000000 ) ) ;
#783 = DIRECTION ( 'NONE',  ( 1.000000000000000000, -5.046468293750860025E-14, 0.000000000000000000 ) ) ;
#784 = VERTEX_POINT ( 'NONE', #1822 ) ;
#785 = DIRECTION ( 'NONE',  ( 0.000000000000000000, 0.000000000000000000, -1.000000000000000000 ) ) ;
#786 = FACE_OUTER_BOUND ( 'NONE', #1881, .T. ) ;
#787 = PLANE ( 'NONE',  #2930 ) ;
#788 = CARTESIAN_POINT ( 'NONE',  ( 331.5989950341020176, 131.5792914133149907, -5.000000000000000000 ) ) ;
#789 = ORIENTED_EDGE ( 'NONE', *, *, #427, .F. ) ;
#790 = ORIENTED_EDGE ( 'NONE', *, *, #3752, .T. ) ;
#791 = EDGE_CURVE ( 'NONE', #1099, #2108, #4098, .T. ) ;
#792 = DIRECTION ( 'NONE',  ( -3.975690035102445103E-07, 0.9999999999999210631, -1.394145080413009909E-17 ) ) ;
#793 = ORIENTED_EDGE ( 'NONE', *, *, #3356, .F. ) ;
#794 = CARTESIAN_POINT ( 'NONE',  ( 291.1107506312469582, 123.1782976234140108, 0.000000000000000000 ) ) ;
#795 = DIRECTION ( 'NONE',  ( 0.000000000000000000, 0.000000000000000000, 1.000000000000000000 ) ) ;
#796 = EDGE_CURVE ( 'NONE', #17, #2630, #2134, .T. ) ;
#797 = VECTOR ( 'NONE', #113, 1000.000000000000000 ) ;
#798 = LINE ( 'NONE', #2819, #334 ) ;
#799 = CARTESIAN_POINT ( 'NONE',  ( 339.6026927744260320, 208.1782842209040041, 0.000000000000000000 ) ) ;
#800 = DIRECTION ( 'NONE',  ( -1.000000000000000000, 0.000000000000000000, 0.000000000000000000 ) ) ;
#801 = CARTESIAN_POINT ( 'NONE',  ( 339.6027245799340335, 128.1783169023200060, 0.000000000000000000 ) ) ;
#802 = AXIS2_PLACEMENT_3D ( 'NONE', #2533, #1507, #1840 ) ;
#803 = VECTOR ( 'NONE', #551, 1000.000000000000227 ) ;
#804 = CIRCLE ( 'NONE', #3286, 2.749999999999919176 ) ;
#805 = PLANE ( 'NONE',  #3669 ) ;
#806 = EDGE_LOOP ( 'NONE', ( #1573, #3469, #3453, #589 ) ) ;
#807 = EDGE_CURVE ( 'NONE', #3777, #2310, #1397, .T. ) ;
#808 = VERTEX_POINT ( 'NONE', #3802 ) ;
#809 = ADVANCED_FACE ( 'NONE', ( #1775 ), #1113, .T. ) ;
#810 = CARTESIAN_POINT ( 'NONE',  ( 260.0477337495050278, 210.4782842208920215, -5.000000000000000000 ) ) ;
#811 = CIRCLE ( 'NONE', #3287, 4.999999999999980460 ) ;
#812 = CIRCLE ( 'NONE', #1379, 5.000000000000007105 ) ;
#813 = PLANE ( 'NONE',  #595 ) ;
#814 = EDGE_CURVE ( 'NONE', #2634, #4400, #1443, .T. ) ;
#815 = EDGE_CURVE ( 'NONE', #2108, #459, #778, .T. ) ;
#816 = CIRCLE ( 'NONE', #1879, 4.999999999999992895 ) ;
#817 = ORIENTED_EDGE ( 'NONE', *, *, #2600, .F. ) ;
#818 = AXIS2_PLACEMENT_3D ( 'NONE', #1929, #3276, #242 ) ;
#819 = ORIENTED_EDGE ( 'NONE', *, *, #1122, .T. ) ;
#820 = CARTESIAN_POINT ( 'NONE',  ( 299.6002301586469798, 168.1782836639370089, -5.000000000000000000 ) ) ;
#821 = VECTOR ( 'NONE', #3199, 1000.000000000000000 ) ;
#822 = EDGE_CURVE ( 'NONE', #2634, #2458, #2886, .T. ) ;
#823 = VERTEX_POINT ( 'NONE', #2513 ) ;
#824 = ADVANCED_FACE ( 'NONE', ( #1514 ), #139, .T. ) ;
#825 = DIRECTION ( 'NONE',  ( 0.000000000000000000, 0.000000000000000000, 1.000000000000000000 ) ) ;
#826 = CARTESIAN_POINT ( 'NONE',  ( 341.8176080111219903, 206.3780000000000143, -5.000000000000000000 ) ) ;
#827 = CARTESIAN_POINT ( 'NONE',  ( 339.6026927744260320, 208.1782842209040041, -25.00000000000000000 ) ) ;
#828 = DIRECTION ( 'NONE',  ( -2.325074397120559807E-16, -9.243775143353000910E-23, 1.000000000000000000 ) ) ;
#829 = ORIENTED_EDGE ( 'NONE', *, *, #567, .F. ) ;
#830 = DIRECTION ( 'NONE',  ( 1.465474179068250959E-12, 1.000000000000000000, 0.000000000000000000 ) ) ;
#831 = ORIENTED_EDGE ( 'NONE', *, *, #2830, .F. ) ;
#832 = AXIS2_PLACEMENT_3D ( 'NONE', #1118, #871, #3893 ) ;
#833 = ORIENTED_EDGE ( 'NONE', *, *, #4137, .T. ) ;
#834 = LINE ( 'NONE', #4256, #3419 ) ;
#835 = CARTESIAN_POINT ( 'NONE',  ( 344.6027265677790297, 123.1783188901650021, 0.000000000000000000 ) ) ;
#836 = VECTOR ( 'NONE', #1953, 1000.000000000000000 ) ;
#837 = DIRECTION ( 'NONE',  ( 1.000000000000000000, 6.889137694542789809E-14, 0.000000000000000000 ) ) ;
#838 = CARTESIAN_POINT ( 'NONE',  ( 344.6026947622719945, 203.1782838797809916, -5.000000000000000000 ) ) ;
#839 = ORIENTED_EDGE ( 'NONE', *, *, #1553, .T. ) ;
#840 = ORIENTED_EDGE ( 'NONE', *, *, #675, .T. ) ;
#841 = FACE_OUTER_BOUND ( 'NONE', #3628, .T. ) ;
#842 = PRODUCT_DEFINITION ( 'UNKNOWN', '', #3710, #3925 ) ;
#843 = DIRECTION ( 'NONE',  ( -1.000000000000000000, 3.903000942678450537E-15, 0.000000000000000000 ) ) ;
#844 = ORIENTED_EDGE ( 'NONE', *, *, #2667, .F. ) ;
#845 = DIRECTION ( 'NONE',  ( 1.490740975259139494E-12, -1.000000000000000000, 0.000000000000000000 ) ) ;
#846 = LINE ( 'NONE', #3111, #1969 ) ;
#847 = DIRECTION ( 'NONE',  ( 0.000000000000000000, 1.000000000000000000, 0.000000000000000000 ) ) ;
#848 = LINE ( 'NONE', #2136, #604 ) ;
#849 = EDGE_LOOP ( 'NONE', ( #2699, #1216, #3930, #3712 ) ) ;
#850 = CARTESIAN_POINT ( 'NONE',  ( 257.2990244592239719, 130.7646840981740013, -5.000000000000000000 ) ) ;
#851 = ORIENTED_EDGE ( 'NONE', *, *, #1220, .T. ) ;
#852 = EDGE_LOOP ( 'NONE', ( #3640, #2267, #2384, #390 ) ) ;
#853 = LINE ( 'NONE', #514, #4208 ) ;
#854 = EDGE_CURVE ( 'NONE', #4187, #1232, #1538, .T. ) ;
#855 = PERSON ( 'UNSPECIFIED', 'UNSPECIFIED', 'UNSPECIFIED', ('UNSPECIFIED'), ('UNSPECIFIED'), ('UNSPECIFIED') ) ;
#856 = CARTESIAN_POINT ( 'NONE',  ( 299.6002301586469798, 168.1782836639370089, -5.000000000000000000 ) ) ;
#857 = CARTESIAN_POINT ( 'NONE',  ( 257.2977337495020151, 205.4782842208859961, 0.000000000000000000 ) ) ;
#858 = ORIENTED_EDGE ( 'NONE', *, *, #3828, .F. ) ;
#859 = VERTEX_POINT ( 'NONE', #3478 ) ;
#860 = CARTESIAN_POINT ( 'NONE',  ( 339.1526929533699786, 210.4782842208930163, -5.000000000000000000 ) ) ;
#861 = DIRECTION ( 'NONE',  ( 1.000000000000000000, 0.000000000000000000, 0.000000000000000000 ) ) ;
#862 = ORIENTED_EDGE ( 'NONE', *, *, #1555, .F. ) ;
#863 = ORIENTED_EDGE ( 'NONE', *, *, #358, .F. ) ;
#864 = CARTESIAN_POINT ( 'NONE',  ( 344.6026907865820021, 213.1782842209040041, 0.000000000000000000 ) ) ;
#865 = EDGE_LOOP ( 'NONE', ( #4328, #4377, #462, #4211, #1769, #38, #2074 ) ) ;
#866 = EDGE_CURVE ( 'NONE', #2195, #449, #1806, .T. ) ;
#867 = ORIENTED_EDGE ( 'NONE', *, *, #934, .F. ) ;
#868 = LINE ( 'NONE', #2179, #1309 ) ;
#869 = DIRECTION ( 'NONE',  ( 1.000000000000000000, -9.280617808538960303E-14, 0.000000000000000000 ) ) ;
#870 = EDGE_CURVE ( 'NONE', #3562, #1503, #1540, .T. ) ;
#871 = DIRECTION ( 'NONE',  ( 1.000000000000000000, 1.290120858860669911E-12, 0.000000000000000000 ) ) ;
#872 = ORIENTED_EDGE ( 'NONE', *, *, #2374, .F. ) ;
#873 = EDGE_LOOP ( 'NONE', ( #1289, #497, #2434, #53, #4045, #2855, #639, #3817, #3092, #1147, #1040, #669, #2879, #3977, #553, #703, #2395, #897 ) ) ;
#874 = DIRECTION ( 'NONE',  ( 1.000000000000000000, -3.900890379583120241E-15, 0.000000000000000000 ) ) ;
#875 = DIRECTION ( 'NONE',  ( 0.000000000000000000, 0.000000000000000000, -1.000000000000000000 ) ) ;
#876 = AXIS2_PLACEMENT_3D ( 'NONE', #539, #2582, #3603 ) ;
#877 = ORGANIZATION ( 'UNSPECIFIED', 'UNSPECIFIED', '' ) ;
#878 = DIRECTION ( 'NONE',  ( 2.325074397120930079E-16, 1.548810677790069986E-31, -1.000000000000000000 ) ) ;
#879 = VERTEX_POINT ( 'NONE', #850 ) ;
#880 = ORIENTED_EDGE ( 'NONE', *, *, #630, .F. ) ;
#881 = VECTOR ( 'NONE', #1042, 1000.000000000000227 ) ;
#882 = AXIS2_PLACEMENT_3D ( 'NONE', #1422, #1761, #3106 ) ;
#883 = ADVANCED_FACE ( 'NONE', ( #1138 ), #3131, .T. ) ;
#884 = VECTOR ( 'NONE', #3003, 1000.000000000000227 ) ;
#885 = VECTOR ( 'NONE', #1766, 1000.000000000000000 ) ;
#886 = ORIENTED_EDGE ( 'NONE', *, *, #1143, .F. ) ;
#887 = ORIENTED_EDGE ( 'NONE', *, *, #4336, .F. ) ;
#888 = EDGE_LOOP ( 'NONE', ( #2502, #1319, #3510, #3117 ) ) ;
#889 = CARTESIAN_POINT ( 'NONE',  ( 297.0872723045659995, 213.1782842209040041, 0.000000000000000000 ) ) ;
#890 = VECTOR ( 'NONE', #2816, 1000.000000000000227 ) ;
#891 = EDGE_CURVE ( 'NONE', #1939, #4126, #1845, .T. ) ;
#892 = ORIENTED_EDGE ( 'NONE', *, *, #3775, .T. ) ;
#893 = ORIENTED_EDGE ( 'NONE', *, *, #2470, .T. ) ;
#894 = CARTESIAN_POINT ( 'NONE',  ( 344.6027265677790297, 123.1783188901650021, -22.00000000000000000 ) ) ;
#895 = DIRECTION ( 'NONE',  ( 0.000000000000000000, 0.000000000000000000, -1.000000000000000000 ) ) ;
#896 = CARTESIAN_POINT ( 'NONE',  ( 341.9026938479009914, 205.4782862087400019, -5.000000000000000000 ) ) ;
#897 = ORIENTED_EDGE ( 'NONE', *, *, #294, .T. ) ;
#898 = VERTEX_POINT ( 'NONE', #4230 ) ;
#899 = CARTESIAN_POINT ( 'NONE',  ( 284.4872052944219831, 123.1782949900970010, 0.000000000000000000 ) ) ;
#900 = CARTESIAN_POINT ( 'NONE',  ( 264.0045088858410054, 203.6783008473059908, -5.000000000000000000 ) ) ;
#901 = ADVANCED_FACE ( 'NONE', ( #2803 ), #1476, .T. ) ;
#902 = AXIS2_PLACEMENT_3D ( 'NONE', #1613, #276, #1273 ) ;
#903 = EDGE_CURVE ( 'NONE', #2195, #4329, #2472, .T. ) ;
#904 = PLANE ( 'NONE',  #130 ) ;
#905 = ORIENTED_EDGE ( 'NONE', *, *, #2193, .F. ) ;
#906 = ORIENTED_EDGE ( 'NONE', *, *, #547, .F. ) ;
#907 = VECTOR ( 'NONE', #843, 1000.000000000000000 ) ;
#908 = AXIS2_PLACEMENT_3D ( 'NONE', #4172, #2107, #4105 ) ;
#909 = ORIENTED_EDGE ( 'NONE', *, *, #2336, .T. ) ;
#910 = ORIENTED_EDGE ( 'NONE', *, *, #776, .T. ) ;
#911 = ORIENTED_EDGE ( 'NONE', *, *, #2072, .T. ) ;
#912 = CARTESIAN_POINT ( 'NONE',  ( 260.0477337495220240, 125.8782870831380052, -5.000000000000000000 ) ) ;
#913 = LINE ( 'NONE', #3908, #803 ) ;
#914 = ORIENTED_EDGE ( 'NONE', *, *, #1332, .T. ) ;
#915 = ADVANCED_FACE ( 'NONE', ( #1452 ), #158, .T. ) ;
#916 = ORIENTED_EDGE ( 'NONE', *, *, #765, .T. ) ;
#917 = CYLINDRICAL_SURFACE ( 'NONE', #598, 5.000000000000015987 ) ;
#918 = DIRECTION ( 'NONE',  ( -2.935676250064819728E-14, -1.000000000000000000, 0.000000000000000000 ) ) ;
#919 = DIRECTION ( 'NONE',  ( 0.000000000000000000, 1.000000000000000000, 0.000000000000000000 ) ) ;
#920 = VERTEX_POINT ( 'NONE', #3831 ) ;
#921 = ORIENTED_EDGE ( 'NONE', *, *, #2703, .T. ) ;
#922 = DIRECTION ( 'NONE',  ( 3.975690058647769339E-07, -0.9999999999999208411, 0.000000000000000000 ) ) ;
#923 = DIRECTION ( 'NONE',  ( 0.000000000000000000, 1.000000000000000000, 0.000000000000000000 ) ) ;
#924 = ORIENTED_EDGE ( 'NONE', *, *, #3724, .T. ) ;
#925 = VERTEX_POINT ( 'NONE', #2826 ) ;
#926 = EDGE_CURVE ( 'NONE', #1139, #1214, #2204, .T. ) ;
#927 = LINE ( 'NONE', #588, #1474 ) ;
#928 = ORIENTED_EDGE ( 'NONE', *, *, #678, .T. ) ;
#929 = ORIENTED_EDGE ( 'NONE', *, *, #765, .F. ) ;
#930 = FACE_OUTER_BOUND ( 'NONE', #873, .T. ) ;
#931 = CARTESIAN_POINT ( 'NONE',  ( 309.7990185291079683, 145.6782963859750168, -22.00000000000000000 ) ) ;
#932 = LINE ( 'NONE', #596, #1018 ) ;
#934 = EDGE_CURVE ( 'NONE', #2109, #2190, #1180, .T. ) ;
#933 = ORIENTED_EDGE ( 'NONE', *, *, #4288, .T. ) ;
#935 = ORIENTED_EDGE ( 'NONE', *, *, #3911, .T. ) ;
#936 = EDGE_CURVE ( 'NONE', #2298, #2109, #3096, .T. ) ;
#937 = CARTESIAN_POINT ( 'NONE',  ( 343.1382252747407051, 211.7138175446112029, -2.500000000000000000 ) ) ;
#938 = DIRECTION ( 'NONE',  ( -4.926800769063960061E-14, -1.000000000000000000, 0.000000000000000000 ) ) ;
#939 = DIRECTION ( 'NONE',  ( 1.000000000000000000, 6.661338147750940229E-16, 0.000000000000000000 ) ) ;
#940 = CARTESIAN_POINT ( 'NONE',  ( 299.6002207981839547, 191.7225312084636926, -22.00000000000000000 ) ) ;
#941 = EDGE_LOOP ( 'NONE', ( #2903, #1072, #2964, #2185, #1209, #3448, #3808, #2746, #1078, #2626, #129, #1161 ) ) ;
#942 = CARTESIAN_POINT ( 'NONE',  ( 344.6027176458941881, 191.7225491000616557, -22.00000000000000355 ) ) ;
#943 = CYLINDRICAL_SURFACE ( 'NONE', #2163, 4.999999999999984901 ) ;
#944 = EDGE_CURVE ( 'NONE', #246, #1817, #2037, .T. ) ;
#945 = CARTESIAN_POINT ( 'NONE',  ( 339.5989928075869670, 210.3752842209040068, -25.00000000000000000 ) ) ;
#946 = VERTEX_POINT ( 'NONE', #2553 ) ;
#947 = ORIENTED_EDGE ( 'NONE', *, *, #487, .T. ) ;
#948 = AXIS2_PLACEMENT_3D ( 'NONE', #490, #2221, #4005 ) ;
#949 = VECTOR ( 'NONE', #922, 1000.000000000000227 ) ;
#950 = ADVANCED_FACE ( 'NONE', ( #4165 ), #805, .T. ) ;
#951 = CIRCLE ( 'NONE', #1442, 2.196999999999948994 ) ;
#952 = DIRECTION ( 'NONE',  ( 1.000000000000000000, -1.539508534629319852E-13, 0.000000000000000000 ) ) ;
#953 = ORIENTED_EDGE ( 'NONE', *, *, #2260, .F. ) ;
#954 = VECTOR ( 'NONE', #919, 1000.000000000000000 ) ;
#955 = EDGE_LOOP ( 'NONE', ( #1706, #1829, #2639, #2350 ) ) ;
#956 = DIRECTION ( 'NONE',  ( 0.000000000000000000, 1.000000000000000000, 0.000000000000000000 ) ) ;
#957 = CIRCLE ( 'NONE', #2792, 5.000000000000217604 ) ;
#958 = EDGE_CURVE ( 'NONE', #3654, #1675, #1828, .T. ) ;
#959 = EDGE_CURVE ( 'NONE', #4329, #994, #4300, .T. ) ;
#960 = EDGE_CURVE ( 'NONE', #1212, #4018, #758, .T. ) ;
#961 = EDGE_LOOP ( 'NONE', ( #146, #3641, #578, #3062, #353, #1250 ) ) ;
#962 = VECTOR ( 'NONE', #46, 1000.000000000000000 ) ;
#963 = VERTEX_POINT ( 'NONE', #256 ) ;
#964 = CARTESIAN_POINT ( 'NONE',  ( 299.0233653957749880, 125.8783007692010045, -3.500000000000000000 ) ) ;
#965 = LINE ( 'NONE', #3686, #3502 ) ;
#966 = CARTESIAN_POINT ( 'NONE',  ( 334.6026953589549748, 210.4782842208930163, -5.000000000000000000 ) ) ;
#967 = AXIS2_PLACEMENT_3D ( 'NONE', #2869, #2161, #4227 ) ;
#968 = DIRECTION ( 'NONE',  ( 0.000000000000000000, 0.000000000000000000, -1.000000000000000000 ) ) ;
#969 = ORIENTED_EDGE ( 'NONE', *, *, #1909, .F. ) ;
#970 = FACE_OUTER_BOUND ( 'NONE', #536, .T. ) ;
#971 = DIRECTION ( 'NONE',  ( 0.000000000000000000, 0.000000000000000000, -1.000000000000000000 ) ) ;
#972 = FACE_OUTER_BOUND ( 'NONE', #2612, .T. ) ;
#973 = ORIENTED_EDGE ( 'NONE', *, *, #3914, .T. ) ;
#974 = VECTOR ( 'NONE', #4055, 1000.000000000000000 ) ;
#975 = CARTESIAN_POINT ( 'NONE',  ( 339.6008596876649790, 128.1782998895000105, -22.00000000000000000 ) ) ;
#976 = ORIENTED_EDGE ( 'NONE', *, *, #2028, .F. ) ;
#977 = ORIENTED_EDGE ( 'NONE', *, *, #1877, .F. ) ;
#978 = AXIS2_PLACEMENT_3D ( 'NONE', #511, #1869, #3221 ) ;
#979 = CARTESIAN_POINT ( 'NONE',  ( 259.5989928075869670, 125.9812842209039871, -25.00000000000000000 ) ) ;
#980 = VECTOR ( 'NONE', #2697, 1000.000000000000000 ) ;
#981 = ORIENTED_EDGE ( 'NONE', *, *, #1565, .F. ) ;
#982 = DIRECTION ( 'NONE',  ( -4.926800769063960061E-14, -1.000000000000000000, 0.000000000000000000 ) ) ;
#983 = DIRECTION ( 'NONE',  ( 1.465474179068250959E-12, 1.000000000000000000, 0.000000000000000000 ) ) ;
#984 = DIRECTION ( 'NONE',  ( 1.000000000000000000, -9.280617808538960303E-14, 0.000000000000000000 ) ) ;
#985 = DIRECTION ( 'NONE',  ( -3.975695921796518581E-07, 0.9999999999999208411, 0.000000000000000000 ) ) ;
#986 = ORIENTED_EDGE ( 'NONE', *, *, #2119, .F. ) ;
#987 = CARTESIAN_POINT ( 'NONE',  ( 260.3990000016239605, 195.3783112489279858, -5.000000000000000000 ) ) ;
#988 = PLANE ( 'NONE',  #4218 ) ;
#989 = CARTESIAN_POINT ( 'NONE',  ( 331.5989950341020176, 129.5792914133149907, -5.000000000000000000 ) ) ;
#990 = VERTEX_POINT ( 'NONE', #3333 ) ;
#991 = EDGE_CURVE ( 'NONE', #3658, #1764, #1249, .T. ) ;
#992 = PRODUCT ( 'board_connector', 'board_connector', '', ( #2400 ) ) ;
#993 = ORIENTED_EDGE ( 'NONE', *, *, #1720, .F. ) ;
#994 = VERTEX_POINT ( 'NONE', #1635 ) ;
#995 = DIRECTION ( 'NONE',  ( -1.000000000000000000, 0.000000000000000000, 0.000000000000000000 ) ) ;
#996 = APPROVAL_STATUS ( 'not_yet_approved' ) ;
#997 = EDGE_CURVE ( 'NONE', #3275, #1992, #2814, .T. ) ;
#998 = EDGE_LOOP ( 'NONE', ( #3406, #1836, #512, #3696, #2211, #1173 ) ) ;
#999 = DIRECTION ( 'NONE',  ( 1.000000000000000000, 0.000000000000000000, 0.000000000000000000 ) ) ;
#1000 = CARTESIAN_POINT ( 'NONE',  ( 257.4019928075900339, 208.1782842209040041, -25.00000000000000000 ) ) ;
#1001 = CARTESIAN_POINT ( 'NONE',  ( 259.5989928075899797, 128.1782842209040041, -22.00000000000000000 ) ) ;
#1002 = CARTESIAN_POINT ( 'NONE',  ( 337.8364860856889891, 199.3779999999999859, -3.500000000000000000 ) ) ;
#1003 = ADVANCED_FACE ( 'NONE', ( #1318 ), #1582, .F. ) ;
#1004 = CARTESIAN_POINT ( 'NONE',  ( 341.7959928075899825, 191.7225491000616557, -25.00000000000000000 ) ) ;
#1005 = VERTEX_POINT ( 'NONE', #2624 ) ;
#1006 = DIRECTION ( 'NONE',  ( -4.926800769063960061E-14, -1.000000000000000000, 0.000000000000000000 ) ) ;
#1007 = CARTESIAN_POINT ( 'NONE',  ( 341.7959928075899825, 208.1782842209040041, -22.00000000000000000 ) ) ;
#1008 = ADVANCED_FACE ( 'NONE', ( #2978 ), #1938, .T. ) ;
#1009 = EDGE_CURVE ( 'NONE', #808, #4187, #3316, .T. ) ;
#1010 = CARTESIAN_POINT ( 'NONE',  ( 341.9026947623120236, 203.1782838797809916, -22.00000000000000000 ) ) ;
#1011 = ORIENTED_EDGE ( 'NONE', *, *, #4348, .F. ) ;
#1012 = VECTOR ( 'NONE', #795, 1000.000000000000000 ) ;
#1013 = CARTESIAN_POINT ( 'NONE',  ( 334.6027036427140047, 213.1782802452189856, -5.000000000000000000 ) ) ;
#1014 = VERTEX_POINT ( 'NONE', #2248 ) ;
#1015 = VERTEX_POINT ( 'NONE', #1914 ) ;
#1016 = CIRCLE ( 'NONE', #2859, 5.000000000000004441 ) ;
#1017 = DIRECTION ( 'NONE',  ( 0.000000000000000000, 1.000000000000000000, 0.000000000000000000 ) ) ;
#1018 = VECTOR ( 'NONE', #1387, 1000.000000000000227 ) ;
#1019 = ORIENTED_EDGE ( 'NONE', *, *, #1771, .F. ) ;
#1020 = DIRECTION ( 'NONE',  ( 1.000000000000000000, -5.046468293750860025E-14, 0.000000000000000000 ) ) ;
#1021 = CARTESIAN_POINT ( 'NONE',  ( 339.1527244011119819, 128.6283167233879965, -3.500000000000000000 ) ) ;
#1022 = DIRECTION ( 'NONE',  ( 0.000000000000000000, 0.000000000000000000, 1.000000000000000000 ) ) ;
#1023 = VECTOR ( 'NONE', #1052, 1000.000000000000000 ) ;
#1024 = AXIS2_PLACEMENT_3D ( 'NONE', #2142, #4189, #4275 ) ;
#1025 = CARTESIAN_POINT ( 'NONE',  ( 333.7740057619930099, 204.3780000000000143, -5.000000000000000000 ) ) ;
#1026 = CIRCLE ( 'NONE', #1594, 3.374900000006609169 ) ;
#1027 = VECTOR ( 'NONE', #2328, 1000.000000000000227 ) ;
#1028 = DIRECTION ( 'NONE',  ( 0.000000000000000000, 0.000000000000000000, 1.000000000000000000 ) ) ;
#1029 = ORIENTED_EDGE ( 'NONE', *, *, #4103, .T. ) ;
#1030 = DIRECTION ( 'NONE',  ( 0.000000000000000000, 0.000000000000000000, 1.000000000000000000 ) ) ;
#1031 = DIRECTION ( 'NONE',  ( 0.9999999999999209521, 3.975690054947014100E-07, 0.000000000000000000 ) ) ;
#1032 = AXIS2_PLACEMENT_3D ( 'NONE', #3375, #4047, #2352 ) ;
#1033 = CYLINDRICAL_SURFACE ( 'NONE', #3235, 5.000000000000013323 ) ;
#1034 = VERTEX_POINT ( 'NONE', #535 ) ;
#1035 = EDGE_CURVE ( 'NONE', #2562, #473, #2289, .T. ) ;
#1036 = DIRECTION ( 'NONE',  ( 1.000000000000000000, 0.000000000000000000, 0.000000000000000000 ) ) ;
#1037 = EDGE_CURVE ( 'NONE', #2893, #552, #3000, .T. ) ;
#1038 = LINE ( 'NONE', #3747, #836 ) ;
#1039 = VERTEX_POINT ( 'NONE', #3264 ) ;
#1040 = ORIENTED_EDGE ( 'NONE', *, *, #342, .F. ) ;
#1041 = LINE ( 'NONE', #3182, #1386 ) ;
#1042 = DIRECTION ( 'NONE',  ( 3.975690058524619219E-07, -0.9999999999999208411, 0.000000000000000000 ) ) ;
#1043 = AXIS2_PLACEMENT_3D ( 'NONE', #3584, #2587, #3947 ) ;
#1044 = VECTOR ( 'NONE', #3401, 1000.000000000000000 ) ;
#1045 = DIRECTION ( 'NONE',  ( 1.000000000000000000, 0.000000000000000000, 0.000000000000000000 ) ) ;
#1046 = PLANE ( 'NONE',  #3135 ) ;
#1047 = LINE ( 'NONE', #3413, #3864 ) ;
#1048 = EDGE_CURVE ( 'NONE', #60, #687, #4341, .T. ) ;
#1049 = DIRECTION ( 'NONE',  ( 3.975690035102444044E-07, -0.9999999999999208411, -1.394155244808375642E-17 ) ) ;
#1050 = ORIENTED_EDGE ( 'NONE', *, *, #1035, .T. ) ;
#1051 = CARTESIAN_POINT ( 'NONE',  ( 254.5977337495880022, 145.6194142555692679, -22.00000000000000355 ) ) ;
#1052 = DIRECTION ( 'NONE',  ( -1.000000000000000000, 4.139084792366800091E-14, 0.000000000000000000 ) ) ;
#1053 = DIRECTION ( 'NONE',  ( -1.110223024625155594E-14, -1.000000000000000000, 0.000000000000000000 ) ) ;
#1054 = ORIENTED_EDGE ( 'NONE', *, *, #2349, .F. ) ;
#1055 = CARTESIAN_POINT ( 'NONE',  ( 293.3345616589415386, 125.9812842209039871, -20.53553362733818588 ) ) ;
#1056 = DIRECTION ( 'NONE',  ( 0.000000000000000000, 0.000000000000000000, -1.000000000000000000 ) ) ;
#1057 = ORIENTED_EDGE ( 'NONE', *, *, #3835, .T. ) ;
#1058 = ORIENTED_EDGE ( 'NONE', *, *, #4299, .T. ) ;
#1059 = CARTESIAN_POINT ( 'NONE',  ( 304.7990274744070121, 123.1783030654479916, -43.20000000000000284 ) ) ;
#1060 = LINE ( 'NONE', #47, #2788 ) ;
#1061 = CALENDAR_DATE ( 2025, 4, 9 ) ;
#1062 = ADVANCED_FACE ( 'NONE', ( #1983 ), #3965, .T. ) ;
#1063 = FACE_OUTER_BOUND ( 'NONE', #2856, .T. ) ;
#1064 = FACE_OUTER_BOUND ( 'NONE', #3577, .T. ) ;
#1065 = CARTESIAN_POINT ( 'NONE',  ( 259.5983632785849977, 128.1782946977509994, -22.00000000000000000 ) ) ;
#1066 = CARTESIAN_POINT ( 'NONE',  ( 254.5977337495149868, 213.1782842209040041, -25.00000000000000000 ) ) ;
#1067 = VERTEX_POINT ( 'NONE', #2602 ) ;
#1068 = CARTESIAN_POINT ( 'NONE',  ( 339.6027245799340335, 128.1783169023200060, 0.000000000000000000 ) ) ;
#1069 = FACE_OUTER_BOUND ( 'NONE', #3958, .T. ) ;
#1070 = EDGE_CURVE ( 'NONE', #4229, #3632, #3289, .T. ) ;
#1071 = DIRECTION ( 'NONE',  ( 1.763541112907599923E-13, 1.000000000000000000, 0.000000000000000000 ) ) ;
#1072 = ORIENTED_EDGE ( 'NONE', *, *, #1037, .F. ) ;
#1073 = VERTEX_POINT ( 'NONE', #2910 ) ;
#1074 = CARTESIAN_POINT ( 'NONE',  ( 341.6027176458949839, 145.6194130628621224, 0.000000000000000000 ) ) ;
#1075 = DIRECTION ( 'NONE',  ( 0.7071067811865483499, 0.000000000000000000, -0.7071067811865469066 ) ) ;
#1076 = EDGE_CURVE ( 'NONE', #459, #4058, #1513, .T. ) ;
#1077 = DIRECTION ( 'NONE',  ( 0.000000000000000000, 0.000000000000000000, -1.000000000000000000 ) ) ;
#1078 = ORIENTED_EDGE ( 'NONE', *, *, #822, .F. ) ;
#1079 = EDGE_LOOP ( 'NONE', ( #1268, #2590, #3337, #1814 ) ) ;
#1080 = DIRECTION ( 'NONE',  ( 0.000000000000000000, 0.000000000000000000, -1.000000000000000000 ) ) ;
#1081 = CARTESIAN_POINT ( 'NONE',  ( 257.2977337495979668, 130.8782861682230134, -5.000000000000000000 ) ) ;
#1082 = CIRCLE ( 'NONE', #1366, 2.197000000000004505 ) ;
#1083 = DIRECTION ( 'NONE',  ( -0.000000000000000000, 1.000000000000000000, 0.000000000000000000 ) ) ;
#1084 = CARTESIAN_POINT ( 'NONE',  ( 344.6026907865820021, 213.1782842209040041, -25.00000000000000000 ) ) ;
#1085 = EDGE_CURVE ( 'NONE', #808, #16, #295, .T. ) ;
#1086 = EDGE_CURVE ( 'NONE', #2298, #1621, #1445, .T. ) ;
#1087 = CARTESIAN_POINT ( 'NONE',  ( 334.6027036427140047, 213.1782802452189856, -5.000000000000000000 ) ) ;
#1088 = ADVANCED_FACE ( 'NONE', ( #1561 ), #3023, .T. ) ;
#1089 = VECTOR ( 'NONE', #3079, 1000.000000000000000 ) ;
#1090 = DIRECTION ( 'NONE',  ( 0.9999999999999208411, 3.975690048800169588E-07, 0.000000000000000000 ) ) ;
#1091 = VECTOR ( 'NONE', #3982, 1000.000000000000000 ) ;
#1092 = CIRCLE ( 'NONE', #2865, 2.197000000000004505 ) ;
#1093 = DIRECTION ( 'NONE',  ( 0.000000000000000000, 0.000000000000000000, -1.000000000000000000 ) ) ;
#1094 = CARTESIAN_POINT ( 'NONE',  ( 254.5977337495919812, 123.1782831069699853, 0.000000000000000000 ) ) ;
#1095 = AXIS2_PLACEMENT_3D ( 'NONE', #3759, #1093, #3476 ) ;
#1096 = AXIS2_PLACEMENT_3D ( 'NONE', #1664, #4333, #592 ) ;
#1097 = VERTEX_POINT ( 'NONE', #3440 ) ;
#1098 = DIRECTION ( 'NONE',  ( -1.000000000000000000, 0.000000000000000000, 0.000000000000000000 ) ) ;
#1099 = VERTEX_POINT ( 'NONE', #4133 ) ;
#1100 = CIRCLE ( 'NONE', #1244, 4.999999999964366282 ) ;
#1101 = CARTESIAN_POINT ( 'NONE',  ( 341.6027176458949839, 145.6194130628621224, -25.00000000000000000 ) ) ;
#1102 = LINE ( 'NONE', #3450, #3137 ) ;
#1103 = DIRECTION ( 'NONE',  ( 1.490740975259139494E-12, -1.000000000000000000, 0.000000000000000000 ) ) ;
#1104 = FACE_OUTER_BOUND ( 'NONE', #1857, .T. ) ;
#1105 = EDGE_CURVE ( 'NONE', #215, #3212, #4390, .T. ) ;
#1106 = ORIENTED_EDGE ( 'NONE', *, *, #1317, .T. ) ;
#1107 = EDGE_LOOP ( 'NONE', ( #1894, #3389, #3300, #4337 ) ) ;
#1108 = DIRECTION ( 'NONE',  ( -0.7071066406243563529, -0.7071069217487107039, 0.000000000000000000 ) ) ;
#1109 = CARTESIAN_POINT ( 'NONE',  ( 341.6027176458949839, 145.6194130628621224, 0.000000000000000000 ) ) ;
#1110 = DIRECTION ( 'NONE',  ( -3.975695921796518581E-07, 0.9999999999999208411, 0.000000000000000000 ) ) ;
#1111 = DIRECTION ( 'NONE',  ( 1.000000000000000000, 1.561200377065809910E-14, 0.000000000000000000 ) ) ;
#1112 = VECTOR ( 'NONE', #2871, 1000.000000000000000 ) ;
#1113 = PLANE ( 'NONE',  #1681 ) ;
#1114 = DIRECTION ( 'NONE',  ( 0.000000000000000000, 0.000000000000000000, -1.000000000000000000 ) ) ;
#1115 = CARTESIAN_POINT ( 'NONE',  ( 329.5989950341020176, 125.8783129251220032, -5.000000000000000000 ) ) ;
#1116 = VECTOR ( 'NONE', #326, 1000.000000000000227 ) ;
#1117 = EDGE_CURVE ( 'NONE', #659, #3777, #2711, .T. ) ;
#1118 = CARTESIAN_POINT ( 'NONE',  ( 257.2977337495020151, 205.4782842208859961, 0.000000000000000000 ) ) ;
#1119 = VERTEX_POINT ( 'NONE', #2029 ) ;
#1120 = CYLINDRICAL_SURFACE ( 'NONE', #1230, 4.999999999999992895 ) ;
#1121 = LINE ( 'NONE', #3723, #1165 ) ;
#1122 = EDGE_CURVE ( 'NONE', #3632, #1558, #692, .T. ) ;
#1123 = CARTESIAN_POINT ( 'NONE',  ( 343.1382259775492685, 211.7138188296460442, -25.00000000000000000 ) ) ;
#1124 = CARTESIAN_POINT ( 'NONE',  ( 344.6027176458941881, 145.6194142555692110, -22.00000000000000355 ) ) ;
#1125 = VERTEX_POINT ( 'NONE', #2691 ) ;
#1126 = EDGE_CURVE ( 'NONE', #201, #1764, #3756, .T. ) ;
#1127 = VERTEX_POINT ( 'NONE', #1004 ) ;
#1128 = CARTESIAN_POINT ( 'NONE',  ( 289.7990196434949439, 145.6782884345949753, -17.00000000000000000 ) ) ;
#1129 = DIRECTION ( 'NONE',  ( 0.7071067811865483499, 0.000000000000000000, -0.7071067811865469066 ) ) ;
#1130 = CARTESIAN_POINT ( 'NONE',  ( 259.5977357374330268, 123.1782850948160046, 0.000000000000000000 ) ) ;
#1131 = EDGE_CURVE ( 'NONE', #606, #2547, #35, .T. ) ;
#1132 = EDGE_CURVE ( 'NONE', #3859, #634, #3711, .T. ) ;
#1133 = CARTESIAN_POINT ( 'NONE',  ( 344.6026907865820021, 213.1782842209040041, -25.00000000000000000 ) ) ;
#1134 = CARTESIAN_POINT ( 'NONE',  ( 257.4019928075895223, 191.7225491000616842, -22.00000000000000355 ) ) ;
#1135 = CARTESIAN_POINT ( 'NONE',  ( 294.7990274744079784, 125.9812990897589913, -5.000000000000000000 ) ) ;
#1136 = EDGE_CURVE ( 'NONE', #328, #4368, #1712, .T. ) ;
#1137 = ADVANCED_FACE ( 'NONE', ( #3737 ), #668, .T. ) ;
#1138 = FACE_OUTER_BOUND ( 'NONE', #1140, .T. ) ;
#1139 = VERTEX_POINT ( 'NONE', #3045 ) ;
#1140 = EDGE_LOOP ( 'NONE', ( #1407, #3917, #1192, #3490 ) ) ;
#1141 = CARTESIAN_POINT ( 'NONE',  ( 294.3989928075900480, 213.1782842209040041, -5.000000000000000000 ) ) ;
#1142 = EDGE_CURVE ( 'NONE', #266, #2284, #3497, .T. ) ;
#1143 = EDGE_CURVE ( 'NONE', #2656, #1989, #4007, .T. ) ;
#1144 = PLANE ( 'NONE',  #3566 ) ;
#1145 = FACE_OUTER_BOUND ( 'NONE', #1697, .T. ) ;
#1146 = FACE_OUTER_BOUND ( 'NONE', #140, .T. ) ;
#1147 = ORIENTED_EDGE ( 'NONE', *, *, #2323, .F. ) ;
#1148 = VERTEX_POINT ( 'NONE', #2752 ) ;
#1149 = CARTESIAN_POINT ( 'NONE',  ( 299.6002301586469798, 168.1782836639370089, -22.00000000000000000 ) ) ;
#1150 = CALENDAR_DATE ( 2025, 4, 9 ) ;
#1151 = ORIENTED_EDGE ( 'NONE', *, *, #1919, .F. ) ;
#1152 = CARTESIAN_POINT ( 'NONE',  ( 341.9027244011109588, 128.6283178167049925, -22.00000000000000000 ) ) ;
#1153 = CIRCLE ( 'NONE', #2568, 2.197000000000004505 ) ;
#1154 = LINE ( 'NONE', #183, #3646 ) ;
#1155 = CARTESIAN_POINT ( 'NONE',  ( 344.6026927744260320, 208.1782862087490003, 0.000000000000000000 ) ) ;
#1156 = AXIS2_PLACEMENT_3D ( 'NONE', #3825, #3525, #3461 ) ;
#1157 = VECTOR ( 'NONE', #3345, 1000.000000000000000 ) ;
#1158 = VECTOR ( 'NONE', #2254, 1000.000000000000000 ) ;
#1159 = LINE ( 'NONE', #2512, #3716 ) ;
#1160 = DIRECTION ( 'NONE',  ( -3.975690058647769339E-07, 0.9999999999999208411, 0.000000000000000000 ) ) ;
#1161 = ORIENTED_EDGE ( 'NONE', *, *, #1237, .T. ) ;
#1162 = ADVANCED_FACE ( 'NONE', ( #4094 ), #710, .F. ) ;
#1163 = ORIENTED_EDGE ( 'NONE', *, *, #4274, .T. ) ;
#1164 = DIRECTION ( 'NONE',  ( 1.000000000000000000, 1.298960938811431941E-12, 0.000000000000000000 ) ) ;
#1165 = VECTOR ( 'NONE', #676, 1000.000000000000000 ) ;
#1166 = DIRECTION ( 'NONE',  ( 0.000000000000000000, 0.000000000000000000, 1.000000000000000000 ) ) ;
#1167 = DIRECTION ( 'NONE',  ( -1.000000000000000000, 2.001528833127040111E-15, 0.000000000000000000 ) ) ;
#1168 = DIRECTION ( 'NONE',  ( 0.000000000000000000, -1.000000000000000000, 0.000000000000000000 ) ) ;
#1169 = ORIENTED_EDGE ( 'NONE', *, *, #1612, .F. ) ;
#1170 = ORIENTED_EDGE ( 'NONE', *, *, #3320, .T. ) ;
#1171 = CARTESIAN_POINT ( 'NONE',  ( 294.7990285887940445, 123.1782990897590082, -5.000000000000000000 ) ) ;
#1172 = LINE ( 'NONE', #2527, #907 ) ;
#1173 = ORIENTED_EDGE ( 'NONE', *, *, #3318, .F. ) ;
#1174 = DIRECTION ( 'NONE',  ( 2.325074397120559807E-16, 9.243775143353000910E-23, -1.000000000000000000 ) ) ;
#1175 = CARTESIAN_POINT ( 'NONE',  ( 304.7990263600210596, 125.9813030654480031, -25.00000000000000000 ) ) ;
#1176 = CARTESIAN_POINT ( 'NONE',  ( 254.5977337495879453, 191.7225491000616842, -25.00000000000000000 ) ) ;
#1177 = CARTESIAN_POINT ( 'NONE',  ( 260.3990000016239605, 195.3783112489279858, -3.500000000000000000 ) ) ;
#1178 = AXIS2_PLACEMENT_3D ( 'NONE', #2007, #3007, #4035 ) ;
#1179 = LINE ( 'NONE', #3547, #1800 ) ;
#1180 = LINE ( 'NONE', #4186, #2677 ) ;
#1181 = ORIENTED_EDGE ( 'NONE', *, *, #4197, .T. ) ;
#1182 = AXIS2_PLACEMENT_3D ( 'NONE', #3847, #185, #783 ) ;
#1183 = ORIENTED_EDGE ( 'NONE', *, *, #2314, .F. ) ;
#1184 = CARTESIAN_POINT ( 'NONE',  ( 264.5989928075869670, 210.4782842208930163, -5.000000000000000000 ) ) ;
#1185 = CYLINDRICAL_SURFACE ( 'NONE', #173, 4.999999999999899636 ) ;
#1186 = CIRCLE ( 'NONE', #125, 5.000000000000015987 ) ;
#1187 = CARTESIAN_POINT ( 'NONE',  ( 264.5989928075869670, 125.8782870831380052, -5.000000000000000000 ) ) ;
#1188 = ORIENTED_EDGE ( 'NONE', *, *, #3308, .T. ) ;
#1189 = ORIENTED_EDGE ( 'NONE', *, *, #2137, .T. ) ;
#1190 = CARTESIAN_POINT ( 'NONE',  ( 259.5977337495190227, 208.1782842209040041, 0.000000000000000000 ) ) ;
#1191 = CARTESIAN_POINT ( 'NONE',  ( 341.9026993167641990, 191.7225480266180284, 0.000000000000000000 ) ) ;
#1192 = ORIENTED_EDGE ( 'NONE', *, *, #2067, .T. ) ;
#1193 = ORIENTED_EDGE ( 'NONE', *, *, #2470, .F. ) ;
#1194 = DIRECTION ( 'NONE',  ( 0.000000000000000000, 0.000000000000000000, -1.000000000000000000 ) ) ;
#1195 = EDGE_CURVE ( 'NONE', #246, #3875, #1092, .T. ) ;
#1196 = EDGE_LOOP ( 'NONE', ( #3881, #1947, #2712, #3422, #4322, #3727 ) ) ;
#1197 = ORIENTED_EDGE ( 'NONE', *, *, #2528, .F. ) ;
#1198 = DIRECTION ( 'NONE',  ( 0.000000000000000000, 0.000000000000000000, 1.000000000000000000 ) ) ;
#1199 = DIRECTION ( 'NONE',  ( 1.000000000000000000, -7.088774012282144728E-12, 0.000000000000000000 ) ) ;
#1200 = ORIENTED_EDGE ( 'NONE', *, *, #748, .T. ) ;
#1201 = CARTESIAN_POINT ( 'NONE',  ( 262.2977357374429630, 125.8782861682299909, 0.000000000000000000 ) ) ;
#1202 = ORIENTED_EDGE ( 'NONE', *, *, #221, .F. ) ;
#1203 = VERTEX_POINT ( 'NONE', #2769 ) ;
#1204 = EDGE_CURVE ( 'NONE', #1782, #2550, #3787, .T. ) ;
#1205 = DIRECTION ( 'NONE',  ( 0.000000000000000000, 0.000000000000000000, -1.000000000000000000 ) ) ;
#1206 = DIRECTION ( 'NONE',  ( 0.000000000000000000, 0.000000000000000000, 1.000000000000000000 ) ) ;
#1207 = CARTESIAN_POINT ( 'NONE',  ( 294.7990274744140038, 125.9812842209039871, -32.59999999999999432 ) ) ;
#1208 = ORIENTED_EDGE ( 'NONE', *, *, #1995, .F. ) ;
#1209 = ORIENTED_EDGE ( 'NONE', *, *, #4041, .F. ) ;
#1210 = ADVANCED_FACE ( 'NONE', ( #3776, #730 ), #71, .T. ) ;
#1211 = EDGE_CURVE ( 'NONE', #3901, #3621, #3350, .T. ) ;
#1212 = VERTEX_POINT ( 'NONE', #2169 ) ;
#1213 = ORIENTED_EDGE ( 'NONE', *, *, #2834, .T. ) ;
#1214 = VERTEX_POINT ( 'NONE', #2877 ) ;
#1215 = CARTESIAN_POINT ( 'NONE',  ( 304.7989928075899684, 210.4782842208930163, -5.000000000000000000 ) ) ;
#1216 = ORIENTED_EDGE ( 'NONE', *, *, #1588, .F. ) ;
#1217 = ORIENTED_EDGE ( 'NONE', *, *, #716, .T. ) ;
#1218 = FACE_OUTER_BOUND ( 'NONE', #888, .T. ) ;
#1219 = CARTESIAN_POINT ( 'NONE',  ( 259.5977337495190227, 208.1782842209040041, 0.000000000000000000 ) ) ;
#1220 = EDGE_CURVE ( 'NONE', #4267, #3266, #164, .T. ) ;
#1221 = EDGE_CURVE ( 'NONE', #3233, #1097, #3226, .T. ) ;
#1222 = VECTOR ( 'NONE', #3376, 1000.000000000000227 ) ;
#1223 = DIRECTION ( 'NONE',  ( -1.000000000000000000, 1.763541112907599923E-13, 0.000000000000000000 ) ) ;
#1224 = ORIENTED_EDGE ( 'NONE', *, *, #4214, .T. ) ;
#1225 = CIRCLE ( 'NONE', #1736, 3.374900000006619827 ) ;
#1226 = EDGE_LOOP ( 'NONE', ( #3168, #2969, #1434, #3133 ) ) ;
#1227 = DIRECTION ( 'NONE',  ( 0.000000000000000000, 0.000000000000000000, 1.000000000000000000 ) ) ;
#1228 = APPROVAL_PERSON_ORGANIZATION ( #1372, #1353, #2044 ) ;
#1229 = DIRECTION ( 'NONE',  ( 1.000000000000000000, -7.088774012282144728E-12, 0.000000000000000000 ) ) ;
#1230 = AXIS2_PLACEMENT_3D ( 'NONE', #4188, #3466, #100 ) ;
#1231 = DIRECTION ( 'NONE',  ( 0.000000000000000000, 0.000000000000000000, 1.000000000000000000 ) ) ;
#1232 = VERTEX_POINT ( 'NONE', #2540 ) ;
#1233 = EDGE_LOOP ( 'NONE', ( #2479, #793, #3008, #2988, #2589, #4056 ) ) ;
#1234 = CIRCLE ( 'NONE', #1658, 2.749999999999919176 ) ;
#1235 = AXIS2_PLACEMENT_3D ( 'NONE', #709, #560, #2071 ) ;
#1236 = AXIS2_PLACEMENT_3D ( 'NONE', #4249, #202, #2908 ) ;
#1237 = EDGE_CURVE ( 'NONE', #2753, #1782, #3163, .T. ) ;
#1238 = VECTOR ( 'NONE', #3095, 1000.000000000000227 ) ;
#1239 = ORIENTED_EDGE ( 'NONE', *, *, #2888, .F. ) ;
#1240 = ORIENTED_EDGE ( 'NONE', *, *, #3038, .F. ) ;
#1241 = ORIENTED_EDGE ( 'NONE', *, *, #2212, .F. ) ;
#1242 = CARTESIAN_POINT ( 'NONE',  ( 256.0621998435847217, 211.7138181268352355, 0.000000000000000000 ) ) ;
#1243 = LINE ( 'NONE', #1531, #3486 ) ;
#1244 = AXIS2_PLACEMENT_3D ( 'NONE', #3597, #1508, #1487 ) ;
#1245 = ORIENTED_EDGE ( 'NONE', *, *, #3608, .F. ) ;
#1246 = VERTEX_POINT ( 'NONE', #476 ) ;
#1247 = CARTESIAN_POINT ( 'NONE',  ( 304.7990263600210028, 125.9813030654480031, -5.000000000000000000 ) ) ;
#1248 = DIRECTION ( 'NONE',  ( 0.000000000000000000, 1.000000000000000000, 0.000000000000000000 ) ) ;
#1249 = LINE ( 'NONE', #4321, #4383 ) ;
#1250 = ORIENTED_EDGE ( 'NONE', *, *, #2576, .F. ) ;
#1251 = ORIENTED_EDGE ( 'NONE', *, *, #2401, .F. ) ;
#1252 = VECTOR ( 'NONE', #3760, 1000.000000000000000 ) ;
#1253 = LINE ( 'NONE', #2606, #4280 ) ;
#1254 = ADVANCED_FACE ( 'NONE', ( #786 ), #2829, .F. ) ;
#1255 = VECTOR ( 'NONE', #3200, 1000.000000000000000 ) ;
#1256 = DIRECTION ( 'NONE',  ( -0.000000000000000000, 0.000000000000000000, 1.000000000000000000 ) ) ;
#1257 = ORIENTED_EDGE ( 'NONE', *, *, #253, .T. ) ;
#1258 = ORIENTED_EDGE ( 'NONE', *, *, #2765, .F. ) ;
#1259 = VECTOR ( 'NONE', #1056, 1000.000000000000000 ) ;
#1260 = ADVANCED_FACE ( 'NONE', ( #2232 ), #1185, .F. ) ;
#1261 = AXIS2_PLACEMENT_3D ( 'NONE', #43, #1787, #3139 ) ;
#1262 = LINE ( 'NONE', #1528, #3593 ) ;
#1263 = ORIENTED_EDGE ( 'NONE', *, *, #4299, .F. ) ;
#1264 = EDGE_LOOP ( 'NONE', ( #1274, #2304, #2833, #2406, #1239, #4212, #1257, #2948, #3631, #4335, #1684, #627, #2279, #840, #1281, #2144, #3995, #2581, #973 ) ) ;
#1265 = LINE ( 'NONE', #286, #4149 ) ;
#1266 = CARTESIAN_POINT ( 'NONE',  ( 304.7990263600285061, 125.9812842209039871, -25.00000000000000000 ) ) ;
#1267 = ORIENTED_EDGE ( 'NONE', *, *, #1618, .F. ) ;
#1268 = ORIENTED_EDGE ( 'NONE', *, *, #2888, .T. ) ;
#1269 = FACE_OUTER_BOUND ( 'NONE', #1529, .T. ) ;
#1270 = DIRECTION ( 'NONE',  ( 1.000000000000000000, 0.000000000000000000, 0.000000000000000000 ) ) ;
#1271 = ADVANCED_FACE ( 'NONE', ( #1898, #2208, #453 ), #3553, .T. ) ;
#1272 = ORIENTED_EDGE ( 'NONE', *, *, #3152, .F. ) ;
#1273 = DIRECTION ( 'NONE',  ( 0.9999999999999209521, 3.975690056444250714E-07, 1.477771191271905417E-15 ) ) ;
#1274 = ORIENTED_EDGE ( 'NONE', *, *, #2497, .T. ) ;
#1275 = ORIENTED_EDGE ( 'NONE', *, *, #351, .F. ) ;
#1276 = CARTESIAN_POINT ( 'NONE',  ( 304.7989928075899684, 210.3752842209040068, -17.00000000000000000 ) ) ;
#1277 = ADVANCED_FACE ( 'NONE', ( #3249 ), #1876, .T. ) ;
#1278 = LINE ( 'NONE', #4273, #1794 ) ;
#1279 = FACE_OUTER_BOUND ( 'NONE', #3531, .T. ) ;
#1280 = ORIENTED_EDGE ( 'NONE', *, *, #4243, .F. ) ;
#1281 = ORIENTED_EDGE ( 'NONE', *, *, #1550, .T. ) ;
#1282 = ADVANCED_FACE ( 'NONE', ( #209 ), #1144, .T. ) ;
#1283 = ADVANCED_FACE ( 'NONE', ( #1566 ), #3836, .T. ) ;
#1284 = DIRECTION ( 'NONE',  ( 1.000000000000000000, 0.000000000000000000, 0.000000000000000000 ) ) ;
#1285 = VERTEX_POINT ( 'NONE', #2914 ) ;
#1286 = ORIENTED_EDGE ( 'NONE', *, *, #4373, .T. ) ;
#1287 = CARTESIAN_POINT ( 'NONE',  ( 344.6027176458941881, 191.7225491000616557, -22.00000000000000355 ) ) ;
#1288 = CARTESIAN_POINT ( 'NONE',  ( 257.2990244592239719, 130.7646840981740013, -3.500000000000000000 ) ) ;
#1289 = ORIENTED_EDGE ( 'NONE', *, *, #163, .T. ) ;
#1290 = ORIENTED_EDGE ( 'NONE', *, *, #3790, .F. ) ;
#1291 = CARTESIAN_POINT ( 'NONE',  ( 344.6027176458941881, 191.7225491000616557, -25.00000000000000000 ) ) ;
#1292 = DIRECTION ( 'NONE',  ( -3.975690035102445103E-07, 0.9999999999999210631, -1.394145080413009909E-17 ) ) ;
#1293 = CARTESIAN_POINT ( 'NONE',  ( 341.9026993167635737, 191.7225480266180284, 0.000000000000000000 ) ) ;
#1294 = ORIENTED_EDGE ( 'NONE', *, *, #4384, .T. ) ;
#1295 = CARTESIAN_POINT ( 'NONE',  ( 293.3345622161313599, 123.1782985075325740, -20.53553418452786516 ) ) ;
#1296 = FACE_BOUND ( 'NONE', #1196, .T. ) ;
#1297 = APPLICATION_CONTEXT ( 'configuration controlled 3d designs of mechanical parts and assemblies' ) ;
#1298 = DIRECTION ( 'NONE',  ( 0.000000000000000000, 0.000000000000000000, 1.000000000000000000 ) ) ;
#1299 = ORIENTED_EDGE ( 'NONE', *, *, #1608, .T. ) ;
#1300 = AXIS2_PLACEMENT_3D ( 'NONE', #4196, #1504, #2863 ) ;
#1301 = VECTOR ( 'NONE', #1809, 1000.000000000000000 ) ;
#1302 = LOCAL_TIME ( 18, 22, 4.000000000000000000, #4352 ) ;
#1303 = AXIS2_PLACEMENT_3D ( 'NONE', #782, #4228, #1827 ) ;
#1304 = CARTESIAN_POINT ( 'NONE',  ( 344.6027176458941881, 191.7225491000616557, -22.00000000000000355 ) ) ;
#1305 = ORIENTED_EDGE ( 'NONE', *, *, #1463, .F. ) ;
#1306 = VECTOR ( 'NONE', #1049, 1000.000000000000227 ) ;
#1307 = VERTEX_POINT ( 'NONE', #2558 ) ;
#1308 = PLANE ( 'NONE',  #3010 ) ;
#1309 = VECTOR ( 'NONE', #847, 1000.000000000000000 ) ;
#1310 = VECTOR ( 'NONE', #4132, 1000.000000000000000 ) ;
#1311 = ORIENTED_EDGE ( 'NONE', *, *, #926, .F. ) ;
#1312 = CIRCLE ( 'NONE', #1455, 5.000000000000015987 ) ;
#1313 = ORIENTED_EDGE ( 'NONE', *, *, #1505, .T. ) ;
#1314 = DIRECTION ( 'NONE',  ( 1.000000000000000000, 0.000000000000000000, 0.000000000000000000 ) ) ;
#1315 = CARTESIAN_POINT ( 'NONE',  ( 262.2977357374429630, 125.8782861682299909, 0.000000000000000000 ) ) ;
#1316 = DIRECTION ( 'NONE',  ( 0.000000000000000000, -1.000000000000000000, 0.000000000000000000 ) ) ;
#1317 = EDGE_CURVE ( 'NONE', #3340, #2145, #2508, .T. ) ;
#1318 = FACE_OUTER_BOUND ( 'NONE', #2936, .T. ) ;
#1319 = ORIENTED_EDGE ( 'NONE', *, *, #3081, .T. ) ;
#1320 = PLANE ( 'NONE',  #34 ) ;
#1321 = DIRECTION ( 'NONE',  ( 0.000000000000000000, 0.000000000000000000, -1.000000000000000000 ) ) ;
#1322 = VECTOR ( 'NONE', #429, 1000.000000000000000 ) ;
#1323 = CARTESIAN_POINT ( 'NONE',  ( 262.2977337495020151, 210.4782842208930163, 0.000000000000000000 ) ) ;
#1324 = ORIENTED_EDGE ( 'NONE', *, *, #26, .F. ) ;
#1325 = VECTOR ( 'NONE', #1090, 1000.000000000000227 ) ;
#1326 = CARTESIAN_POINT ( 'NONE',  ( 344.6026907865820021, 213.1782842209040041, 0.000000000000000000 ) ) ;
#1327 = ORIENTED_EDGE ( 'NONE', *, *, #1606, .T. ) ;
#1328 = ORIENTED_EDGE ( 'NONE', *, *, #2515, .T. ) ;
#1329 = AXIS2_PLACEMENT_3D ( 'NONE', #3647, #2674, #1650 ) ;
#1330 = DIRECTION ( 'NONE',  ( -0.7071067811865495711, 0.000000000000000000, -0.7071067811865453523 ) ) ;
#1331 = PERSON_AND_ORGANIZATION_ROLE ( 'creator' ) ;
#1332 = EDGE_CURVE ( 'NONE', #1609, #3240, #3920, .T. ) ;
#1333 = CIRCLE ( 'NONE', #3812, 5.000000000000004441 ) ;
#1334 = VERTEX_POINT ( 'NONE', #1810 ) ;
#1335 = LINE ( 'NONE', #2687, #2366 ) ;
#1336 = DIRECTION ( 'NONE',  ( -3.975689676461903619E-07, 0.9999999999999208411, 0.000000000000000000 ) ) ;
#1337 = LINE ( 'NONE', #361, #2858 ) ;
#1338 = EDGE_CURVE ( 'NONE', #946, #2692, #2653, .T. ) ;
#1339 = ADVANCED_FACE ( 'NONE', ( #2519 ), #813, .T. ) ;
#1340 = DIRECTION ( 'NONE',  ( -0.7071067811865495711, 0.000000000000000000, -0.7071067811865453523 ) ) ;
#1341 = CARTESIAN_POINT ( 'NONE',  ( 306.2634846231754864, 145.6782949803562985, -20.53553390593274131 ) ) ;
#1342 = ORIENTED_EDGE ( 'NONE', *, *, #7, .T. ) ;
#1343 = CARTESIAN_POINT ( 'NONE',  ( 264.5989845238160001, 123.1782870831569880, -22.00000000000000000 ) ) ;
#1344 = CARTESIAN_POINT ( 'NONE',  ( 289.3989928075899911, 190.6782839424210181, -17.00000000000000000 ) ) ;
#1345 = ORIENTED_EDGE ( 'NONE', *, *, #1565, .T. ) ;
#1346 = CARTESIAN_POINT ( 'NONE',  ( 344.6026927744260320, 208.1782862087490003, 0.000000000000000000 ) ) ;
#1347 = ORIENTED_EDGE ( 'NONE', *, *, #3171, .T. ) ;
#1348 = ORIENTED_EDGE ( 'NONE', *, *, #2520, .T. ) ;
#1349 = LINE ( 'NONE', #3408, #2729 ) ;
#1350 = CARTESIAN_POINT ( 'NONE',  ( 260.3990000016229942, 126.2528337412450128, -5.000000000000000000 ) ) ;
#1351 = FACE_OUTER_BOUND ( 'NONE', #3966, .T. ) ;
#1352 = ADVANCED_FACE ( 'NONE', ( #3878 ), #1918, .T. ) ;
#1353 = APPROVAL ( #996, 'UNSPECIFIED' ) ;
#1354 = ORIENTED_EDGE ( 'NONE', *, *, #3172, .F. ) ;
#1355 = CARTESIAN_POINT ( 'NONE',  ( 343.1382259775492685, 211.7138188296460442, 0.000000000000000000 ) ) ;
#1356 = DIRECTION ( 'NONE',  ( -1.000000000000000000, 0.000000000000000000, 0.000000000000000000 ) ) ;
#1357 = DIRECTION ( 'NONE',  ( -3.975690035241859844E-07, 0.9999999999999208411, 0.000000000000000000 ) ) ;
#1358 = LINE ( 'NONE', #1025, #2158 ) ;
#1359 = CARTESIAN_POINT ( 'NONE',  ( 254.5977337495149868, 213.1782842209040041, -22.00000000000000000 ) ) ;
#1360 = ORIENTED_EDGE ( 'NONE', *, *, #2665, .F. ) ;
#1361 = ADVANCED_FACE ( 'NONE', ( #691 ), #230, .T. ) ;
#1362 = DIRECTION ( 'NONE',  ( 0.9999999999997497557, -7.075485213376739605E-07, 0.000000000000000000 ) ) ;
#1363 = DIRECTION ( 'NONE',  ( 0.000000000000000000, 0.000000000000000000, -1.000000000000000000 ) ) ;
#1364 = ORIENTED_EDGE ( 'NONE', *, *, #3990, .T. ) ;
#1365 = CARTESIAN_POINT ( 'NONE',  ( 344.6026993167172918, 191.7225491000616557, 0.000000000000000000 ) ) ;
#1366 = AXIS2_PLACEMENT_3D ( 'NONE', #3084, #1022, #983 ) ;
#1367 = LINE ( 'NONE', #1659, #339 ) ;
#1368 = ORIENTED_EDGE ( 'NONE', *, *, #1076, .T. ) ;
#1369 = ORIENTED_EDGE ( 'NONE', *, *, #485, .T. ) ;
#1370 = AXIS2_PLACEMENT_3D ( 'NONE', #90, #3506, #1823 ) ;
#1371 = CARTESIAN_POINT ( 'NONE',  ( 339.6027265677790297, 123.1783169023200060, 0.000000000000000000 ) ) ;
#1372 = PERSON_AND_ORGANIZATION ( #855, #877 ) ;
#1373 = LOCAL_TIME ( 18, 22, 4.000000000000000000, #4112 ) ;
#1374 = EDGE_CURVE ( 'NONE', #1882, #1119, #3288, .T. ) ;
#1375 = VECTOR ( 'NONE', #2881, 1000.000000000000000 ) ;
#1376 = DIRECTION ( 'NONE',  ( 0.000000000000000000, 0.000000000000000000, 1.000000000000000000 ) ) ;
#1377 = DIRECTION ( 'NONE',  ( -0.7071067811865495711, 0.000000000000000000, -0.7071067811865453523 ) ) ;
#1378 = VECTOR ( 'NONE', #3048, 1000.000000000000227 ) ;
#1379 = AXIS2_PLACEMENT_3D ( 'NONE', #25, #1380, #1340 ) ;
#1380 = DIRECTION ( 'NONE',  ( 0.000000000000000000, -1.000000000000000000, 0.000000000000000000 ) ) ;
#1381 = VECTOR ( 'NONE', #329, 1000.000000000000227 ) ;
#1382 = VECTOR ( 'NONE', #2768, 1000.000000000000000 ) ;
#1383 = DIRECTION ( 'NONE',  ( -0.7071067811868501085, 0.7071067811862449259, 0.000000000000000000 ) ) ;
#1384 = ORIENTED_EDGE ( 'NONE', *, *, #2931, .T. ) ;
#1385 = DIRECTION ( 'NONE',  ( 0.7071066406246574454, 0.7071069217484095004, 0.000000000000000000 ) ) ;
#1386 = VECTOR ( 'NONE', #469, 1000.000000000000000 ) ;
#1387 = DIRECTION ( 'NONE',  ( -0.9999999999999208411, -3.975689644130508851E-07, 0.000000000000000000 ) ) ;
#1388 = DIRECTION ( 'NONE',  ( 2.220446049250280517E-13, 1.000000000000000000, 0.000000000000000000 ) ) ;
#1389 = ORIENTED_EDGE ( 'NONE', *, *, #1660, .F. ) ;
#1390 = EDGE_CURVE ( 'NONE', #1992, #2906, #2997, .T. ) ;
#1391 = CARTESIAN_POINT ( 'NONE',  ( 300.3990449729780039, 213.1782842209040041, 0.6497013181467868881 ) ) ;
#1392 = CARTESIAN_POINT ( 'NONE',  ( 259.5989928075869670, 125.9812842209039871, -22.00000000000000000 ) ) ;
#1393 = ORIENTED_EDGE ( 'NONE', *, *, #1924, .F. ) ;
#1394 = ORIENTED_EDGE ( 'NONE', *, *, #854, .T. ) ;
#1395 = DIRECTION ( 'NONE',  ( -1.290120858860669911E-12, 1.000000000000000000, 0.000000000000000000 ) ) ;
#1396 = CARTESIAN_POINT ( 'NONE',  ( 344.6026907865820021, 213.1782842209040041, -22.00000000000000000 ) ) ;
#1397 = CIRCLE ( 'NONE', #3806, 5.000000000000013323 ) ;
#1398 = DIRECTION ( 'NONE',  ( 1.000000000000000000, 0.000000000000000000, 0.000000000000000000 ) ) ;
#1399 = DIRECTION ( 'NONE',  ( 1.000000000000000000, -2.935676250064819728E-14, 0.000000000000000000 ) ) ;
#1400 = DIRECTION ( 'NONE',  ( 0.000000000000000000, -1.000000000000000000, 0.000000000000000000 ) ) ;
#1401 = DIRECTION ( 'NONE',  ( 0.000000000000000000, -1.000000000000000000, 0.000000000000000000 ) ) ;
#1402 = ORIENTED_EDGE ( 'NONE', *, *, #465, .T. ) ;
#1403 = CARTESIAN_POINT ( 'NONE',  ( 257.4019928075907728, 145.6194142555692679, -22.00000000000000000 ) ) ;
#1404 = CARTESIAN_POINT ( 'NONE',  ( 257.2977337494999688, 133.1783062885320135, -5.000000000000000000 ) ) ;
#1405 = EDGE_CURVE ( 'NONE', #823, #3976, #3735, .T. ) ;
#1406 = CYLINDRICAL_SURFACE ( 'NONE', #3231, 2.196999999999948994 ) ;
#1407 = ORIENTED_EDGE ( 'NONE', *, *, #2392, .F. ) ;
#1408 = EDGE_LOOP ( 'NONE', ( #150, #2776, #371, #1754 ) ) ;
#1409 = CARTESIAN_POINT ( 'NONE',  ( 259.1594266394170631, 210.3308618812449993, -22.00000000000000000 ) ) ;
#1410 = CARTESIAN_POINT ( 'NONE',  ( 339.1527225921830677, 125.8783155986110103, -5.000000000000000000 ) ) ;
#1411 = DIRECTION ( 'NONE',  ( -6.661338147750940229E-16, 1.000000000000000000, 0.000000000000000000 ) ) ;
#1412 = VERTEX_POINT ( 'NONE', #2001 ) ;
#1413 = ORIENTED_EDGE ( 'NONE', *, *, #759, .T. ) ;
#1414 = EDGE_CURVE ( 'NONE', #606, #3907, #2585, .T. ) ;
#1415 = DIRECTION ( 'NONE',  ( 1.465474179068250959E-12, 1.000000000000000000, 0.000000000000000000 ) ) ;
#1416 = ADVANCED_FACE ( 'NONE', ( #4030 ), #4068, .T. ) ;
#1417 = CARTESIAN_POINT ( 'NONE',  ( 339.6026927744260320, 208.1782842209040041, -5.000000000000000000 ) ) ;
#1418 = ADVANCED_FACE ( 'NONE', ( #2027 ), #3688, .T. ) ;
#1419 = CARTESIAN_POINT ( 'NONE',  ( 344.6027265677790297, 123.1783188901650021, -25.00000000000000000 ) ) ;
#1420 = LINE ( 'NONE', #3800, #3558 ) ;
#1421 = DIRECTION ( 'NONE',  ( 0.000000000000000000, 0.000000000000000000, -1.000000000000000000 ) ) ;
#1422 = CARTESIAN_POINT ( 'NONE',  ( 335.7489939208419969, 128.7288021692179996, -3.500000000000000000 ) ) ;
#1423 = DIRECTION ( 'NONE',  ( 0.000000000000000000, 1.000000000000000000, 0.000000000000000000 ) ) ;
#1424 = CARTESIAN_POINT ( 'NONE',  ( 334.2039745797910086, 128.6332666870839887, -5.000000000000000000 ) ) ;
#1425 = EDGE_CURVE ( 'NONE', #3388, #263, #2577, .T. ) ;
#1426 = ORIENTED_EDGE ( 'NONE', *, *, #2840, .T. ) ;
#1427 = CARTESIAN_POINT ( 'NONE',  ( 331.5989950341020176, 129.5792914133149907, -3.500000000000000000 ) ) ;
#1428 = ORIENTED_EDGE ( 'NONE', *, *, #36, .F. ) ;
#1429 = CARTESIAN_POINT ( 'NONE',  ( 260.0477337495220240, 125.8782870831380052, -5.000000000000000000 ) ) ;
#1430 = DIRECTION ( 'NONE',  ( -0.7071067811868501085, 0.7071067811862449259, 0.000000000000000000 ) ) ;
#1431 = CARTESIAN_POINT ( 'NONE',  ( 257.4019928075895223, 191.7225491000616842, -25.00000000000000000 ) ) ;
#1432 = DIRECTION ( 'NONE',  ( -3.975690063360884062E-07, 0.9999999999999208411, 0.000000000000000000 ) ) ;
#1433 = ORIENTED_EDGE ( 'NONE', *, *, #3546, .F. ) ;
#1434 = ORIENTED_EDGE ( 'NONE', *, *, #796, .F. ) ;
#1435 = FACE_OUTER_BOUND ( 'NONE', #577, .T. ) ;
#1436 = DATE_AND_TIME ( #747, #1373 ) ;
#1437 = VECTOR ( 'NONE', #3734, 1000.000000000000000 ) ;
#1438 = DIRECTION ( 'NONE',  ( 0.000000000000000000, 0.000000000000000000, 1.000000000000000000 ) ) ;
#1439 = FACE_OUTER_BOUND ( 'NONE', #1107, .T. ) ;
#1440 = VECTOR ( 'NONE', #1831, 1000.000000000000000 ) ;
#1441 = LINE ( 'NONE', #4157, #2095 ) ;
#1442 = AXIS2_PLACEMENT_3D ( 'NONE', #4023, #4043, #3392 ) ;
#1443 = LINE ( 'NONE', #2799, #1892 ) ;
#1444 = VECTOR ( 'NONE', #3165, 1000.000000000000000 ) ;
#1445 = CIRCLE ( 'NONE', #316, 2.749999999999974687 ) ;
#1446 = LINE ( 'NONE', #2800, #1940 ) ;
#1447 = CARTESIAN_POINT ( 'NONE',  ( 254.5977337495879453, 191.7225491000616842, -22.00000000000000355 ) ) ;
#1448 = FACE_OUTER_BOUND ( 'NONE', #806, .T. ) ;
#1449 = EDGE_CURVE ( 'NONE', #4242, #1569, #1672, .T. ) ;
#1450 = AXIS2_PLACEMENT_3D ( 'NONE', #1447, #734, #2117 ) ;
#1451 = VECTOR ( 'NONE', #2444, 1000.000000000000000 ) ;
#1452 = FACE_OUTER_BOUND ( 'NONE', #3981, .T. ) ;
#1453 = LINE ( 'NONE', #58, #121 ) ;
#1454 = VERTEX_POINT ( 'NONE', #3397 ) ;
#1455 = AXIS2_PLACEMENT_3D ( 'NONE', #360, #1758, #1129 ) ;
#1456 = CARTESIAN_POINT ( 'NONE',  ( 304.7990263600210028, 125.9813030654480031, -5.000000000000000000 ) ) ;
#1457 = DIRECTION ( 'NONE',  ( 0.000000000000000000, -1.000000000000000000, 0.000000000000000000 ) ) ;
#1458 = CARTESIAN_POINT ( 'NONE',  ( 262.2977337495979668, 130.8782861682300052, -5.000000000000000000 ) ) ;
#1459 = ORIENTED_EDGE ( 'NONE', *, *, #2834, .F. ) ;
#1460 = EDGE_LOOP ( 'NONE', ( #1360, #3328, #1213, #548 ) ) ;
#1461 = CARTESIAN_POINT ( 'NONE',  ( 344.6027086771803738, 168.1783015555276677, -22.00000000000000000 ) ) ;
#1462 = DATE_AND_TIME ( #1150, #2436 ) ;
#1463 = EDGE_CURVE ( 'NONE', #1634, #4077, #3348, .T. ) ;
#1464 = AXIS2_PLACEMENT_3D ( 'NONE', #3299, #1654, #281 ) ;
#1465 = CARTESIAN_POINT ( 'NONE',  ( 341.9027244011109588, 128.6283178167049925, 0.000000000000000000 ) ) ;
#1466 = EDGE_CURVE ( 'NONE', #3922, #3732, #1711, .T. ) ;
#1467 = CARTESIAN_POINT ( 'NONE',  ( 287.7989779628339875, 123.1782963067559962, 0.6497013181468069831 ) ) ;
#1468 = DIRECTION ( 'NONE',  ( 0.000000000000000000, 0.000000000000000000, 1.000000000000000000 ) ) ;
#1469 = EDGE_CURVE ( 'NONE', #3344, #1285, #2672, .T. ) ;
#1470 = EDGE_CURVE ( 'NONE', #3738, #45, #1358, .T. ) ;
#1471 = CARTESIAN_POINT ( 'NONE',  ( 335.6844745149411438, 128.6332666870839887, -5.000000000000000000 ) ) ;
#1472 = CARTESIAN_POINT ( 'NONE',  ( 341.6027176458945291, 145.6194142555692110, -22.00000000000000355 ) ) ;
#1473 = DIRECTION ( 'NONE',  ( 0.000000000000000000, 0.000000000000000000, 1.000000000000000000 ) ) ;
#1474 = VECTOR ( 'NONE', #2860, 1000.000000000000000 ) ;
#1475 = VECTOR ( 'NONE', #1851, 1000.000000000000000 ) ;
#1476 = PLANE ( 'NONE',  #686 ) ;
#1477 = ORIENTED_EDGE ( 'NONE', *, *, #2462, .F. ) ;
#1478 = DIRECTION ( 'NONE',  ( -3.975690058647770398E-07, 0.9999999999999210631, -1.457737887719004127E-30 ) ) ;
#1479 = DIRECTION ( 'NONE',  ( 1.000000000000000000, -3.083782076735418764E-16, 0.000000000000000000 ) ) ;
#1480 = DIRECTION ( 'NONE',  ( 0.9999999999999208411, 3.975690058524630336E-07, -0.000000000000000000 ) ) ;
#1481 = VERTEX_POINT ( 'NONE', #317 ) ;
#1482 = ORIENTED_EDGE ( 'NONE', *, *, #2619, .F. ) ;
#1483 = DIRECTION ( 'NONE',  ( -0.7071067811868501085, 0.7071067811862449259, 0.000000000000000000 ) ) ;
#1484 = ORIENTED_EDGE ( 'NONE', *, *, #1466, .F. ) ;
#1485 = DIRECTION ( 'NONE',  ( -1.000000000000000000, 3.083782076735418764E-16, 0.000000000000000000 ) ) ;
#1486 = CARTESIAN_POINT ( 'NONE',  ( 334.6026304692550184, 189.3282302477279870, -5.000000000000000000 ) ) ;
#1487 = DIRECTION ( 'NONE',  ( 1.000000000000000000, -7.088774012282144728E-12, 0.000000000000000000 ) ) ;
#1488 = CARTESIAN_POINT ( 'NONE',  ( 264.5989845238160001, 123.1782870831569880, -5.000000000000000000 ) ) ;
#1489 = DIRECTION ( 'NONE',  ( 0.000000000000000000, 0.000000000000000000, 1.000000000000000000 ) ) ;
#1490 = DIRECTION ( 'NONE',  ( 0.000000000000000000, 0.000000000000000000, 1.000000000000000000 ) ) ;
#1491 = VERTEX_POINT ( 'NONE', #2382 ) ;
#1492 = EDGE_CURVE ( 'NONE', #3732, #4229, #812, .T. ) ;
#1493 = VERTEX_POINT ( 'NONE', #4092 ) ;
#1494 = DIRECTION ( 'NONE',  ( 0.000000000000000000, 0.000000000000000000, 1.000000000000000000 ) ) ;
#1495 = DIRECTION ( 'NONE',  ( -3.975695921796518581E-07, 0.9999999999999208411, 0.000000000000000000 ) ) ;
#1496 = DIRECTION ( 'NONE',  ( -6.889137694542789809E-14, 1.000000000000000000, 0.000000000000000000 ) ) ;
#1497 = CARTESIAN_POINT ( 'NONE',  ( 258.7655635832319945, 209.0171786692359888, -5.000000000000000000 ) ) ;
#1498 = ORIENTED_EDGE ( 'NONE', *, *, #2330, .T. ) ;
#1499 = ORIENTED_EDGE ( 'NONE', *, *, #807, .F. ) ;
#1500 = LINE ( 'NONE', #3883, #524 ) ;
#1501 = PERSON_AND_ORGANIZATION ( #855, #877 ) ;
#1502 = DIRECTION ( 'NONE',  ( 0.000000000000000000, 0.000000000000000000, -1.000000000000000000 ) ) ;
#1503 = VERTEX_POINT ( 'NONE', #2690 ) ;
#1504 = DIRECTION ( 'NONE',  ( 0.000000000000000000, 0.000000000000000000, -1.000000000000000000 ) ) ;
#1505 = EDGE_CURVE ( 'NONE', #1621, #1680, #1047, .T. ) ;
#1506 = AXIS2_PLACEMENT_3D ( 'NONE', #1219, #895, #1580 ) ;
#1507 = DIRECTION ( 'NONE',  ( 0.000000000000000000, 0.000000000000000000, 1.000000000000000000 ) ) ;
#1508 = DIRECTION ( 'NONE',  ( 0.000000000000000000, 0.000000000000000000, 1.000000000000000000 ) ) ;
#1509 = LINE ( 'NONE', #1155, #3869 ) ;
#1510 = VECTOR ( 'NONE', #4325, 1000.000000000000000 ) ;
#1511 = VECTOR ( 'NONE', #198, 1000.000000000000227 ) ;
#1512 = VECTOR ( 'NONE', #4386, 1000.000000000000000 ) ;
#1513 = CIRCLE ( 'NONE', #3215, 3.374900000006609169 ) ;
#1514 = FACE_OUTER_BOUND ( 'NONE', #2257, .T. ) ;
#1515 = ORIENTED_EDGE ( 'NONE', *, *, #2212, .T. ) ;
#1516 = ORIENTED_EDGE ( 'NONE', *, *, #4137, .F. ) ;
#1517 = DIRECTION ( 'NONE',  ( 0.000000000000000000, 0.000000000000000000, -1.000000000000000000 ) ) ;
#1518 = VECTOR ( 'NONE', #3442, 1000.000000000000000 ) ;
#1519 = AXIS2_PLACEMENT_3D ( 'NONE', #3822, #3439, #403 ) ;
#1520 = DIRECTION ( 'NONE',  ( 1.000000000000000000, 0.000000000000000000, 0.000000000000000000 ) ) ;
#1521 = CARTESIAN_POINT ( 'NONE',  ( 257.4019928075900339, 208.1782842209040041, -25.00000000000000000 ) ) ;
#1522 = AXIS2_PLACEMENT_3D ( 'NONE', #112, #1083, #1818 ) ;
#1523 = CYLINDRICAL_SURFACE ( 'NONE', #2818, 4.999999999999983125 ) ;
#1524 = ORIENTED_EDGE ( 'NONE', *, *, #2795, .F. ) ;
#1525 = ORIENTED_EDGE ( 'NONE', *, *, #2608, .T. ) ;
#1526 = ADVANCED_FACE ( 'NONE', ( #3085 ), #728, .F. ) ;
#1527 = DIRECTION ( 'NONE',  ( 6.055761952501032283E-14, -1.000000000000000000, 0.000000000000000000 ) ) ;
#1528 = CARTESIAN_POINT ( 'NONE',  ( 257.2977337495020151, 205.4782842208859961, 0.000000000000000000 ) ) ;
#1529 = EDGE_LOOP ( 'NONE', ( #4391, #2261, #831, #2238, #3351, #3934, #306, #1313, #1170, #2277 ) ) ;
#1530 = ORIENTED_EDGE ( 'NONE', *, *, #351, .T. ) ;
#1531 = CARTESIAN_POINT ( 'NONE',  ( 260.0477337495220240, 125.8782870831380052, -22.00000000000000000 ) ) ;
#1532 = ADVANCED_FACE ( 'NONE', ( #1760 ), #4116, .T. ) ;
#1533 = ORIENTED_EDGE ( 'NONE', *, *, #3343, .F. ) ;
#1534 = ORIENTED_EDGE ( 'NONE', *, *, #483, .T. ) ;
#1535 = DIRECTION ( 'NONE',  ( 0.000000000000000000, -1.000000000000000000, 0.000000000000000000 ) ) ;
#1536 = CARTESIAN_POINT ( 'NONE',  ( 289.7990196434949439, 145.6782884345949753, -17.00000000000000000 ) ) ;
#1537 = VECTOR ( 'NONE', #3971, 1000.000000000000114 ) ;
#1538 = LINE ( 'NONE', #428, #2601 ) ;
#1539 = ORIENTED_EDGE ( 'NONE', *, *, #167, .F. ) ;
#1540 = CIRCLE ( 'NONE', #615, 2.197000000000004505 ) ;
#1541 = ADVANCED_FACE ( 'NONE', ( #777 ), #2422, .F. ) ;
#1542 = ORIENTED_EDGE ( 'NONE', *, *, #4326, .T. ) ;
#1543 = EDGE_CURVE ( 'NONE', #859, #3572, #421, .T. ) ;
#1544 = LINE ( 'NONE', #3897, #2785 ) ;
#1545 = CARTESIAN_POINT ( 'NONE',  ( 264.5990010913569677, 213.1782842208920101, -5.000000000000000000 ) ) ;
#1546 = AXIS2_PLACEMENT_3D ( 'NONE', #456, #3468, #80 ) ;
#1547 = DIRECTION ( 'NONE',  ( 0.7071070623102297947, -0.7071065000627535513, 0.000000000000000000 ) ) ;
#1548 = ORIENTED_EDGE ( 'NONE', *, *, #115, .T. ) ;
#1549 = ORIENTED_EDGE ( 'NONE', *, *, #1505, .F. ) ;
#1550 = EDGE_CURVE ( 'NONE', #1838, #3606, #3774, .T. ) ;
#1551 = ORIENTED_EDGE ( 'NONE', *, *, #163, .F. ) ;
#1552 = ORIENTED_EDGE ( 'NONE', *, *, #4214, .F. ) ;
#1553 = EDGE_CURVE ( 'NONE', #4329, #2662, #3801, .T. ) ;
#1554 = ORIENTED_EDGE ( 'NONE', *, *, #2505, .F. ) ;
#1555 = EDGE_CURVE ( 'NONE', #2874, #1558, #50, .T. ) ;
#1556 = LINE ( 'NONE', #4312, #3563 ) ;
#1557 = ORIENTED_EDGE ( 'NONE', *, *, #2119, .T. ) ;
#1558 = VERTEX_POINT ( 'NONE', #2751 ) ;
#1559 = LINE ( 'NONE', #4268, #2511 ) ;
#1560 = LINE ( 'NONE', #1982, #1722 ) ;
#1561 = FACE_OUTER_BOUND ( 'NONE', #651, .T. ) ;
#1562 = ORIENTED_EDGE ( 'NONE', *, *, #2484, .T. ) ;
#1563 = ORIENTED_EDGE ( 'NONE', *, *, #2045, .F. ) ;
#1564 = LINE ( 'NONE', #826, #2360 ) ;
#1565 = EDGE_CURVE ( 'NONE', #2298, #204, #752, .T. ) ;
#1566 = FACE_OUTER_BOUND ( 'NONE', #3334, .T. ) ;
#1567 = DIRECTION ( 'NONE',  ( 0.000000000000000000, 0.000000000000000000, -1.000000000000000000 ) ) ;
#1568 = EDGE_LOOP ( 'NONE', ( #698, #3291, #2603, #216 ) ) ;
#1569 = VERTEX_POINT ( 'NONE', #87 ) ;
#1570 = UNCERTAINTY_MEASURE_WITH_UNIT (LENGTH_MEASURE( 1.000000000000000082E-05 ), #2702, 'distance_accuracy_value', 'NONE');
#1571 = CARTESIAN_POINT ( 'NONE',  ( 259.5977337495190227, 208.1782842209040041, 0.000000000000000000 ) ) ;
#1572 = EDGE_LOOP ( 'NONE', ( #3906, #474, #277, #2679, #1542, #1724, #3301, #1847, #1835, #175, #1614, #2937, #1369, #2542 ) ) ;
#1573 = ORIENTED_EDGE ( 'NONE', *, *, #1859, .T. ) ;
#1574 = LINE ( 'NONE', #979, #3431 ) ;
#1575 = DIRECTION ( 'NONE',  ( 0.000000000000000000, 0.000000000000000000, 1.000000000000000000 ) ) ;
#1576 = EDGE_LOOP ( 'NONE', ( #354, #610, #2272, #969, #2416, #2496, #4309, #3211 ) ) ;
#1577 = ORIENTED_EDGE ( 'NONE', *, *, #3519, .T. ) ;
#1578 = CARTESIAN_POINT ( 'NONE',  ( 294.7990285887940445, 123.1782990897590082, -17.00000000000000000 ) ) ;
#1579 = EDGE_CURVE ( 'NONE', #1971, #109, #1441, .T. ) ;
#1580 = DIRECTION ( 'NONE',  ( -0.7071067811868501085, 0.7071067811862449259, 0.000000000000000000 ) ) ;
#1581 = VECTOR ( 'NONE', #825, 1000.000000000000000 ) ;
#1582 = CYLINDRICAL_SURFACE ( 'NONE', #902, 3.374900000006609169 ) ;
#1583 = ORIENTED_EDGE ( 'NONE', *, *, #1843, .F. ) ;
#1584 = CIRCLE ( 'NONE', #4067, 1.405500125884973084 ) ;
#1585 = ORIENTED_EDGE ( 'NONE', *, *, #3175, .T. ) ;
#1586 = CARTESIAN_POINT ( 'NONE',  ( 339.1527225921830677, 128.6283155986110103, -22.00000000000000000 ) ) ;
#1587 = EDGE_CURVE ( 'NONE', #4267, #1675, #4104, .T. ) ;
#1588 = EDGE_CURVE ( 'NONE', #4255, #879, #1703, .T. ) ;
#1589 = DIRECTION ( 'NONE',  ( 0.000000000000000000, 0.000000000000000000, -1.000000000000000000 ) ) ;
#1590 = VECTOR ( 'NONE', #3143, 1000.000000000000000 ) ;
#1591 = LINE ( 'NONE', #2942, #190 ) ;
#1592 = ORIENTED_EDGE ( 'NONE', *, *, #2520, .F. ) ;
#1593 = ORIENTED_EDGE ( 'NONE', *, *, #2852, .T. ) ;
#1594 = AXIS2_PLACEMENT_3D ( 'NONE', #713, #3826, #3156 ) ;
#1595 = AXIS2_PLACEMENT_3D ( 'NONE', #1545, #499, #2896 ) ;
#1596 = VECTOR ( 'NONE', #1709, 1000.000000000000000 ) ;
#1597 = VECTOR ( 'NONE', #2593, 1000.000000000000000 ) ;
#1598 = ORIENTED_EDGE ( 'NONE', *, *, #2401, .T. ) ;
#1599 = ORIENTED_EDGE ( 'NONE', *, *, #3238, .T. ) ;
#1600 = ORIENTED_EDGE ( 'NONE', *, *, #4044, .T. ) ;
#1601 = ADVANCED_FACE ( 'NONE', ( #2081 ), #3788, .F. ) ;
#1602 = DIRECTION ( 'NONE',  ( 0.000000000000000000, 0.000000000000000000, 1.000000000000000000 ) ) ;
#1603 = CARTESIAN_POINT ( 'NONE',  ( 254.5977337495149868, 213.1782842209040041, 0.000000000000000000 ) ) ;
#1604 = CIRCLE ( 'NONE', #2870, 2.749999999999998224 ) ;
#1605 = EDGE_CURVE ( 'NONE', #4032, #2920, #3363, .T. ) ;
#1606 = EDGE_CURVE ( 'NONE', #526, #4204, #2231, .T. ) ;
#1607 = ORIENTED_EDGE ( 'NONE', *, *, #3694, .F. ) ;
#1608 = EDGE_CURVE ( 'NONE', #3555, #3339, #458, .T. ) ;
#1609 = VERTEX_POINT ( 'NONE', #3404 ) ;
#1610 = LINE ( 'NONE', #2333, #3940 ) ;
#1611 = CARTESIAN_POINT ( 'NONE',  ( 257.2977337494999688, 133.1783062885320135, -22.00000000000000000 ) ) ;
#1612 = EDGE_CURVE ( 'NONE', #3537, #4400, #525, .T. ) ;
#1613 = CARTESIAN_POINT ( 'NONE',  ( 298.7989764234059749, 123.1783006800139901, 0.6497013181468069831 ) ) ;
#1614 = ORIENTED_EDGE ( 'NONE', *, *, #1909, .T. ) ;
#1615 = ORIENTED_EDGE ( 'NONE', *, *, #2576, .T. ) ;
#1616 = LINE ( 'NONE', #860, #1590 ) ;
#1617 = CIRCLE ( 'NONE', #51, 5.000000000000210498 ) ;
#1618 = EDGE_CURVE ( 'NONE', #4342, #2062, #1102, .T. ) ;
#1619 = PLANE ( 'NONE',  #876 ) ;
#1620 = CARTESIAN_POINT ( 'NONE',  ( 278.4489819540759754, 203.1783063018050086, -5.000000000000000000 ) ) ;
#1621 = VERTEX_POINT ( 'NONE', #1410 ) ;
#1622 = ORIENTED_EDGE ( 'NONE', *, *, #1221, .T. ) ;
#1623 = DIRECTION ( 'NONE',  ( 0.000000000000000000, 0.000000000000000000, 1.000000000000000000 ) ) ;
#1624 = ORIENTED_EDGE ( 'NONE', *, *, #418, .F. ) ;
#1625 = VERTEX_POINT ( 'NONE', #1055 ) ;
#1626 = CARTESIAN_POINT ( 'NONE',  ( 260.0477337495050278, 207.7282842208930163, -5.000000000000000000 ) ) ;
#1627 = DIRECTION ( 'NONE',  ( -0.9999999999999209521, -3.975695772595679858E-07, 0.000000000000000000 ) ) ;
#1628 = ORIENTED_EDGE ( 'NONE', *, *, #2137, .F. ) ;
#1629 = ORIENTED_EDGE ( 'NONE', *, *, #156, .T. ) ;
#1630 = LINE ( 'NONE', #1355, #1512 ) ;
#1631 = FACE_OUTER_BOUND ( 'NONE', #3432, .T. ) ;
#1632 = LINE ( 'NONE', #3984, #585 ) ;
#1633 = CC_DESIGN_PERSON_AND_ORGANIZATION_ASSIGNMENT ( #618, #1644, ( #992 ) ) ;
#1634 = VERTEX_POINT ( 'NONE', #2393 ) ;
#1635 = CARTESIAN_POINT ( 'NONE',  ( 304.7989928075899684, 210.3752842209040068, -5.000000000000000000 ) ) ;
#1636 = ORIENTED_EDGE ( 'NONE', *, *, #997, .T. ) ;
#1637 = CARTESIAN_POINT ( 'NONE',  ( 257.2977337495979668, 130.8782861682230134, -5.000000000000000000 ) ) ;
#1638 = DIRECTION ( 'NONE',  ( 0.000000000000000000, 0.000000000000000000, -1.000000000000000000 ) ) ;
#1639 = VERTEX_POINT ( 'NONE', #3114 ) ;
#1640 = DIRECTION ( 'NONE',  ( 0.000000000000000000, -1.000000000000000000, 0.000000000000000000 ) ) ;
#1641 = ORIENTED_EDGE ( 'NONE', *, *, #3974, .F. ) ;
#1642 = ORIENTED_EDGE ( 'NONE', *, *, #2962, .F. ) ;
#1643 = PLANE ( 'NONE',  #95 ) ;
#1644 = PERSON_AND_ORGANIZATION_ROLE ( 'design_owner' ) ;
#1645 = EDGE_CURVE ( 'NONE', #1214, #370, #77, .T. ) ;
#1646 = ORIENTED_EDGE ( 'NONE', *, *, #412, .F. ) ;
#1647 = ORIENTED_EDGE ( 'NONE', *, *, #1878, .F. ) ;
#1648 = DIRECTION ( 'NONE',  ( 0.000000000000000000, -1.000000000000000000, 0.000000000000000000 ) ) ;
#1649 = CARTESIAN_POINT ( 'NONE',  ( 334.6027036427140047, 213.1782802452189856, -22.00000000000000000 ) ) ;
#1650 = DIRECTION ( 'NONE',  ( 0.000000000000000000, 1.000000000000000000, 0.000000000000000000 ) ) ;
#1651 = ORIENTED_EDGE ( 'NONE', *, *, #3356, .T. ) ;
#1652 = DIRECTION ( 'NONE',  ( 0.000000000000000000, -1.000000000000000000, 0.000000000000000000 ) ) ;
#1653 = LINE ( 'NONE', #4370, #388 ) ;
#1654 = DIRECTION ( 'NONE',  ( 0.000000000000000000, 0.000000000000000000, -1.000000000000000000 ) ) ;
#1655 = VERTEX_POINT ( 'NONE', #1721 ) ;
#1656 = EDGE_CURVE ( 'NONE', #2451, #3202, #1225, .T. ) ;
#1657 = AXIS2_PLACEMENT_3D ( 'NONE', #2961, #3224, #161 ) ;
#1658 = AXIS2_PLACEMENT_3D ( 'NONE', #1962, #2706, #1020 ) ;
#1659 = CARTESIAN_POINT ( 'NONE',  ( 344.6026927744269983, 208.1782842209049988, -2.500000000000000000 ) ) ;
#1660 = EDGE_CURVE ( 'NONE', #1989, #217, #4079, .T. ) ;
#1661 = EDGE_LOOP ( 'NONE', ( #558, #2992, #887, #2244 ) ) ;
#1662 = AXIS2_PLACEMENT_3D ( 'NONE', #2492, #3853, #3204 ) ;
#1663 = ORIENTED_EDGE ( 'NONE', *, *, #2067, .F. ) ;
#1664 = CARTESIAN_POINT ( 'NONE',  ( 260.3990000016229942, 126.2528337412450128, -5.000000000000000000 ) ) ;
#1665 = CALENDAR_DATE ( 2025, 4, 9 ) ;
#1666 = AXIS2_PLACEMENT_3D ( 'NONE', #3988, #2056, #1031 ) ;
#1667 = AXIS2_PLACEMENT_3D ( 'NONE', #3733, #1935, #3283 ) ;
#1668 = ORIENTED_EDGE ( 'NONE', *, *, #807, .T. ) ;
#1669 = LINE ( 'NONE', #3704, #451 ) ;
#1670 = CARTESIAN_POINT ( 'NONE',  ( 294.3989928075900480, 210.3752842209040068, -5.000000000000000000 ) ) ;
#1671 = CARTESIAN_POINT ( 'NONE',  ( 260.0477337495050278, 210.4782842208920215, -22.00000000000000000 ) ) ;
#1672 = LINE ( 'NONE', #3377, #4216 ) ;
#1673 = EDGE_CURVE ( 'NONE', #2983, #1939, #3763, .T. ) ;
#1674 = CARTESIAN_POINT ( 'NONE',  ( 339.6026907865820021, 213.1782822330590079, -2.500000000000000000 ) ) ;
#1675 = VERTEX_POINT ( 'NONE', #768 ) ;
#1676 = LINE ( 'NONE', #3026, #2939 ) ;
#1677 = EDGE_CURVE ( 'NONE', #2662, #3325, #2453, .T. ) ;
#1678 = VECTOR ( 'NONE', #4017, 1000.000000000000000 ) ;
#1679 = LINE ( 'NONE', #4327, #3090 ) ;
#1680 = VERTEX_POINT ( 'NONE', #3811 ) ;
#1681 = AXIS2_PLACEMENT_3D ( 'NONE', #3126, #3824, #89 ) ;
#1682 = CARTESIAN_POINT ( 'NONE',  ( 264.5989928075869670, 210.4782842208930163, -5.000000000000000000 ) ) ;
#1683 = ORIENTED_EDGE ( 'NONE', *, *, #2667, .T. ) ;
#1684 = ORIENTED_EDGE ( 'NONE', *, *, #1932, .T. ) ;
#1685 = VECTOR ( 'NONE', #3032, 1000.000000000000000 ) ;
#1686 = DIRECTION ( 'NONE',  ( -1.295014782396080030E-12, 1.000000000000000000, 0.000000000000000000 ) ) ;
#1687 = DIRECTION ( 'NONE',  ( -0.7071066406243563529, -0.7071069217487107039, 0.000000000000000000 ) ) ;
#1688 =( NAMED_UNIT ( * ) SI_UNIT ( $, .STERADIAN. ) SOLID_ANGLE_UNIT ( ) );
#1689 = VECTOR ( 'NONE', #878, 1000.000000000000000 ) ;
#1690 = ADVANCED_FACE ( 'NONE', ( #2126 ), #718, .F. ) ;
#1691 = ADVANCED_FACE ( 'NONE', ( #3136 ), #62, .F. ) ;
#1692 = EDGE_LOOP ( 'NONE', ( #4220, #3517, #3190, #4011 ) ) ;
#1693 = DIRECTION ( 'NONE',  ( 3.975690058524619219E-07, -0.9999999999999208411, 0.000000000000000000 ) ) ;
#1694 = FACE_OUTER_BOUND ( 'NONE', #762, .T. ) ;
#1695 = CARTESIAN_POINT ( 'NONE',  ( 339.6026927744269983, 208.1782822330600027, -2.500000000000000000 ) ) ;
#1696 = DIRECTION ( 'NONE',  ( 0.000000000000000000, 0.000000000000000000, -1.000000000000000000 ) ) ;
#1697 = EDGE_LOOP ( 'NONE', ( #3761, #3407, #3589, #1189 ) ) ;
#1698 = PLANE ( 'NONE',  #2224 ) ;
#1699 = LINE ( 'NONE', #629, #1378 ) ;
#1700 = CARTESIAN_POINT ( 'NONE',  ( 259.5977337495879738, 128.1782850948149814, 0.000000000000000000 ) ) ;
#1701 = ORIENTED_EDGE ( 'NONE', *, *, #1048, .T. ) ;
#1702 = EDGE_CURVE ( 'NONE', #4283, #4242, #1121, .T. ) ;
#1703 = LINE ( 'NONE', #2723, #885 ) ;
#1704 = PLANE ( 'NONE',  #2181 ) ;
#1705 = VERTEX_POINT ( 'NONE', #2036 ) ;
#1706 = ORIENTED_EDGE ( 'NONE', *, *, #3031, .T. ) ;
#1707 = CARTESIAN_POINT ( 'NONE',  ( 309.7990263600289609, 125.9812842209039871, -22.00000000000000000 ) ) ;
#1708 = DIRECTION ( 'NONE',  ( 0.000000000000000000, -1.000000000000000000, 0.000000000000000000 ) ) ;
#1709 = DIRECTION ( 'NONE',  ( -1.000000000000000000, 0.000000000000000000, 0.000000000000000000 ) ) ;
#1710 = CARTESIAN_POINT ( 'NONE',  ( 260.0477337495050278, 207.7282842208930163, -5.000000000000000000 ) ) ;
#1711 = LINE ( 'NONE', #3020, #1801 ) ;
#1712 = LINE ( 'NONE', #4117, #590 ) ;
#1713 = ORIENTED_EDGE ( 'NONE', *, *, #3447, .F. ) ;
#1714 = ADVANCED_FACE ( 'NONE', ( #349 ), #3675, .T. ) ;
#1715 = CARTESIAN_POINT ( 'NONE',  ( 262.5990087599560070, 203.6783008473059908, -3.500000000000000000 ) ) ;
#1716 = PLANE ( 'NONE',  #2300 ) ;
#1717 = DIRECTION ( 'NONE',  ( -0.7071067811864931718, -2.811237409527926139E-07, -0.7071067811865459074 ) ) ;
#1718 = EDGE_LOOP ( 'NONE', ( #2696, #4332, #3050, #3876 ) ) ;
#1719 = ADVANCED_FACE ( 'NONE', ( #3693, #3321, #1296 ), #2982, .T. ) ;
#1720 = EDGE_CURVE ( 'NONE', #1680, #2630, #1986, .T. ) ;
#1721 = CARTESIAN_POINT ( 'NONE',  ( 289.3989928075899911, 210.3752842209040068, -22.00000000000000000 ) ) ;
#1722 = VECTOR ( 'NONE', #939, 1000.000000000000000 ) ;
#1723 = DIRECTION ( 'NONE',  ( -0.9999999999999209521, -3.975695921796519110E-07, 0.000000000000000000 ) ) ;
#1724 = ORIENTED_EDGE ( 'NONE', *, *, #4103, .F. ) ;
#1725 = VERTEX_POINT ( 'NONE', #2342 ) ;
#1726 = AXIS2_PLACEMENT_3D ( 'NONE', #1586, #1227, #260 ) ;
#1727 = DIRECTION ( 'NONE',  ( 0.000000000000000000, 0.000000000000000000, -1.000000000000000000 ) ) ;
#1728 = DIRECTION ( 'NONE',  ( 0.7071070623102297947, -0.7071065000627535513, 0.000000000000000000 ) ) ;
#1729 = LINE ( 'NONE', #19, #168 ) ;
#1730 = AXIS2_PLACEMENT_3D ( 'NONE', #464, #3177, #1485 ) ;
#1731 = AXIS2_PLACEMENT_3D ( 'NONE', #1051, #2357, #3047 ) ;
#1732 = ADVANCED_FACE ( 'NONE', ( #2319 ), #988, .T. ) ;
#1733 = CARTESIAN_POINT ( 'NONE',  ( 299.7990269172150306, 125.9813010776029927, -24.10000000000000142 ) ) ;
#1734 = FACE_OUTER_BOUND ( 'NONE', #2473, .T. ) ;
#1735 = VECTOR ( 'NONE', #386, 1000.000000000000000 ) ;
#1736 = AXIS2_PLACEMENT_3D ( 'NONE', #14, #2412, #103 ) ;
#1737 = DIRECTION ( 'NONE',  ( -1.000000000000000000, 3.900890379583120241E-15, 0.000000000000000000 ) ) ;
#1738 = EDGE_CURVE ( 'NONE', #4305, #17, #1653, .T. ) ;
#1739 = AXIS2_PLACEMENT_3D ( 'NONE', #3103, #2439, #440 ) ;
#1740 = DIRECTION ( 'NONE',  ( 1.000000000000000000, 0.000000000000000000, 0.000000000000000000 ) ) ;
#1741 = EDGE_LOOP ( 'NONE', ( #1629, #2591, #1057, #1927, #3252, #829, #1562, #187, #621 ) ) ;
#1742 = FACE_OUTER_BOUND ( 'NONE', #3039, .T. ) ;
#1743 = CARTESIAN_POINT ( 'NONE',  ( 262.2977337495020151, 205.4782842208930163, -3.500000000000000000 ) ) ;
#1744 = AXIS2_PLACEMENT_3D ( 'NONE', #155, #3545, #2469 ) ;
#1745 = ADVANCED_FACE ( 'NONE', ( #3354 ), #2676, .F. ) ;
#1746 = ADVANCED_FACE ( 'NONE', ( #3989 ), #943, .T. ) ;
#1747 = CARTESIAN_POINT ( 'NONE',  ( 264.0045088858410054, 203.6783008473059908, -5.000000000000000000 ) ) ;
#1748 = ORIENTED_EDGE ( 'NONE', *, *, #3764, .T. ) ;
#1749 = EDGE_CURVE ( 'NONE', #2008, #1246, #4351, .T. ) ;
#1750 = ORIENTED_EDGE ( 'NONE', *, *, #3268, .F. ) ;
#1751 = LINE ( 'NONE', #3093, #3142 ) ;
#1752 = CARTESIAN_POINT ( 'NONE',  ( 339.6026927744269983, 208.1782822330600027, -22.00000000000000000 ) ) ;
#1753 = FACE_OUTER_BOUND ( 'NONE', #4231, .T. ) ;
#1754 = ORIENTED_EDGE ( 'NONE', *, *, #3403, .T. ) ;
#1755 = ORIENTED_EDGE ( 'NONE', *, *, #220, .F. ) ;
#1756 = CARTESIAN_POINT ( 'NONE',  ( 309.7989928075899684, 213.1782842209040041, -17.00000000000000000 ) ) ;
#1757 = VECTOR ( 'NONE', #3986, 1000.000000000000227 ) ;
#1758 = DIRECTION ( 'NONE',  ( 0.000000000000000000, -1.000000000000000000, 0.000000000000000000 ) ) ;
#1759 = LINE ( 'NONE', #152, #1012 ) ;
#1760 = FACE_OUTER_BOUND ( 'NONE', #312, .T. ) ;
#1761 = DIRECTION ( 'NONE',  ( 0.000000000000000000, 0.000000000000000000, 1.000000000000000000 ) ) ;
#1762 = FACE_OUTER_BOUND ( 'NONE', #2894, .T. ) ;
#1763 = CARTESIAN_POINT ( 'NONE',  ( 257.2977337495049710, 203.1783063018060034, -5.000000000000000000 ) ) ;
#1764 = VERTEX_POINT ( 'NONE', #3682 ) ;
#1765 = CARTESIAN_POINT ( 'NONE',  ( 341.6026993167169508, 191.7225491000616557, -22.00000000000000355 ) ) ;
#1766 = DIRECTION ( 'NONE',  ( 0.000000000000000000, 0.000000000000000000, -1.000000000000000000 ) ) ;
#1767 = PLANE ( 'NONE',  #3742 ) ;
#1768 = ORIENTED_EDGE ( 'NONE', *, *, #822, .T. ) ;
#1769 = ORIENTED_EDGE ( 'NONE', *, *, #3595, .F. ) ;
#1770 = CARTESIAN_POINT ( 'NONE',  ( 344.6026927744269983, 208.1782842209049988, -22.00000000000000000 ) ) ;
#1771 = EDGE_CURVE ( 'NONE', #4283, #4118, #1574, .T. ) ;
#1772 = FACE_OUTER_BOUND ( 'NONE', #160, .T. ) ;
#1773 = CARTESIAN_POINT ( 'NONE',  ( 341.8989928075779972, 128.4851041553519906, -3.500000000000000000 ) ) ;
#1774 = DIRECTION ( 'NONE',  ( 0.000000000000000000, 0.000000000000000000, 1.000000000000000000 ) ) ;
#1775 = FACE_OUTER_BOUND ( 'NONE', #941, .T. ) ;
#1776 = PLANE ( 'NONE',  #1370 ) ;
#1777 = CARTESIAN_POINT ( 'NONE',  ( 319.3764615560079960, 210.4782842208920215, -5.000000000000000000 ) ) ;
#1778 = LINE ( 'NONE', #1135, #2500 ) ;
#1779 = CARTESIAN_POINT ( 'NONE',  ( 341.6026993167175192, 191.7225479073473196, -25.00000000000000000 ) ) ;
#1780 = DIRECTION ( 'NONE',  ( 0.000000000000000000, 0.000000000000000000, -1.000000000000000000 ) ) ;
#1781 = ORIENTED_EDGE ( 'NONE', *, *, #959, .F. ) ;
#1782 = VERTEX_POINT ( 'NONE', #2663 ) ;
#1783 = EDGE_CURVE ( 'NONE', #1621, #2549, #3258, .T. ) ;
#1784 = CARTESIAN_POINT ( 'NONE',  ( 341.8989664093870715, 192.3779999999999859, -3.500000000000000000 ) ) ;
#1785 = DIRECTION ( 'NONE',  ( 6.055761952501032283E-14, -1.000000000000000000, 0.000000000000000000 ) ) ;
#1786 = EDGE_CURVE ( 'NONE', #1232, #3388, #3762, .T. ) ;
#1787 = DIRECTION ( 'NONE',  ( 0.000000000000000000, 0.000000000000000000, -1.000000000000000000 ) ) ;
#1788 = EDGE_LOOP ( 'NONE', ( #2030, #4254, #1641, #1534, #4350, #4020, #2047 ) ) ;
#1789 = ORIENTED_EDGE ( 'NONE', *, *, #4240, .T. ) ;
#1790 = DIRECTION ( 'NONE',  ( -3.975690063360884062E-07, 0.9999999999999208411, 0.000000000000000000 ) ) ;
#1791 = AXIS2_PLACEMENT_3D ( 'NONE', #1315, #3059, #642 ) ;
#1792 = EDGE_CURVE ( 'NONE', #196, #2965, #4022, .T. ) ;
#1793 = ADVANCED_FACE ( 'NONE', ( #4286 ), #1308, .T. ) ;
#1794 = VECTOR ( 'NONE', #229, 1000.000000000000000 ) ;
#1795 = CIRCLE ( 'NONE', #729, 2.196999999999921016 ) ;
#1796 = LINE ( 'NONE', #2048, #1596 ) ;
#1797 = LINE ( 'NONE', #1130, #1581 ) ;
#1798 = CIRCLE ( 'NONE', #3854, 5.000000000000004441 ) ;
#1799 = DIRECTION ( 'NONE',  ( 3.975690041881600240E-07, -0.9999999999999210631, -6.918570534183989688E-16 ) ) ;
#1800 = VECTOR ( 'NONE', #2666, 1000.000000000000000 ) ;
#1801 = VECTOR ( 'NONE', #1316, 1000.000000000000000 ) ;
#1802 = DIRECTION ( 'NONE',  ( -1.000000000000000000, 1.763541112907599923E-13, 0.000000000000000000 ) ) ;
#1803 = DIRECTION ( 'NONE',  ( -1.110223024625155594E-14, -1.000000000000000000, 0.000000000000000000 ) ) ;
#1804 = CARTESIAN_POINT ( 'NONE',  ( 260.0477337495050278, 207.7282842208930163, -22.00000000000000000 ) ) ;
#1805 = CIRCLE ( 'NONE', #1666, 5.000000000000011546 ) ;
#1806 = LINE ( 'NONE', #3874, #1112 ) ;
#1807 = ORIENTED_EDGE ( 'NONE', *, *, #1469, .F. ) ;
#1808 = VECTOR ( 'NONE', #1395, 1000.000000000000000 ) ;
#1809 = DIRECTION ( 'NONE',  ( 0.000000000000000000, -1.000000000000000000, 0.000000000000000000 ) ) ;
#1810 = CARTESIAN_POINT ( 'NONE',  ( 257.4019928075905455, 145.6194142555692679, -22.00000000000000355 ) ) ;
#1811 = CARTESIAN_POINT ( 'NONE',  ( 264.5989845238160001, 123.1782870831569880, -5.000000000000000000 ) ) ;
#1812 = DIRECTION ( 'NONE',  ( 0.000000000000000000, 0.000000000000000000, -1.000000000000000000 ) ) ;
#1813 = ORIENTED_EDGE ( 'NONE', *, *, #814, .T. ) ;
#1814 = ORIENTED_EDGE ( 'NONE', *, *, #3990, .F. ) ;
#1815 = CARTESIAN_POINT ( 'NONE',  ( 308.0872707651380438, 213.1782842209040041, 0.000000000000000000 ) ) ;
#1816 = APPROVAL ( #2991, 'UNSPECIFIED' ) ;
#1817 = VERTEX_POINT ( 'NONE', #636 ) ;
#1818 = DIRECTION ( 'NONE',  ( 1.000000000000000000, 0.000000000000000000, 0.000000000000000000 ) ) ;
#1819 = DIRECTION ( 'NONE',  ( 1.000000000000000000, 0.000000000000000000, 0.000000000000000000 ) ) ;
#1820 = EDGE_CURVE ( 'NONE', #3606, #1971, #736, .T. ) ;
#1821 = ADVANCED_FACE ( 'NONE', ( #1906 ), #2306, .T. ) ;
#1822 = CARTESIAN_POINT ( 'NONE',  ( 341.9026929533699786, 207.7282853142090175, -22.00000000000000000 ) ) ;
#1823 = DIRECTION ( 'NONE',  ( 1.000000000000000000, 0.000000000000000000, 0.000000000000000000 ) ) ;
#1824 = DIRECTION ( 'NONE',  ( 0.000000000000000000, 0.000000000000000000, 1.000000000000000000 ) ) ;
#1825 = CYLINDRICAL_SURFACE ( 'NONE', #967, 1.405500125884973084 ) ;
#1826 = VECTOR ( 'NONE', #1432, 1000.000000000000114 ) ;
#1827 = DIRECTION ( 'NONE',  ( 3.608224830031755727E-13, -1.000000000000000000, 0.000000000000000000 ) ) ;
#1828 = LINE ( 'NONE', #940, #1757 ) ;
#1829 = ORIENTED_EDGE ( 'NONE', *, *, #303, .T. ) ;
#1830 = ORIENTED_EDGE ( 'NONE', *, *, #4245, .T. ) ;
#1831 = DIRECTION ( 'NONE',  ( -0.000000000000000000, -0.000000000000000000, -1.000000000000000000 ) ) ;
#1832 = CARTESIAN_POINT ( 'NONE',  ( 341.7959928075899825, 128.1782842209209718, -22.00000000000000000 ) ) ;
#1833 = FACE_OUTER_BOUND ( 'NONE', #1979, .T. ) ;
#1834 = EDGE_CURVE ( 'NONE', #2298, #288, #3015, .T. ) ;
#1835 = ORIENTED_EDGE ( 'NONE', *, *, #815, .T. ) ;
#1836 = ORIENTED_EDGE ( 'NONE', *, *, #1878, .T. ) ;
#1837 = DIRECTION ( 'NONE',  ( 0.000000000000000000, 0.000000000000000000, -1.000000000000000000 ) ) ;
#1838 = VERTEX_POINT ( 'NONE', #3997 ) ;
#1839 = LINE ( 'NONE', #1152, #2781 ) ;
#1840 = DIRECTION ( 'NONE',  ( 0.000000000000000000, 1.000000000000000000, 0.000000000000000000 ) ) ;
#1841 = DIRECTION ( 'NONE',  ( 0.000000000000000000, 0.000000000000000000, 1.000000000000000000 ) ) ;
#1842 = PLANE ( 'NONE',  #4016 ) ;
#1843 = EDGE_CURVE ( 'NONE', #3895, #2906, #1265, .T. ) ;
#1844 = CARTESIAN_POINT ( 'NONE',  ( 294.3989928075900480, 210.4782842208930163, -5.000000000000000000 ) ) ;
#1845 = LINE ( 'NONE', #1779, #3313 ) ;
#1846 = ORIENTED_EDGE ( 'NONE', *, *, #3119, .F. ) ;
#1847 = ORIENTED_EDGE ( 'NONE', *, *, #761, .T. ) ;
#1848 = DIRECTION ( 'NONE',  ( -1.000000000000000000, 0.000000000000000000, 0.000000000000000000 ) ) ;
#1849 = CARTESIAN_POINT ( 'NONE',  ( 294.7990285887940445, 123.1782990897590082, -5.000000000000000000 ) ) ;
#1850 = CARTESIAN_POINT ( 'NONE',  ( 341.9027225921830109, 133.1782848660099887, -22.00000000000000000 ) ) ;
#1851 = DIRECTION ( 'NONE',  ( 0.000000000000000000, 0.000000000000000000, 1.000000000000000000 ) ) ;
#1852 = ORIENTED_EDGE ( 'NONE', *, *, #2391, .T. ) ;
#1853 = ORIENTED_EDGE ( 'NONE', *, *, #1924, .T. ) ;
#1854 = CARTESIAN_POINT ( 'NONE',  ( 341.7959928075899825, 172.6782842209210003, -25.00000000000000000 ) ) ;
#1855 = EDGE_CURVE ( 'NONE', #3922, #4368, #3721, .T. ) ;
#1856 = CARTESIAN_POINT ( 'NONE',  ( 299.6002301586469798, 168.1782836639370089, 0.000000000000000000 ) ) ;
#1857 = EDGE_LOOP ( 'NONE', ( #1530, #3585, #2736, #3744, #2415, #3207 ) ) ;
#1858 = LINE ( 'NONE', #3307, #2013 ) ;
#1859 = EDGE_CURVE ( 'NONE', #2547, #606, #2376, .T. ) ;
#1860 = VECTOR ( 'NONE', #1891, 1000.000000000000000 ) ;
#1861 = FACE_OUTER_BOUND ( 'NONE', #852, .T. ) ;
#1862 = DIRECTION ( 'NONE',  ( 0.000000000000000000, 0.000000000000000000, -1.000000000000000000 ) ) ;
#1863 = DIRECTION ( 'NONE',  ( -1.000000000000000000, -2.342449817882460104E-14, 0.000000000000000000 ) ) ;
#1864 = VECTOR ( 'NONE', #874, 1000.000000000000000 ) ;
#1865 = AXIS2_PLACEMENT_3D ( 'NONE', #1958, #507, #2904 ) ;
#1866 = VECTOR ( 'NONE', #2031, 1000.000000000000114 ) ;
#1867 = VECTOR ( 'NONE', #875, 1000.000000000000000 ) ;
#1868 = DIRECTION ( 'NONE',  ( 0.000000000000000000, 0.000000000000000000, 1.000000000000000000 ) ) ;
#1869 = DIRECTION ( 'NONE',  ( 0.000000000000000000, 0.000000000000000000, 1.000000000000000000 ) ) ;
#1870 = ORIENTED_EDGE ( 'NONE', *, *, #936, .T. ) ;
#1871 = ORIENTED_EDGE ( 'NONE', *, *, #3064, .T. ) ;
#1872 = LINE ( 'NONE', #3919, #1864 ) ;
#1873 = VECTOR ( 'NONE', #554, 1000.000000000000000 ) ;
#1874 = VECTOR ( 'NONE', #2430, 1000.000000000000000 ) ;
#1875 = EDGE_CURVE ( 'NONE', #1454, #1989, #3978, .T. ) ;
#1876 = PLANE ( 'NONE',  #1595 ) ;
#1877 = EDGE_CURVE ( 'NONE', #3621, #3588, #1957, .T. ) ;
#1878 = EDGE_CURVE ( 'NONE', #1212, #2537, #3956, .T. ) ;
#1879 = AXIS2_PLACEMENT_3D ( 'NONE', #3120, #2371, #1108 ) ;
#1880 = CARTESIAN_POINT ( 'NONE',  ( 339.6026927744260320, 208.1782842209040041, 0.000000000000000000 ) ) ;
#1881 = EDGE_LOOP ( 'NONE', ( #644, #4106, #1916, #2228 ) ) ;
#1882 = VERTEX_POINT ( 'NONE', #569 ) ;
#1883 = EDGE_LOOP ( 'NONE', ( #296, #537, #2219, #2661, #1499, #1433 ) ) ;
#1884 = ORIENTED_EDGE ( 'NONE', *, *, #2349, .T. ) ;
#1885 = ORIENTED_EDGE ( 'NONE', *, *, #3615, .F. ) ;
#1886 = FACE_OUTER_BOUND ( 'NONE', #6, .T. ) ;
#1887 = ORIENTED_EDGE ( 'NONE', *, *, #2454, .F. ) ;
#1888 = ADVANCED_FACE ( 'NONE', ( #2949 ), #2616, .T. ) ;
#1889 = ORIENTED_EDGE ( 'NONE', *, *, #2850, .T. ) ;
#1890 = CARTESIAN_POINT ( 'NONE',  ( 289.7990285887940445, 123.1782971019139978, -17.00000000000000000 ) ) ;
#1891 = DIRECTION ( 'NONE',  ( 0.000000000000000000, 0.000000000000000000, -1.000000000000000000 ) ) ;
#1892 = VECTOR ( 'NONE', #4158, 1000.000000000000000 ) ;
#1893 = CARTESIAN_POINT ( 'NONE',  ( 339.1527225921830677, 128.6283155986110103, -5.000000000000000000 ) ) ;
#1894 = ORIENTED_EDGE ( 'NONE', *, *, #3496, .F. ) ;
#1895 = CLOSED_SHELL ( 'NONE', ( #491, #1352, #2106, #1418, #681, #1714, #3458, #546, #3435 ) ) ;
#1896 = EDGE_LOOP ( 'NONE', ( #233, #505, #1524, #2243 ) ) ;
#1897 = DIRECTION ( 'NONE',  ( 2.001528833127040111E-15, 1.000000000000000000, 0.000000000000000000 ) ) ;
#1898 = FACE_OUTER_BOUND ( 'NONE', #2761, .T. ) ;
#1899 = DIRECTION ( 'NONE',  ( 0.000000000000000000, 0.000000000000000000, -1.000000000000000000 ) ) ;
#1900 = EDGE_LOOP ( 'NONE', ( #4233, #1551, #3282, #4084, #4173, #2580, #1208, #4320 ) ) ;
#1901 = ORIENTED_EDGE ( 'NONE', *, *, #3617, .F. ) ;
#1902 = ADVANCED_FACE ( 'NONE', ( #930 ), #1643, .T. ) ;
#1903 = ORIENTED_EDGE ( 'NONE', *, *, #287, .T. ) ;
#1904 = EDGE_LOOP ( 'NONE', ( #2669, #1846, #4059, #479, #2309 ) ) ;
#1905 = EDGE_LOOP ( 'NONE', ( #3244, #1275, #2379, #2063, #1807, #502 ) ) ;
#1906 = FACE_OUTER_BOUND ( 'NONE', #177, .T. ) ;
#1907 = CARTESIAN_POINT ( 'NONE',  ( 332.7234746446408735, 128.6332666870839887, -5.000000000000000000 ) ) ;
#1909 = EDGE_CURVE ( 'NONE', #1139, #4306, #1798, .T. ) ;
#1908 = EDGE_LOOP ( 'NONE', ( #2810, #1813, #359, #1830 ) ) ;
#1910 = ORIENTED_EDGE ( 'NONE', *, *, #1117, .T. ) ;
#1911 = DIRECTION ( 'NONE',  ( 0.000000000000000000, 0.000000000000000000, -1.000000000000000000 ) ) ;
#1912 = FACE_OUTER_BOUND ( 'NONE', #348, .T. ) ;
#1913 = ORIENTED_EDGE ( 'NONE', *, *, #2413, .F. ) ;
#1914 = CARTESIAN_POINT ( 'NONE',  ( 314.7108161019630188, 213.1782842209040041, 0.000000000000000000 ) ) ;
#1915 = ORIENTED_EDGE ( 'NONE', *, *, #2668, .F. ) ;
#1916 = ORIENTED_EDGE ( 'NONE', *, *, #3968, .T. ) ;
#1917 = CARTESIAN_POINT ( 'NONE',  ( 302.1107490918180360, 123.1783019966720047, 0.000000000000000000 ) ) ;
#1918 = PLANE ( 'NONE',  #4143 ) ;
#1919 = EDGE_CURVE ( 'NONE', #186, #3234, #4169, .T. ) ;
#1920 = DIRECTION ( 'NONE',  ( -6.661337997163900538E-16, 1.000000000000000000, -1.505870409130214873E-23 ) ) ;
#1922 = EDGE_CURVE ( 'NONE', #2906, #1246, #2849, .T. ) ;
#1921 = ORIENTED_EDGE ( 'NONE', *, *, #4397, .F. ) ;
#1923 = ORIENTED_EDGE ( 'NONE', *, *, #350, .T. ) ;
#1924 = EDGE_CURVE ( 'NONE', #963, #3670, #3186, .T. ) ;
#1925 = ADVANCED_FACE ( 'NONE', ( #2452 ), #2475, .F. ) ;
#1926 = CARTESIAN_POINT ( 'NONE',  ( 341.9027225921830109, 133.1782848660099887, -22.00000000000000000 ) ) ;
#1927 = ORIENTED_EDGE ( 'NONE', *, *, #79, .T. ) ;
#1928 = ORIENTED_EDGE ( 'NONE', *, *, #3152, .T. ) ;
#1929 = CARTESIAN_POINT ( 'NONE',  ( 299.6002301586469798, 168.1782836639370089, 0.000000000000000000 ) ) ;
#1930 = DIRECTION ( 'NONE',  ( -3.975690035241859844E-07, 0.9999999999999208411, 0.000000000000000000 ) ) ;
#1931 = EDGE_CURVE ( 'NONE', #148, #879, #767, .T. ) ;
#1932 = EDGE_CURVE ( 'NONE', #2907, #879, #1016, .T. ) ;
#1933 = ORIENTED_EDGE ( 'NONE', *, *, #2830, .T. ) ;
#1934 = VERTEX_POINT ( 'NONE', #2123 ) ;
#1935 = DIRECTION ( 'NONE',  ( 0.000000000000000000, 0.000000000000000000, -1.000000000000000000 ) ) ;
#1936 = CARTESIAN_POINT ( 'NONE',  ( 262.2989947549150429, 205.4795432788960170, -5.000000000000000000 ) ) ;
#1937 = CIRCLE ( 'NONE', #2998, 5.000000000000217604 ) ;
#1938 = PLANE ( 'NONE',  #542 ) ;
#1939 = VERTEX_POINT ( 'NONE', #1765 ) ;
#1940 = VECTOR ( 'NONE', #3180, 1000.000000000000000 ) ;
#1941 = VERTEX_POINT ( 'NONE', #2168 ) ;
#1942 = PLANE ( 'NONE',  #3073 ) ;
#1943 = DIRECTION ( 'NONE',  ( 0.9999999999999209521, 3.975689140323569336E-07, 0.000000000000000000 ) ) ;
#1944 = VECTOR ( 'NONE', #3635, 1000.000000000000000 ) ;
#1945 = CIRCLE ( 'NONE', #3070, 5.000000000000001776 ) ;
#1946 = LINE ( 'NONE', #2963, #1678 ) ;
#1947 = ORIENTED_EDGE ( 'NONE', *, *, #2710, .T. ) ;
#1948 = ORIENTED_EDGE ( 'NONE', *, *, #1792, .T. ) ;
#1949 = VECTOR ( 'NONE', #4343, 1000.000000000000000 ) ;
#1950 = AXIS2_PLACEMENT_3D ( 'NONE', #2050, #380, #3708 ) ;
#1951 = CIRCLE ( 'NONE', #2302, 2.196999999999948994 ) ;
#1952 = VECTOR ( 'NONE', #1774, 1000.000000000000000 ) ;
#1953 = DIRECTION ( 'NONE',  ( 2.001528833128000154E-15, 1.000000000000000000, 0.000000000000000000 ) ) ;
#1954 = ORIENTED_EDGE ( 'NONE', *, *, #2148, .F. ) ;
#1955 = ORIENTED_EDGE ( 'NONE', *, *, #3567, .F. ) ;
#1956 = ADVANCED_FACE ( 'NONE', ( #740 ), #3423, .T. ) ;
#1957 = LINE ( 'NONE', #3660, #1597 ) ;
#1958 = CARTESIAN_POINT ( 'NONE',  ( 299.6002301586469798, 168.1782836639370089, -22.00000000000000000 ) ) ;
#1959 = CIRCLE ( 'NONE', #2517, 2.196999999999921016 ) ;
#1960 = EDGE_LOOP ( 'NONE', ( #1251, #3910, #2640, #1299 ) ) ;
#1961 = VERTEX_POINT ( 'NONE', #2104 ) ;
#1962 = CARTESIAN_POINT ( 'NONE',  ( 260.0477337495050278, 207.7282842208930163, -22.00000000000000000 ) ) ;
#1963 = DIRECTION ( 'NONE',  ( 0.000000000000000000, 0.000000000000000000, -1.000000000000000000 ) ) ;
#1964 = CARTESIAN_POINT ( 'NONE',  ( 257.4019928075910002, 152.3819999999999766, -25.00000000000000000 ) ) ;
#1965 = CARTESIAN_POINT ( 'NONE',  ( 257.2977337495049710, 203.1783063018060034, -22.00000000000000000 ) ) ;
#1966 = ORIENTED_EDGE ( 'NONE', *, *, #749, .T. ) ;
#1967 = CARTESIAN_POINT ( 'NONE',  ( 289.7990274744140038, 125.9812842209039871, -17.00000000000000000 ) ) ;
#1968 = CARTESIAN_POINT ( 'NONE',  ( 335.7740057619919867, 204.3780000000000143, -5.000000000000000000 ) ) ;
#1969 = VECTOR ( 'NONE', #37, 1000.000000000000227 ) ;
#1970 = CARTESIAN_POINT ( 'NONE',  ( 299.7990269172150306, 125.9813010776029927, -25.00000000000000000 ) ) ;
#1971 = VERTEX_POINT ( 'NONE', #810 ) ;
#1972 = AXIS2_PLACEMENT_3D ( 'NONE', #2545, #3905, #195 ) ;
#1973 = LINE ( 'NONE', #649, #1116 ) ;
#1974 = ORIENTED_EDGE ( 'NONE', *, *, #2981, .F. ) ;
#1975 = EDGE_LOOP ( 'NONE', ( #1019, #4122, #2921, #3317, #2952, #496 ) ) ;
#1976 = DIRECTION ( 'NONE',  ( 1.000000000000000000, 0.000000000000000000, 0.000000000000000000 ) ) ;
#1977 = DIRECTION ( 'NONE',  ( 0.000000000000000000, 0.000000000000000000, -1.000000000000000000 ) ) ;
#1978 = VERTEX_POINT ( 'NONE', #1409 ) ;
#1979 = EDGE_LOOP ( 'NONE', ( #2122, #924, #893, #2249 ) ) ;
#1980 = DIRECTION ( 'NONE',  ( 0.9999999999999208411, 3.975689644130508851E-07, 0.000000000000000000 ) ) ;
#1981 = CARTESIAN_POINT ( 'NONE',  ( 299.6002301586469798, 168.1782836639370089, -22.00000000000000000 ) ) ;
#1982 = CARTESIAN_POINT ( 'NONE',  ( 259.5989928075869670, 125.9812842209039871, -22.00000000000000000 ) ) ;
#1983 = FACE_OUTER_BOUND ( 'NONE', #1975, .T. ) ;
#1984 = ORIENTED_EDGE ( 'NONE', *, *, #3042, .T. ) ;
#1985 = FACE_OUTER_BOUND ( 'NONE', #4302, .T. ) ;
#1986 = LINE ( 'NONE', #3650, #3707 ) ;
#1987 = EDGE_CURVE ( 'NONE', #3234, #2239, #61, .T. ) ;
#1988 = CARTESIAN_POINT ( 'NONE',  ( 254.5977337495230017, 203.1783063018060034, -22.00000000000000000 ) ) ;
#1989 = VERTEX_POINT ( 'NONE', #475 ) ;
#1990 = MANIFOLD_SOLID_BREP ( 'Boss-Extrude2', #3173 ) ;
#1991 = CARTESIAN_POINT ( 'NONE',  ( 329.5989950341020176, 125.8783129251220032, -3.500000000000000000 ) ) ;
#1992 = VERTEX_POINT ( 'NONE', #2758 ) ;
#1993 = EDGE_LOOP ( 'NONE', ( #1525, #3099, #4349, #1583 ) ) ;
#1994 = DIRECTION ( 'NONE',  ( 1.000000000000000000, -5.046468293750860025E-14, 0.000000000000000000 ) ) ;
#1995 = EDGE_CURVE ( 'NONE', #4378, #563, #1751, .T. ) ;
#1996 = EDGE_LOOP ( 'NONE', ( #2428, #3511, #527, #1539, #1169, #1889 ) ) ;
#1997 = CARTESIAN_POINT ( 'NONE',  ( 303.7108176413900082, 210.4782842208930163, 0.000000000000000000 ) ) ;
#1998 = DIRECTION ( 'NONE',  ( 0.000000000000000000, 0.000000000000000000, -1.000000000000000000 ) ) ;
#1999 = CARTESIAN_POINT ( 'NONE',  ( 336.9026938479009914, 210.4782842208930163, -5.000000000000000000 ) ) ;
#2000 = ADVANCED_FACE ( 'NONE', ( #3449 ), #1120, .T. ) ;
#2001 = CARTESIAN_POINT ( 'NONE',  ( 344.6027176458948134, 145.6194142555691542, -5.000000000000000888 ) ) ;
#2002 = EDGE_CURVE ( 'NONE', #2004, #3075, #3113, .T. ) ;
#2003 = DIRECTION ( 'NONE',  ( 0.000000000000000000, 0.000000000000000000, -1.000000000000000000 ) ) ;
#2004 = VERTEX_POINT ( 'NONE', #1074 ) ;
#2005 = DIRECTION ( 'NONE',  ( 0.000000000000000000, 0.000000000000000000, -1.000000000000000000 ) ) ;
#2006 = DIRECTION ( 'NONE',  ( -3.975689611772168905E-07, 0.9999999999999208411, 0.000000000000000000 ) ) ;
#2007 = CARTESIAN_POINT ( 'NONE',  ( 337.8364860856889891, 199.3779999999999859, -5.000000000000000000 ) ) ;
#2008 = VERTEX_POINT ( 'NONE', #4205 ) ;
#2009 = EDGE_CURVE ( 'NONE', #4291, #823, #2805, .T. ) ;
#2010 = AXIS2_PLACEMENT_3D ( 'NONE', #4303, #1943, #2895 ) ;
#2011 = EDGE_CURVE ( 'NONE', #3266, #4266, #450, .T. ) ;
#2012 = EDGE_CURVE ( 'NONE', #3271, #2993, #3485, .T. ) ;
#2013 = VECTOR ( 'NONE', #3277, 1000.000000000000000 ) ;
#2014 = AXIS2_PLACEMENT_3D ( 'NONE', #2065, #2748, #3514 ) ;
#2015 = CARTESIAN_POINT ( 'NONE',  ( 299.6002301586469798, 168.1782836639370089, -5.000000000000000000 ) ) ;
#2016 = ORIENTED_EDGE ( 'NONE', *, *, #7, .F. ) ;
#2017 = VECTOR ( 'NONE', #3269, 1000.000000000000000 ) ;
#2018 = VERTEX_POINT ( 'NONE', #1141 ) ;
#2019 = CARTESIAN_POINT ( 'NONE',  ( 254.5977337495149868, 213.1782842209040041, -25.00000000000000000 ) ) ;
#2020 = PERSON_AND_ORGANIZATION ( #855, #877 ) ;
#2021 = AXIS2_PLACEMENT_3D ( 'NONE', #55, #3804, #2425 ) ;
#2022 = AXIS2_PLACEMENT_3D ( 'NONE', #4081, #368, #3426 ) ;
#2023 = AXIS2_PLACEMENT_3D ( 'NONE', #2688, #2312, #2995 ) ;
#2024 = ORIENTED_EDGE ( 'NONE', *, *, #3736, .F. ) ;
#2025 = DIRECTION ( 'NONE',  ( 0.000000000000000000, 0.000000000000000000, -1.000000000000000000 ) ) ;
#2026 = DIRECTION ( 'NONE',  ( 0.000000000000000000, -1.000000000000000000, 0.000000000000000000 ) ) ;
#2027 = FACE_OUTER_BOUND ( 'NONE', #4085, .T. ) ;
#2028 = EDGE_CURVE ( 'NONE', #196, #2919, #4282, .T. ) ;
#2029 = CARTESIAN_POINT ( 'NONE',  ( 332.7234746446408735, 128.6332666870839887, -3.500000000000000000 ) ) ;
#2030 = ORIENTED_EDGE ( 'NONE', *, *, #700, .F. ) ;
#2031 = DIRECTION ( 'NONE',  ( 3.068063101763788440E-06, 0.9999999999952934315, 0.000000000000000000 ) ) ;
#2032 = DIRECTION ( 'NONE',  ( 5.757630767489790149E-14, -1.000000000000000000, 0.000000000000000000 ) ) ;
#2033 = VECTOR ( 'NONE', #1098, 1000.000000000000000 ) ;
#2034 = DIRECTION ( 'NONE',  ( 0.7071067811865483499, 0.000000000000000000, -0.7071067811865469066 ) ) ;
#2035 = ORIENTED_EDGE ( 'NONE', *, *, #20, .T. ) ;
#2036 = CARTESIAN_POINT ( 'NONE',  ( 260.3990000016229942, 126.2528337412450128, -5.000000000000000000 ) ) ;
#2037 = CIRCLE ( 'NONE', #1182, 2.749999999999919176 ) ;
#2038 = CARTESIAN_POINT ( 'NONE',  ( 257.2989947549160092, 205.4795412910509924, -5.000000000000000000 ) ) ;
#2039 = ORIENTED_EDGE ( 'NONE', *, *, #2570, .F. ) ;
#2040 = ORIENTED_EDGE ( 'NONE', *, *, #2125, .F. ) ;
#2041 = AXIS2_PLACEMENT_3D ( 'NONE', #975, #2660, #1640 ) ;
#2042 = LINE ( 'NONE', #2700, #1381 ) ;
#2043 = LINE ( 'NONE', #3056, #3424 ) ;
#2044 = APPROVAL_ROLE ( '' ) ;
#2045 = EDGE_CURVE ( 'NONE', #2662, #4310, #1544, .T. ) ;
#2046 = VECTOR ( 'NONE', #3536, 1000.000000000000227 ) ;
#2047 = ORIENTED_EDGE ( 'NONE', *, *, #1792, .F. ) ;
#2048 = CARTESIAN_POINT ( 'NONE',  ( 294.3989928075900480, 210.3752842209040068, -5.000000000000000000 ) ) ;
#2049 = CARTESIAN_POINT ( 'NONE',  ( 294.7990196434950008, 145.6782904224399999, -17.00000000000000000 ) ) ;
#2050 = CARTESIAN_POINT ( 'NONE',  ( 294.7990285887940445, 123.1782990897590082, -43.20000000000000284 ) ) ;
#2051 = EDGE_CURVE ( 'NONE', #4244, #3271, #3969, .T. ) ;
#2052 = ADVANCED_FACE ( 'NONE', ( #3533 ), #1619, .F. ) ;
#2053 = DIRECTION ( 'NONE',  ( 1.000000000000000000, 0.000000000000000000, 0.000000000000000000 ) ) ;
#2054 = ORIENTED_EDGE ( 'NONE', *, *, #3175, .F. ) ;
#2055 = PLANE ( 'NONE',  #1731 ) ;
#2056 = DIRECTION ( 'NONE',  ( 0.000000000000000000, 0.000000000000000000, 1.000000000000000000 ) ) ;
#2057 = CARTESIAN_POINT ( 'NONE',  ( 341.8176080111219903, 206.3780000000000143, -5.000000000000000000 ) ) ;
#2058 = EDGE_LOOP ( 'NONE', ( #1933, #2103, #3399, #613 ) ) ;
#2059 = DIRECTION ( 'NONE',  ( 0.000000000000000000, 0.000000000000000000, 1.000000000000000000 ) ) ;
#2060 = ADVANCED_FACE ( 'NONE', ( #3267 ), #188, .T. ) ;
#2061 = CARTESIAN_POINT ( 'NONE',  ( 304.7989928075899684, 213.1782842209040041, -5.000000000000000000 ) ) ;
#2062 = VERTEX_POINT ( 'NONE', #3203 ) ;
#2063 = ORIENTED_EDGE ( 'NONE', *, *, #4113, .F. ) ;
#2064 = CARTESIAN_POINT ( 'NONE',  ( 309.7990274744070121, 123.1783050532930019, -17.00000000000000000 ) ) ;
#2065 = CARTESIAN_POINT ( 'NONE',  ( 262.2989947549150429, 205.4795432788960170, -5.000000000000000000 ) ) ;
#2066 = DIRECTION ( 'NONE',  ( 1.000000000000000000, 6.661338147750940229E-16, 0.000000000000000000 ) ) ;
#2067 = EDGE_CURVE ( 'NONE', #2561, #634, #3352, .T. ) ;
#2068 = CARTESIAN_POINT ( 'NONE',  ( 294.7990274744109911, 125.9812916553312903, -25.00000000000000000 ) ) ;
#2069 = CARTESIAN_POINT ( 'NONE',  ( 331.5989950341020176, 131.5792914133149907, -5.000000000000000000 ) ) ;
#2070 = EDGE_CURVE ( 'NONE', #3430, #3684, #2913, .T. ) ;
#2071 = DIRECTION ( 'NONE',  ( -3.975689676461903619E-07, 0.9999999999999208411, 0.000000000000000000 ) ) ;
#2072 = EDGE_CURVE ( 'NONE', #3907, #2917, #1584, .T. ) ;
#2073 = CARTESIAN_POINT ( 'NONE',  ( 259.5989928075899797, 208.1782842209040041, -22.00000000000000000 ) ) ;
#2074 = ORIENTED_EDGE ( 'NONE', *, *, #1702, .F. ) ;
#2075 = CARTESIAN_POINT ( 'NONE',  ( 299.6002301586469798, 168.1782836639370089, 0.000000000000000000 ) ) ;
#2076 = DIRECTION ( 'NONE',  ( 0.000000000000000000, 0.000000000000000000, -1.000000000000000000 ) ) ;
#2077 = CARTESIAN_POINT ( 'NONE',  ( 294.3989928075900480, 213.1782842209040041, -5.000000000000000000 ) ) ;
#2078 = EDGE_LOOP ( 'NONE', ( #2884, #3499, #862, #2263 ) ) ;
#2079 = ORIENTED_EDGE ( 'NONE', *, *, #3427, .T. ) ;
#2080 = CARTESIAN_POINT ( 'NONE',  ( 257.2989947549160092, 205.4795412910509924, -5.000000000000000000 ) ) ;
#2081 = FACE_OUTER_BOUND ( 'NONE', #1233, .T. ) ;
#2082 = CIRCLE ( 'NONE', #724, 3.374900000006619827 ) ;
#2083 = CARTESIAN_POINT ( 'NONE',  ( 339.1527254944259653, 125.8783167233890055, 0.000000000000000000 ) ) ;
#2084 = ORIENTED_EDGE ( 'NONE', *, *, #4240, .F. ) ;
#2085 = ORIENTED_EDGE ( 'NONE', *, *, #3926, .T. ) ;
#2086 = AXIS2_PLACEMENT_3D ( 'NONE', #3088, #3714, #3803 ) ;
#2087 = DIRECTION ( 'NONE',  ( -1.000000000000000000, -7.719006236299344607E-12, 0.000000000000000000 ) ) ;
#2088 = AXIS2_PLACEMENT_3D ( 'NONE', #4246, #3259, #2216 ) ;
#2089 = VECTOR ( 'NONE', #4061, 1000.000000000000000 ) ;
#2090 = VECTOR ( 'NONE', #1479, 1000.000000000000000 ) ;
#2091 = CC_DESIGN_PERSON_AND_ORGANIZATION_ASSIGNMENT ( #2020, #1331, ( #842 ) ) ;
#2092 = PLANE ( 'NONE',  #2233 ) ;
#2093 = CYLINDRICAL_SURFACE ( 'NONE', #3999, 2.749999999999919176 ) ;
#2094 = VECTOR ( 'NONE', #2032, 1000.000000000000000 ) ;
#2095 = VECTOR ( 'NONE', #1111, 1000.000000000000000 ) ;
#2096 = CARTESIAN_POINT ( 'NONE',  ( 262.5990087599560070, 203.6783008473059908, -5.000000000000000000 ) ) ;
#2097 = AXIS2_PLACEMENT_3D ( 'NONE', #3040, #2, #982 ) ;
#2098 = CARTESIAN_POINT ( 'NONE',  ( 299.6002301586469798, 168.1782836639370089, -22.00000000000000000 ) ) ;
#2099 = LINE ( 'NONE', #54, #586 ) ;
#2100 = CARTESIAN_POINT ( 'NONE',  ( 341.8989928075779972, 131.5792914133139675, -5.000000000000000000 ) ) ;
#2101 = LINE ( 'NONE', #2450, #4163 ) ;
#2102 = ORIENTED_EDGE ( 'NONE', *, *, #2341, .T. ) ;
#2103 = ORIENTED_EDGE ( 'NONE', *, *, #465, .F. ) ;
#2104 = CARTESIAN_POINT ( 'NONE',  ( 257.2989947549160092, 205.4795412910509924, -3.500000000000000000 ) ) ;
#2105 = DIRECTION ( 'NONE',  ( 0.000000000000000000, 1.000000000000000000, 0.000000000000000000 ) ) ;
#2106 = ADVANCED_FACE ( 'NONE', ( #2556 ), #2229, .T. ) ;
#2107 = DIRECTION ( 'NONE',  ( 0.9999999999999209521, 3.975690035241860373E-07, -6.277700872226019604E-15 ) ) ;
#2108 = VERTEX_POINT ( 'NONE', #899 ) ;
#2109 = VERTEX_POINT ( 'NONE', #580 ) ;
#2110 = CARTESIAN_POINT ( 'NONE',  ( 339.6026927744260320, 213.1782842209040041, 0.000000000000000000 ) ) ;
#2111 = VECTOR ( 'NONE', #1160, 1000.000000000000227 ) ;
#2112 = DIRECTION ( 'NONE',  ( 0.000000000000000000, 0.000000000000000000, -1.000000000000000000 ) ) ;
#2113 = DIRECTION ( 'NONE',  ( 0.000000000000000000, 0.000000000000000000, 1.000000000000000000 ) ) ;
#2114 = VECTOR ( 'NONE', #304, 1000.000000000000000 ) ;
#2115 = CARTESIAN_POINT ( 'NONE',  ( 341.8989928075779972, 128.4851041553519906, 0.000000000000000000 ) ) ;
#2116 = DIRECTION ( 'NONE',  ( -0.7071067811864931718, -2.811237381772350523E-07, -0.7071067811865459074 ) ) ;
#2117 = DIRECTION ( 'NONE',  ( -1.000000000000000000, 3.083782076735418764E-16, 0.000000000000000000 ) ) ;
#2118 = CARTESIAN_POINT ( 'NONE',  ( 265.3990014167189884, 197.3783098338300022, -5.000000000000000000 ) ) ;
#2119 = EDGE_CURVE ( 'NONE', #4284, #1119, #1278, .T. ) ;
#2120 = CARTESIAN_POINT ( 'NONE',  ( 339.5989928075899797, 128.1782842209040041, -22.00000000000000000 ) ) ;
#2121 = ORIENTED_EDGE ( 'NONE', *, *, #1085, .T. ) ;
#2122 = ORIENTED_EDGE ( 'NONE', *, *, #2985, .T. ) ;
#2123 = CARTESIAN_POINT ( 'NONE',  ( 259.1594475141860130, 126.0257022979460118, -22.00000000000000000 ) ) ;
#2124 = EDGE_CURVE ( 'NONE', #2549, #3340, #2718, .T. ) ;
#2125 = EDGE_CURVE ( 'NONE', #693, #3275, #2207, .T. ) ;
#2126 = FACE_OUTER_BOUND ( 'NONE', #3586, .T. ) ;
#2127 = CARTESIAN_POINT ( 'NONE',  ( 341.8989664093870715, 192.3779999999999859, -5.000000000000000000 ) ) ;
#2128 = LINE ( 'NONE', #1124, #1259 ) ;
#2129 = VERTEX_POINT ( 'NONE', #3579 ) ;
#2130 = ORIENTED_EDGE ( 'NONE', *, *, #2012, .F. ) ;
#2131 = DIRECTION ( 'NONE',  ( 1.000000000000000000, -3.900890379583120241E-15, 0.000000000000000000 ) ) ;
#2132 = CARTESIAN_POINT ( 'NONE',  ( 311.3990434335499344, 213.1782842209040041, 0.6497013181468039855 ) ) ;
#2133 = CARTESIAN_POINT ( 'NONE',  ( 341.6026993167175192, 191.7225479073473196, 0.000000000000000000 ) ) ;
#2134 = LINE ( 'NONE', #442, #408 ) ;
#2135 = DIRECTION ( 'NONE',  ( 1.000000000000000000, 2.342449817882460104E-14, 0.000000000000000000 ) ) ;
#2136 = CARTESIAN_POINT ( 'NONE',  ( 343.1382259775492685, 211.7138188296460442, 0.000000000000000000 ) ) ;
#2137 = EDGE_CURVE ( 'NONE', #1609, #1481, #1253, .T. ) ;
#2138 = DIRECTION ( 'NONE',  ( 0.000000000000000000, 0.000000000000000000, 1.000000000000000000 ) ) ;
#2139 = CARTESIAN_POINT ( 'NONE',  ( 289.3989928075899911, 210.3752842209040068, -17.00000000000000000 ) ) ;
#2140 = EDGE_LOOP ( 'NONE', ( #325, #2635, #2835 ) ) ;
#2141 = CARTESIAN_POINT ( 'NONE',  ( 264.5990010913569677, 213.1782842208920101, -22.00000000000000000 ) ) ;
#2142 = CARTESIAN_POINT ( 'NONE',  ( 339.1527225921830677, 128.6283155986110103, -22.00000000000000000 ) ) ;
#2143 = DIRECTION ( 'NONE',  ( 0.000000000000000000, 0.000000000000000000, 1.000000000000000000 ) ) ;
#2144 = ORIENTED_EDGE ( 'NONE', *, *, #1820, .T. ) ;
#2145 = VERTEX_POINT ( 'NONE', #3877 ) ;
#2146 = PLANE ( 'NONE',  #3786 ) ;
#2147 = EDGE_CURVE ( 'NONE', #3606, #1817, #834, .T. ) ;
#2148 = EDGE_CURVE ( 'NONE', #1015, #2972, #2876, .T. ) ;
#2149 = AXIS2_PLACEMENT_3D ( 'NONE', #2449, #4183, #757 ) ;
#2150 = VECTOR ( 'NONE', #4225, 1000.000000000000000 ) ;
#2151 = ORIENTED_EDGE ( 'NONE', *, *, #2981, .T. ) ;
#2152 = VECTOR ( 'NONE', #2728, 1000.000000000000000 ) ;
#2153 = DIRECTION ( 'NONE',  ( 3.975690058647769339E-07, -0.9999999999999208411, 0.000000000000000000 ) ) ;
#2154 = CARTESIAN_POINT ( 'NONE',  ( 339.5989928075869670, 125.9812842209049819, -25.00000000000000000 ) ) ;
#2155 = CIRCLE ( 'NONE', #2652, 2.196999999999921016 ) ;
#2156 = CARTESIAN_POINT ( 'NONE',  ( 339.5989928075899797, 128.1782842209040041, -22.00000000000000000 ) ) ;
#2157 = CIRCLE ( 'NONE', #244, 1.480499935150147994 ) ;
#2158 = VECTOR ( 'NONE', #2734, 1000.000000000000000 ) ;
#2159 = CARTESIAN_POINT ( 'NONE',  ( 254.5977337495919812, 123.1782831069699853, -22.00000000000000000 ) ) ;
#2160 = CYLINDRICAL_SURFACE ( 'NONE', #2021, 4.999999999999983125 ) ;
#2161 = DIRECTION ( 'NONE',  ( 0.000000000000000000, 0.000000000000000000, 1.000000000000000000 ) ) ;
#2162 = EDGE_CURVE ( 'NONE', #1073, #266, #853, .T. ) ;
#2163 = AXIS2_PLACEMENT_3D ( 'NONE', #608, #1638, #2970 ) ;
#2164 = CARTESIAN_POINT ( 'NONE',  ( 334.5990010913239985, 125.8783155986110103, -22.00000000000000000 ) ) ;
#2165 = CARTESIAN_POINT ( 'NONE',  ( 341.8989928075779972, 131.5792914133139675, -5.000000000000000000 ) ) ;
#2166 = ORIENTED_EDGE ( 'NONE', *, *, #891, .T. ) ;
#2167 = ORIENTED_EDGE ( 'NONE', *, *, #2011, .T. ) ;
#2168 = CARTESIAN_POINT ( 'NONE',  ( 256.0622005464662152, 124.6427504860714492, 0.000000000000000000 ) ) ;
#2169 = CARTESIAN_POINT ( 'NONE',  ( 260.0477337495220240, 125.8782870831380052, -5.000000000000000000 ) ) ;
#2170 = DIRECTION ( 'NONE',  ( -6.661337997163900538E-16, 1.000000000000000000, -1.505870409130214873E-23 ) ) ;
#2171 = EDGE_LOOP ( 'NONE', ( #1224, #851, #2167, #910, #4294, #2305, #3767, #1592, #4252, #1200, #1389, #886, #282, #4356, #3256, #4263, #1663, #2054 ) ) ;
#2172 = ORIENTED_EDGE ( 'NONE', *, *, #3617, .T. ) ;
#2173 = CYLINDRICAL_SURFACE ( 'NONE', #2230, 4.999999999999980460 ) ;
#2174 = ORIENTED_EDGE ( 'NONE', *, *, #3230, .T. ) ;
#2175 = CIRCLE ( 'NONE', #1464, 5.000000000000004441 ) ;
#2176 = DIRECTION ( 'NONE',  ( 0.000000000000000000, 0.000000000000000000, -1.000000000000000000 ) ) ;
#2177 = AXIS2_PLACEMENT_3D ( 'NONE', #422, #4180, #3505 ) ;
#2178 = DIRECTION ( 'NONE',  ( -1.000000000000000000, 0.000000000000000000, 0.000000000000000000 ) ) ;
#2179 = CARTESIAN_POINT ( 'NONE',  ( 294.3989928075900480, 190.6782839424210181, -17.00000000000000000 ) ) ;
#2180 = CARTESIAN_POINT ( 'NONE',  ( 254.5977337495880022, 128.1782850948110024, 0.000000000000000000 ) ) ;
#2181 = AXIS2_PLACEMENT_3D ( 'NONE', #2015, #612, #1284 ) ;
#2182 = EDGE_CURVE ( 'NONE', #2630, #2549, #1872, .T. ) ;
#2183 = DIRECTION ( 'NONE',  ( 0.000000000000000000, 0.000000000000000000, 1.000000000000000000 ) ) ;
#2184 = VERTEX_POINT ( 'NONE', #3248 ) ;
#2185 = ORIENTED_EDGE ( 'NONE', *, *, #1492, .F. ) ;
#2186 = DIRECTION ( 'NONE',  ( 0.000000000000000000, 0.000000000000000000, -1.000000000000000000 ) ) ;
#2187 = CARTESIAN_POINT ( 'NONE',  ( 344.6026947622719945, 203.1782838797809916, -5.000000000000000000 ) ) ;
#2188 = LINE ( 'NONE', #3535, #1444 ) ;
#2189 = CARTESIAN_POINT ( 'NONE',  ( 284.4872042209859728, 125.8782949900739965, 0.000000000000000000 ) ) ;
#2190 = VERTEX_POINT ( 'NONE', #208 ) ;
#2191 = EDGE_LOOP ( 'NONE', ( #3973, #3985, #2262, #3607 ) ) ;
#2192 = CARTESIAN_POINT ( 'NONE',  ( 257.2977337495049710, 203.1783063018060034, -5.000000000000000000 ) ) ;
#2193 = EDGE_CURVE ( 'NONE', #4024, #201, #1564, .T. ) ;
#2194 = FACE_OUTER_BOUND ( 'NONE', #3665, .T. ) ;
#2195 = VERTEX_POINT ( 'NONE', #3844 ) ;
#2196 = CARTESIAN_POINT ( 'NONE',  ( 304.7989928075899684, 190.6782839424210181, -17.00000000000000000 ) ) ;
#2197 = CARTESIAN_POINT ( 'NONE',  ( 303.7108176413900082, 213.1782842209040041, 0.000000000000000000 ) ) ;
#2198 = EDGE_CURVE ( 'NONE', #552, #1782, #3197, .T. ) ;
#2199 = CARTESIAN_POINT ( 'NONE',  ( 289.3989928075899911, 190.6782839424210181, -17.00000000000000000 ) ) ;
#2200 = DIRECTION ( 'NONE',  ( 0.000000000000000000, 0.000000000000000000, -1.000000000000000000 ) ) ;
#2201 = EDGE_CURVE ( 'NONE', #1203, #159, #3559, .T. ) ;
#2202 = EDGE_CURVE ( 'NONE', #1307, #473, #3127, .T. ) ;
#2203 = CARTESIAN_POINT ( 'NONE',  ( 292.9345267135227573, 210.3752842209040068, -20.53553390593273775 ) ) ;
#2204 = LINE ( 'NONE', #1201, #3237 ) ;
#2205 = EDGE_LOOP ( 'NONE', ( #1903, #4237, #3972, #833, #2251, #928 ) ) ;
#2206 = ORIENTED_EDGE ( 'NONE', *, *, #1922, .T. ) ;
#2207 = LINE ( 'NONE', #2252, #1510 ) ;
#2208 = FACE_BOUND ( 'NONE', #81, .T. ) ;
#2209 = CARTESIAN_POINT ( 'NONE',  ( 339.6026927744260320, 208.1782842209040041, 0.000000000000000000 ) ) ;
#2210 = VERTEX_POINT ( 'NONE', #117 ) ;
#2211 = ORIENTED_EDGE ( 'NONE', *, *, #2237, .F. ) ;
#2212 = EDGE_CURVE ( 'NONE', #2698, #1015, #4138, .T. ) ;
#2213 = CARTESIAN_POINT ( 'NONE',  ( 333.7740057619930099, 204.3780000000000143, -3.500000000000000000 ) ) ;
#2214 = ORIENTED_EDGE ( 'NONE', *, *, #1749, .F. ) ;
#2215 = ORIENTED_EDGE ( 'NONE', *, *, #1492, .T. ) ;
#2216 = DIRECTION ( 'NONE',  ( -1.110223024625155594E-14, -1.000000000000000000, 0.000000000000000000 ) ) ;
#2217 = VECTOR ( 'NONE', #1357, 1000.000000000000227 ) ;
#2218 = EDGE_LOOP ( 'NONE', ( #1887, #3980, #771, #3996 ) ) ;
#2219 = ORIENTED_EDGE ( 'NONE', *, *, #1738, .T. ) ;
#2220 = DIRECTION ( 'NONE',  ( 0.7071066406246574454, 0.7071069217484095004, 0.000000000000000000 ) ) ;
#2221 = DIRECTION ( 'NONE',  ( 0.000000000000000000, 0.000000000000000000, -1.000000000000000000 ) ) ;
#2222 = CIRCLE ( 'NONE', #802, 2.750000000000002665 ) ;
#2223 = VECTOR ( 'NONE', #2923, 1000.000000000000000 ) ;
#2224 = AXIS2_PLACEMENT_3D ( 'NONE', #2075, #8, #3666 ) ;
#2225 = AXIS2_PLACEMENT_3D ( 'NONE', #4, #3755, #2354 ) ;
#2226 = DIRECTION ( 'NONE',  ( 0.000000000000000000, 0.000000000000000000, 1.000000000000000000 ) ) ;
#2227 = VERTEX_POINT ( 'NONE', #488 ) ;
#2228 = ORIENTED_EDGE ( 'NONE', *, *, #4336, .T. ) ;
#2229 = PLANE ( 'NONE',  #2010 ) ;
#2230 = AXIS2_PLACEMENT_3D ( 'NONE', #1128, #792, #3492 ) ;
#2231 = CIRCLE ( 'NONE', #3151, 3.374900000006619827 ) ;
#2232 = FACE_OUTER_BOUND ( 'NONE', #1661, .T. ) ;
#2233 = AXIS2_PLACEMENT_3D ( 'NONE', #2749, #750, #1045 ) ;
#2234 = CARTESIAN_POINT ( 'NONE',  ( 309.7990263600289609, 125.9812842209039871, -17.00000000000000000 ) ) ;
#2235 = ORIENTED_EDGE ( 'NONE', *, *, #1317, .F. ) ;
#2236 = ORIENTED_EDGE ( 'NONE', *, *, #4153, .T. ) ;
#2237 = EDGE_CURVE ( 'NONE', #2618, #1503, #2222, .T. ) ;
#2238 = ORIENTED_EDGE ( 'NONE', *, *, #1605, .F. ) ;
#2239 = VERTEX_POINT ( 'NONE', #1175 ) ;
#2240 = EDGE_LOOP ( 'NONE', ( #4396, #3274, #3029, #272, #1327, #2889, #1515, #3446, #977, #3830, #1901, #2315, #2543, #1245, #819, #1600, #863, #30, #1202 ) ) ;
#2241 = CARTESIAN_POINT ( 'NONE',  ( 339.1526929533699786, 210.4782842208930163, -22.00000000000000000 ) ) ;
#2242 = AXIS2_PLACEMENT_3D ( 'NONE', #409, #1780, #2427 ) ;
#2243 = ORIENTED_EDGE ( 'NONE', *, *, #3238, .F. ) ;
#2244 = ORIENTED_EDGE ( 'NONE', *, *, #4080, .F. ) ;
#2245 = LINE ( 'NONE', #1176, #1873 ) ;
#2246 = CARTESIAN_POINT ( 'NONE',  ( 264.0045088858410054, 203.6783008473059908, -3.500000000000000000 ) ) ;
#2247 = VECTOR ( 'NONE', #968, 1000.000000000000000 ) ;
#2248 = CARTESIAN_POINT ( 'NONE',  ( 339.5989928075869670, 125.9812842209049819, -22.00000000000000000 ) ) ;
#2249 = ORIENTED_EDGE ( 'NONE', *, *, #1877, .T. ) ;
#2250 = VECTOR ( 'NONE', #15, 1000.000000000000227 ) ;
#2251 = ORIENTED_EDGE ( 'NONE', *, *, #3964, .T. ) ;
#2252 = CARTESIAN_POINT ( 'NONE',  ( 333.7740057619919867, 194.3779999999999859, -5.000000000000000000 ) ) ;
#2253 = ADVANCED_FACE ( 'NONE', ( #423 ), #1776, .F. ) ;
#2254 = DIRECTION ( 'NONE',  ( 0.000000000000000000, 0.000000000000000000, 1.000000000000000000 ) ) ;
#2255 = AXIS2_PLACEMENT_3D ( 'NONE', #369, #1723, #3074 ) ;
#2256 = CARTESIAN_POINT ( 'NONE',  ( 309.7990263600289609, 125.9812842209039871, -17.00000000000000000 ) ) ;
#2257 = EDGE_LOOP ( 'NONE', ( #2338, #1577, #1885, #4095, #3609, #720, #2973, #2085, #3839, #3886, #2560, #300 ) ) ;
#2258 = ORIENTED_EDGE ( 'NONE', *, *, #3305, .T. ) ;
#2259 = EDGE_CURVE ( 'NONE', #4342, #1481, #1446, .T. ) ;
#2260 = EDGE_CURVE ( 'NONE', #2972, #3698, #134, .T. ) ;
#2261 = ORIENTED_EDGE ( 'NONE', *, *, #2070, .T. ) ;
#2262 = ORIENTED_EDGE ( 'NONE', *, *, #4110, .F. ) ;
#2263 = ORIENTED_EDGE ( 'NONE', *, *, #3630, .T. ) ;
#2264 = DIRECTION ( 'NONE',  ( 0.000000000000000000, 0.000000000000000000, -1.000000000000000000 ) ) ;
#2265 = CARTESIAN_POINT ( 'NONE',  ( 304.7990263600289609, 125.9812842209039871, -17.00000000000000000 ) ) ;
#2266 = VERTEX_POINT ( 'NONE', #3155 ) ;
#2267 = ORIENTED_EDGE ( 'NONE', *, *, #439, .T. ) ;
#2268 = PLANE ( 'NONE',  #4008 ) ;
#2269 = CARTESIAN_POINT ( 'NONE',  ( 339.6026907865820021, 213.1782822330590079, -22.00000000000000000 ) ) ;
#2270 = DIRECTION ( 'NONE',  ( 0.000000000000000000, 0.000000000000000000, -1.000000000000000000 ) ) ;
#2271 = ORIENTED_EDGE ( 'NONE', *, *, #1105, .F. ) ;
#2272 = ORIENTED_EDGE ( 'NONE', *, *, #3519, .F. ) ;
#2273 = LINE ( 'NONE', #3169, #1375 ) ;
#2274 = DIRECTION ( 'NONE',  ( 0.9999999999999208411, 3.975689644130508851E-07, 0.000000000000000000 ) ) ;
#2275 = LINE ( 'NONE', #3626, #2673 ) ;
#2276 = EDGE_LOOP ( 'NONE', ( #1294, #1106 ) ) ;
#2277 = ORIENTED_EDGE ( 'NONE', *, *, #4159, .T. ) ;
#2278 = DIRECTION ( 'NONE',  ( -2.935676250064819728E-14, -1.000000000000000000, 0.000000000000000000 ) ) ;
#2279 = ORIENTED_EDGE ( 'NONE', *, *, #3911, .F. ) ;
#2280 = VERTEX_POINT ( 'NONE', #1471 ) ;
#2281 = EDGE_CURVE ( 'NONE', #2874, #2195, #2820, .T. ) ;
#2282 = CARTESIAN_POINT ( 'NONE',  ( 262.5990087599560070, 203.6783008473059908, -5.000000000000000000 ) ) ;
#2283 = FACE_OUTER_BOUND ( 'NONE', #1788, .T. ) ;
#2284 = VERTEX_POINT ( 'NONE', #32 ) ;
#2285 = ORIENTED_EDGE ( 'NONE', *, *, #2703, .F. ) ;
#2286 = CARTESIAN_POINT ( 'NONE',  ( 343.1382249836279357, 211.7138178357237450, -22.00000000000000000 ) ) ;
#2287 = CARTESIAN_POINT ( 'NONE',  ( 289.3989928075899911, 213.1782842209040041, -22.00000000000000000 ) ) ;
#2288 = AXIS2_PLACEMENT_3D ( 'NONE', #966, #203, #3332 ) ;
#2289 = LINE ( 'NONE', #1965, #3591 ) ;
#2290 = VECTOR ( 'NONE', #431, 1000.000000000000000 ) ;
#2291 = DIRECTION ( 'NONE',  ( 0.9999999999999208411, 3.975690058524630865E-07, -0.000000000000000000 ) ) ;
#2292 = DIRECTION ( 'NONE',  ( 0.000000000000000000, -1.000000000000000000, 0.000000000000000000 ) ) ;
#2293 = VECTOR ( 'NONE', #2565, 1000.000000000000000 ) ;
#2294 = ADVANCED_FACE ( 'NONE', ( #1742 ), #2713, .T. ) ;
#2295 = AXIS2_PLACEMENT_3D ( 'NONE', #4358, #3685, #640 ) ;
#2296 = VECTOR ( 'NONE', #984, 1000.000000000000000 ) ;
#2297 = CYLINDRICAL_SURFACE ( 'NONE', #4307, 2.000000000000112799 ) ;
#2298 = VERTEX_POINT ( 'NONE', #4073 ) ;
#2299 = ORIENTED_EDGE ( 'NONE', *, *, #1995, .T. ) ;
#2300 = AXIS2_PLACEMENT_3D ( 'NONE', #366, #1362, #346 ) ;
#2301 = AXIS2_PLACEMENT_3D ( 'NONE', #3051, #2059, #3386 ) ;
#2302 = AXIS2_PLACEMENT_3D ( 'NONE', #3794, #372, #2087 ) ;
#2303 = LINE ( 'NONE', #3387, #477 ) ;
#2304 = ORIENTED_EDGE ( 'NONE', *, *, #2045, .T. ) ;
#2305 = ORIENTED_EDGE ( 'NONE', *, *, #2474, .F. ) ;
#2306 = PLANE ( 'NONE',  #1096 ) ;
#2307 = CARTESIAN_POINT ( 'NONE',  ( 254.5977337495879453, 191.7225491000616842, -22.00000000000000355 ) ) ;
#2308 = VECTOR ( 'NONE', #1686, 1000.000000000000000 ) ;
#2309 = ORIENTED_EDGE ( 'NONE', *, *, #2850, .F. ) ;
#2310 = VERTEX_POINT ( 'NONE', #755 ) ;
#2311 = CARTESIAN_POINT ( 'NONE',  ( 254.5977337495839947, 133.1783062885320135, -22.00000000000000000 ) ) ;
#2312 = DIRECTION ( 'NONE',  ( 0.000000000000000000, 0.000000000000000000, 1.000000000000000000 ) ) ;
#2313 = FACE_OUTER_BOUND ( 'NONE', #44, .T. ) ;
#2314 = EDGE_CURVE ( 'NONE', #217, #2683, #2099, .T. ) ;
#2315 = ORIENTED_EDGE ( 'NONE', *, *, #1136, .T. ) ;
#2316 = DIRECTION ( 'NONE',  ( 1.000000000000000000, 6.661338147750940229E-16, 0.000000000000000000 ) ) ;
#2317 = ORIENTED_EDGE ( 'NONE', *, *, #625, .F. ) ;
#2318 = CARTESIAN_POINT ( 'NONE',  ( 299.6002301586469798, 168.1782836639370089, -22.00000000000000000 ) ) ;
#2319 = FACE_OUTER_BOUND ( 'NONE', #849, .T. ) ;
#2320 = AXIS2_PLACEMENT_3D ( 'NONE', #2156, #1468, #3474 ) ;
#2321 = DIRECTION ( 'NONE',  ( 0.000000000000000000, 0.000000000000000000, -1.000000000000000000 ) ) ;
#2322 = ORIENTED_EDGE ( 'NONE', *, *, #3064, .F. ) ;
#2323 = EDGE_CURVE ( 'NONE', #1073, #3602, #3067, .T. ) ;
#2324 = LINE ( 'NONE', #3679, #980 ) ;
#2325 = EDGE_LOOP ( 'NONE', ( #4021, #1615, #484, #289 ) ) ;
#2326 = ORIENTED_EDGE ( 'NONE', *, *, #3823, .F. ) ;
#2327 = EDGE_CURVE ( 'NONE', #2917, #3907, #3638, .T. ) ;
#2328 = DIRECTION ( 'NONE',  ( 3.975695921796518581E-07, -0.9999999999999208411, 0.000000000000000000 ) ) ;
#2329 = APPLICATION_PROTOCOL_DEFINITION ( 'international standard', 'config_control_design', 1994, #3798 ) ;
#2330 = EDGE_CURVE ( 'NONE', #3075, #1334, #72, .T. ) ;
#2331 = ORIENTED_EDGE ( 'NONE', *, *, #796, .T. ) ;
#2332 = DIRECTION ( 'NONE',  ( 0.9999999999999209521, 3.975690054947014100E-07, 0.000000000000000000 ) ) ;
#2333 = CARTESIAN_POINT ( 'NONE',  ( 344.6026907865820021, 213.1782842209040041, -22.00000000000000000 ) ) ;
#2334 = CARTESIAN_POINT ( 'NONE',  ( 257.2977337495219672, 128.6282870831260254, -5.000000000000000000 ) ) ;
#2335 = CARTESIAN_POINT ( 'NONE',  ( 264.5989928075869670, 210.4782842208930163, -22.00000000000000000 ) ) ;
#2336 = EDGE_CURVE ( 'NONE', #201, #3738, #517, .T. ) ;
#2337 = CARTESIAN_POINT ( 'NONE',  ( 299.1258482842990247, 210.4782842208930163, -3.500000000000000000 ) ) ;
#2338 = ORIENTED_EDGE ( 'NONE', *, *, #3557, .F. ) ;
#2339 = EDGE_CURVE ( 'NONE', #3388, #2109, #2770, .T. ) ;
#2340 = CARTESIAN_POINT ( 'NONE',  ( 339.5989928075869670, 210.3752842209040068, -22.00000000000000000 ) ) ;
#2341 = EDGE_CURVE ( 'NONE', #1334, #2062, #2407, .T. ) ;
#2342 = CARTESIAN_POINT ( 'NONE',  ( 259.5977337495190227, 213.1782842209040041, 0.000000000000000000 ) ) ;
#2343 = EDGE_LOOP ( 'NONE', ( #255, #3987, #2258, #3959 ) ) ;
#2344 = FACE_OUTER_BOUND ( 'NONE', #2276, .T. ) ;
#2345 = VERTEX_POINT ( 'NONE', #2737 ) ;
#2346 = ORIENTED_EDGE ( 'NONE', *, *, #1660, .T. ) ;
#2347 = LINE ( 'NONE', #4111, #4142 ) ;
#2348 = LINE ( 'NONE', #2307, #1089 ) ;
#2349 = EDGE_CURVE ( 'NONE', #3875, #2983, #4393, .T. ) ;
#2350 = ORIENTED_EDGE ( 'NONE', *, *, #3042, .F. ) ;
#2351 = CARTESIAN_POINT ( 'NONE',  ( 339.1527254944259653, 125.8783167233890055, -5.000000000000000000 ) ) ;
#2352 = DIRECTION ( 'NONE',  ( 6.055761952501032283E-14, -1.000000000000000000, 0.000000000000000000 ) ) ;
#2353 = DIRECTION ( 'NONE',  ( -2.935676250064819728E-14, -1.000000000000000000, 0.000000000000000000 ) ) ;
#2354 = DIRECTION ( 'NONE',  ( -1.000000000000000000, 0.000000000000000000, 0.000000000000000000 ) ) ;
#2355 = DIRECTION ( 'NONE',  ( 0.000000000000000000, 0.000000000000000000, -1.000000000000000000 ) ) ;
#2356 = ORIENTED_EDGE ( 'NONE', *, *, #2002, .T. ) ;
#2357 = DIRECTION ( 'NONE',  ( -6.167564153470840486E-16, -1.000000000000000000, 0.000000000000000000 ) ) ;
#2358 = CARTESIAN_POINT ( 'NONE',  ( 299.6002391273613625, 145.6193963639784954, -5.000000000000000000 ) ) ;
#2359 = AXIS2_PLACEMENT_3D ( 'NONE', #23, #378, #1377 ) ;
#2360 = VECTOR ( 'NONE', #1802, 1000.000000000000000 ) ;
#2361 = DIRECTION ( 'NONE',  ( 0.000000000000000000, 0.000000000000000000, 1.000000000000000000 ) ) ;
#2362 = ORIENTED_EDGE ( 'NONE', *, *, #2570, .T. ) ;
#2363 = CC_DESIGN_SECURITY_CLASSIFICATION ( #3931, ( #3710 ) ) ;
#2364 = ADVANCED_FACE ( 'NONE', ( #4096 ), #2055, .T. ) ;
#2365 = CIRCLE ( 'NONE', #3146, 5.000000000000004441 ) ;
#2366 = VECTOR ( 'NONE', #3374, 1000.000000000000000 ) ;
#2367 = LINE ( 'NONE', #1304, #3521 ) ;
#2368 = ORIENTED_EDGE ( 'NONE', *, *, #732, .T. ) ;
#2369 = VECTOR ( 'NONE', #3513, 1000.000000000000000 ) ;
#2370 = ORIENTED_EDGE ( 'NONE', *, *, #200, .F. ) ;
#2371 = DIRECTION ( 'NONE',  ( 0.000000000000000000, 0.000000000000000000, -1.000000000000000000 ) ) ;
#2372 = DIRECTION ( 'NONE',  ( 3.068063123707828229E-06, 0.9999999999952934315, 0.000000000000000000 ) ) ;
#2373 = APPLICATION_PROTOCOL_DEFINITION ( 'international standard', 'config_control_design', 1994, #1297 ) ;
#2374 = EDGE_CURVE ( 'NONE', #449, #1558, #3758, .T. ) ;
#2375 = CIRCLE ( 'NONE', #1236, 4.999999999999992895 ) ;
#2376 = CIRCLE ( 'NONE', #248, 1.405500125884973084 ) ;
#2377 = ADVANCED_FACE ( 'NONE', ( #345 ), #1698, .T. ) ;
#2378 = VECTOR ( 'NONE', #1080, 1000.000000000000000 ) ;
#2379 = ORIENTED_EDGE ( 'NONE', *, *, #3915, .F. ) ;
#2380 = FACE_BOUND ( 'NONE', #1996, .T. ) ;
#2381 = CARTESIAN_POINT ( 'NONE',  ( 260.3990000016239605, 195.3783112489279858, -5.000000000000000000 ) ) ;
#2382 = CARTESIAN_POINT ( 'NONE',  ( 304.7990274744070121, 123.1783030654479916, -5.000000000000000000 ) ) ;
#2383 = DIRECTION ( 'NONE',  ( 0.7071070623102297947, -0.7071065000627535513, 0.000000000000000000 ) ) ;
#2384 = ORIENTED_EDGE ( 'NONE', *, *, #1449, .T. ) ;
#2385 = CARTESIAN_POINT ( 'NONE',  ( 261.1935086340710086, 203.6783008473059908, -3.500000000000000000 ) ) ;
#2386 = EDGE_CURVE ( 'NONE', #990, #171, #4338, .T. ) ;
#2387 = EDGE_CURVE ( 'NONE', #1307, #3882, #4003, .T. ) ;
#2388 = AXIS2_PLACEMENT_3D ( 'NONE', #4374, #2361, #3359 ) ;
#2389 = DIRECTION ( 'NONE',  ( 3.975690035102445103E-07, -0.9999999999999210631, -1.394155244808375950E-17 ) ) ;
#2390 = ORIENTED_EDGE ( 'NONE', *, *, #3689, .F. ) ;
#2391 = EDGE_CURVE ( 'NONE', #1675, #2838, #1335, .T. ) ;
#2392 = EDGE_CURVE ( 'NONE', #3339, #3901, #315, .T. ) ;
#2393 = CARTESIAN_POINT ( 'NONE',  ( 344.6027225921019408, 133.1782848660099887, -5.000000000000000000 ) ) ;
#2394 = CARTESIAN_POINT ( 'NONE',  ( 294.7990274744079784, 125.9812990897589913, -5.000000000000000000 ) ) ;
#2395 = ORIENTED_EDGE ( 'NONE', *, *, #2260, .T. ) ;
#2396 = ORIENTED_EDGE ( 'NONE', *, *, #1405, .T. ) ;
#2397 = EDGE_CURVE ( 'NONE', #3344, #3430, #660, .T. ) ;
#2398 = AXIS2_PLACEMENT_3D ( 'NONE', #1392, #1411, #2832 ) ;
#2399 = CARTESIAN_POINT ( 'NONE',  ( 339.6026927744260320, 213.1782842209040041, -5.000000000000000000 ) ) ;
#2400 = MECHANICAL_CONTEXT ( 'NONE', #1297, 'mechanical' ) ;
#2401 = EDGE_CURVE ( 'NONE', #3838, #3339, #336, .T. ) ;
#2402 = PLANE ( 'NONE',  #1739 ) ;
#2403 = CARTESIAN_POINT ( 'NONE',  ( 260.3990000016239605, 195.3783112489279858, -5.000000000000000000 ) ) ;
#2404 = DIRECTION ( 'NONE',  ( 1.000000000000000000, 0.000000000000000000, 0.000000000000000000 ) ) ;
#2405 = DIRECTION ( 'NONE',  ( 0.000000000000000000, -1.000000000000000000, 0.000000000000000000 ) ) ;
#2406 = ORIENTED_EDGE ( 'NONE', *, *, #2633, .F. ) ;
#2407 = LINE ( 'NONE', #1403, #4361 ) ;
#2408 = LINE ( 'NONE', #4120, #3789 ) ;
#2409 = CARTESIAN_POINT ( 'NONE',  ( 256.0622005464662152, 124.6427504860714492, 0.000000000000000000 ) ) ;
#2410 = EDGE_LOOP ( 'NONE', ( #1188, #648 ) ) ;
#2411 = DIRECTION ( 'NONE',  ( 1.000000000000000000, 6.661338147750940229E-16, 0.000000000000000000 ) ) ;
#2412 = DIRECTION ( 'NONE',  ( 0.000000000000000000, 1.000000000000000000, 0.000000000000000000 ) ) ;
#2413 = EDGE_CURVE ( 'NONE', #3339, #2561, #1630, .T. ) ;
#2414 = LINE ( 'NONE', #2744, #271 ) ;
#2415 = ORIENTED_EDGE ( 'NONE', *, *, #2905, .F. ) ;
#2416 = ORIENTED_EDGE ( 'NONE', *, *, #926, .T. ) ;
#2417 = LINE ( 'NONE', #2435, #1808 ) ;
#2418 = LINE ( 'NONE', #1396, #881 ) ;
#2419 = PERSON_AND_ORGANIZATION ( #855, #877 ) ;
#2420 = CARTESIAN_POINT ( 'NONE',  ( 254.5977337495880022, 128.1782850948110024, -25.00000000000000000 ) ) ;
#2421 = DIRECTION ( 'NONE',  ( -1.000000000000000000, 4.139084792366800091E-14, 0.000000000000000000 ) ) ;
#2422 = CYLINDRICAL_SURFACE ( 'NONE', #3868, 1.405500125884973084 ) ;
#2423 = DIRECTION ( 'NONE',  ( 1.000000000000000000, 0.000000000000000000, 0.000000000000000000 ) ) ;
#2424 = ORIENTED_EDGE ( 'NONE', *, *, #214, .F. ) ;
#2425 = DIRECTION ( 'NONE',  ( 0.7071066406246574454, 0.7071069217484095004, 0.000000000000000000 ) ) ;
#2426 = EDGE_CURVE ( 'NONE', #1978, #246, #1234, .T. ) ;
#2427 = DIRECTION ( 'NONE',  ( 0.7071070623102297947, -0.7071065000627535513, 0.000000000000000000 ) ) ;
#2428 = ORIENTED_EDGE ( 'NONE', *, *, #3914, .F. ) ;
#2429 = DIRECTION ( 'NONE',  ( 3.903000942678450537E-15, 1.000000000000000000, 0.000000000000000000 ) ) ;
#2430 = DIRECTION ( 'NONE',  ( 0.000000000000000000, 0.000000000000000000, 1.000000000000000000 ) ) ;
#2431 = CIRCLE ( 'NONE', #2359, 5.000000000000007105 ) ;
#2432 = CARTESIAN_POINT ( 'NONE',  ( 343.1382598914851769, 124.6427844020062423, -25.00000000000000000 ) ) ;
#2433 = ORIENTED_EDGE ( 'NONE', *, *, #1086, .F. ) ;
#2434 = ORIENTED_EDGE ( 'NONE', *, *, #3694, .T. ) ;
#2435 = CARTESIAN_POINT ( 'NONE',  ( 257.2977337495979668, 130.8782861682230134, 0.000000000000000000 ) ) ;
#2436 = LOCAL_TIME ( 18, 22, 4.000000000000000000, #3057 ) ;
#2437 = AXIS2_PLACEMENT_3D ( 'NONE', #1417, #4129, #373 ) ;
#2438 = VECTOR ( 'NONE', #1166, 1000.000000000000000 ) ;
#2439 = DIRECTION ( 'NONE',  ( -9.280617808538960303E-14, -1.000000000000000000, 0.000000000000000000 ) ) ;
#2440 = ADVANCED_FACE ( 'NONE', ( #2621 ), #2974, .T. ) ;
#2441 = DIRECTION ( 'NONE',  ( 3.975690058524619219E-07, -0.9999999999999208411, 0.000000000000000000 ) ) ;
#2442 = VECTOR ( 'NONE', #73, 1000.000000000000000 ) ;
#2443 = VECTOR ( 'NONE', #3341, 1000.000000000000000 ) ;
#2444 = DIRECTION ( 'NONE',  ( 0.000000000000000000, 0.000000000000000000, -1.000000000000000000 ) ) ;
#2445 = CIRCLE ( 'NONE', #42, 5.000000000000007105 ) ;
#2446 = CARTESIAN_POINT ( 'NONE',  ( 309.7990274744070121, 123.1783050532930019, -17.00000000000000000 ) ) ;
#2447 = ADVANCED_FACE ( 'NONE', ( #4025 ), #2994, .F. ) ;
#2448 = FACE_OUTER_BOUND ( 'NONE', #3594, .T. ) ;
#2449 = CARTESIAN_POINT ( 'NONE',  ( 299.6002301586469798, 168.1782836639370089, -5.000000000000000000 ) ) ;
#2450 = CARTESIAN_POINT ( 'NONE',  ( 259.5977337495190227, 213.1782842209040041, 0.000000000000000000 ) ) ;
#2451 = VERTEX_POINT ( 'NONE', #1997 ) ;
#2452 = FACE_OUTER_BOUND ( 'NONE', #1576, .T. ) ;
#2453 = LINE ( 'NONE', #699, #174 ) ;
#2454 = EDGE_CURVE ( 'NONE', #109, #1005, #1669, .T. ) ;
#2455 = DIRECTION ( 'NONE',  ( 0.000000000000000000, 0.000000000000000000, 1.000000000000000000 ) ) ;
#2456 = DIRECTION ( 'NONE',  ( 0.000000000000000000, -1.000000000000000000, 0.000000000000000000 ) ) ;
#2457 = ORIENTED_EDGE ( 'NONE', *, *, #630, .T. ) ;
#2458 = VERTEX_POINT ( 'NONE', #4087 ) ;
#2459 = PLANE ( 'NONE',  #3570 ) ;
#2460 = PERSON_AND_ORGANIZATION_ROLE ( 'creator' ) ;
#2461 = AXIS2_PLACEMENT_3D ( 'NONE', #1013, #265, #1623 ) ;
#2462 = EDGE_CURVE ( 'NONE', #2615, #215, #2347, .T. ) ;
#2463 = CARTESIAN_POINT ( 'NONE',  ( 265.3990014167189884, 197.3783098338300022, -5.000000000000000000 ) ) ;
#2464 = DIRECTION ( 'NONE',  ( 0.9999999999999209521, 3.975690056444250714E-07, 1.477771191271905417E-15 ) ) ;
#2465 = VECTOR ( 'NONE', #1256, 1000.000000000000000 ) ;
#2466 = CARTESIAN_POINT ( 'NONE',  ( 262.2977337495020151, 210.4782842208930163, -5.000000000000000000 ) ) ;
#2467 = DIRECTION ( 'NONE',  ( -9.237055564880779875E-14, -1.000000000000000000, 0.000000000000000000 ) ) ;
#2468 = CYLINDRICAL_SURFACE ( 'NONE', #1095, 2.749999999999998224 ) ;
#2469 = DIRECTION ( 'NONE',  ( 6.055761952501032283E-14, -1.000000000000000000, 0.000000000000000000 ) ) ;
#2470 = EDGE_CURVE ( 'NONE', #3838, #3621, #4213, .T. ) ;
#2471 = CARTESIAN_POINT ( 'NONE',  ( 262.2977337495020151, 210.4782842208930163, 0.000000000000000000 ) ) ;
#2472 = LINE ( 'NONE', #3549, #1255 ) ;
#2473 = EDGE_LOOP ( 'NONE', ( #223, #1342, #1928, #4271 ) ) ;
#2474 = EDGE_CURVE ( 'NONE', #3850, #266, #2365, .T. ) ;
#2475 = CYLINDRICAL_SURFACE ( 'NONE', #4354, 5.000000000000004441 ) ;
#2476 = DIRECTION ( 'NONE',  ( 0.000000000000000000, 0.000000000000000000, -1.000000000000000000 ) ) ;
#2477 = DIRECTION ( 'NONE',  ( 1.000000000000000000, 1.298960938811431941E-12, 0.000000000000000000 ) ) ;
#2478 = EDGE_LOOP ( 'NONE', ( #238, #107, #65, #4002 ) ) ;
#2479 = ORIENTED_EDGE ( 'NONE', *, *, #4089, .T. ) ;
#2480 = DIRECTION ( 'NONE',  ( -3.975690035241859844E-07, 0.9999999999999208411, 0.000000000000000000 ) ) ;
#2481 = DATE_TIME_ROLE ( 'classification_date' ) ;
#2482 = DIRECTION ( 'NONE',  ( 7.075485213376739605E-07, 0.9999999999997496447, 0.000000000000000000 ) ) ;
#2483 = CARTESIAN_POINT ( 'NONE',  ( 341.9026938479009914, 205.4782862087400019, 0.000000000000000000 ) ) ;
#2484 = EDGE_CURVE ( 'NONE', #2239, #4283, #2043, .T. ) ;
#2485 = LINE ( 'NONE', #1133, #4029 ) ;
#2486 = CARTESIAN_POINT ( 'NONE',  ( 261.3490027206959780, 168.3661885100730160, -3.500000000000000000 ) ) ;
#2487 = LINE ( 'NONE', #2180, #3349 ) ;
#2488 = CARTESIAN_POINT ( 'NONE',  ( 259.5989928075899797, 128.1782842209040041, -22.00000000000000000 ) ) ;
#2489 = ORIENTED_EDGE ( 'NONE', *, *, #280, .T. ) ;
#2490 = ORIENTED_EDGE ( 'NONE', *, *, #2182, .T. ) ;
#2491 = DIRECTION ( 'NONE',  ( 0.9999999999999209521, 3.975690056444250714E-07, 1.477771191271905417E-15 ) ) ;
#2492 = CARTESIAN_POINT ( 'NONE',  ( 339.1526929533699786, 207.7282842208930163, -5.000000000000000000 ) ) ;
#2493 = LINE ( 'NONE', #2521, #3491 ) ;
#2494 = DIRECTION ( 'NONE',  ( -1.000000000000000000, 0.000000000000000000, 0.000000000000000000 ) ) ;
#2495 = ORIENTED_EDGE ( 'NONE', *, *, #2526, .T. ) ;
#2496 = ORIENTED_EDGE ( 'NONE', *, *, #253, .F. ) ;
#2497 = EDGE_CURVE ( 'NONE', #2018, #2662, #1060, .T. ) ;
#2498 = DIRECTION ( 'NONE',  ( 0.000000000000000000, 0.000000000000000000, -1.000000000000000000 ) ) ;
#2499 = APPROVAL_DATE_TIME ( #2813, #4319 ) ;
#2500 = VECTOR ( 'NONE', #828, 1000.000000000000000 ) ;
#2501 = VECTOR ( 'NONE', #4198, 1000.000000000000114 ) ;
#2502 = ORIENTED_EDGE ( 'NONE', *, *, #2845, .T. ) ;
#2503 = CIRCLE ( 'NONE', #311, 4.999999999999899636 ) ;
#2504 = CARTESIAN_POINT ( 'NONE',  ( 289.7990274744140038, 125.9812842209039871, -17.00000000000000000 ) ) ;
#2505 = EDGE_CURVE ( 'NONE', #2210, #4077, #2418, .T. ) ;
#2506 = AXIS2_PLACEMENT_3D ( 'NONE', #3330, #290, #999 ) ;
#2507 = CIRCLE ( 'NONE', #594, 4.999999999999983125 ) ;
#2508 = CIRCLE ( 'NONE', #1024, 2.749999999999974687 ) ;
#2509 = DIRECTION ( 'NONE',  ( 0.000000000000000000, 1.000000000000000000, 0.000000000000000000 ) ) ;
#2510 = FACE_OUTER_BOUND ( 'NONE', #1264, .T. ) ;
#2511 = VECTOR ( 'NONE', #1911, 1000.000000000000000 ) ;
#2512 = CARTESIAN_POINT ( 'NONE',  ( 344.6027265677790297, 123.1783188901650021, -5.000000000000000000 ) ) ;
#2513 = CARTESIAN_POINT ( 'NONE',  ( 264.5989928075869670, 210.4782842208930163, -22.00000000000000000 ) ) ;
#2514 = EDGE_LOOP ( 'NONE', ( #2916, #3379, #2368, #3532 ) ) ;
#2515 = EDGE_CURVE ( 'NONE', #702, #1493, #2701, .T. ) ;
#2516 = ORIENTED_EDGE ( 'NONE', *, *, #603, .F. ) ;
#2517 = AXIS2_PLACEMENT_3D ( 'NONE', #3129, #3508, #2843 ) ;
#2518 = CARTESIAN_POINT ( 'NONE',  ( 289.7990285887940445, 123.1782971019139978, -17.00000000000000000 ) ) ;
#2519 = FACE_OUTER_BOUND ( 'NONE', #4301, .T. ) ;
#2520 = EDGE_CURVE ( 'NONE', #3596, #1034, #3644, .T. ) ;
#2521 = CARTESIAN_POINT ( 'NONE',  ( 260.0477337495050278, 210.4782842208920215, -5.000000000000000000 ) ) ;
#2522 = CYLINDRICAL_SURFACE ( 'NONE', #404, 5.000000000000013323 ) ;
#2523 = ORIENTED_EDGE ( 'NONE', *, *, #1425, .F. ) ;
#2524 = ORIENTED_EDGE ( 'NONE', *, *, #1645, .F. ) ;
#2525 = DIRECTION ( 'NONE',  ( 2.001528833128000154E-15, 1.000000000000000000, 0.000000000000000000 ) ) ;
#2526 = EDGE_CURVE ( 'NONE', #1705, #3918, #3036, .T. ) ;
#2527 = CARTESIAN_POINT ( 'NONE',  ( 279.8239819540839903, 125.8782870831380052, -5.000000000000000000 ) ) ;
#2528 = EDGE_CURVE ( 'NONE', #2615, #3202, #3730, .T. ) ;
#2529 = ORIENTED_EDGE ( 'NONE', *, *, #487, .F. ) ;
#2530 = ADVANCED_FACE ( 'NONE', ( #356 ), #705, .T. ) ;
#2531 = CARTESIAN_POINT ( 'NONE',  ( 339.5989928075899797, 208.1782842209049988, -22.00000000000000000 ) ) ;
#2532 = LINE ( 'NONE', #2755, #1322 ) ;
#2533 = CARTESIAN_POINT ( 'NONE',  ( 260.0477337495220240, 128.6282870831379910, -22.00000000000000000 ) ) ;
#2534 = LINE ( 'NONE', #3890, #666 ) ;
#2535 = FACE_BOUND ( 'NONE', #2191, .T. ) ;
#2536 = DIRECTION ( 'NONE',  ( 0.000000000000000000, 0.000000000000000000, -1.000000000000000000 ) ) ;
#2537 = VERTEX_POINT ( 'NONE', #2853 ) ;
#2538 = ORIENTED_EDGE ( 'NONE', *, *, #3773, .F. ) ;
#2539 = DIRECTION ( 'NONE',  ( 0.000000000000000000, -1.000000000000000000, 0.000000000000000000 ) ) ;
#2540 = CARTESIAN_POINT ( 'NONE',  ( 341.9027176459687212, 145.6194131821328313, 0.000000000000000000 ) ) ;
#2541 = DIRECTION ( 'NONE',  ( 0.000000000000000000, 0.000000000000000000, -1.000000000000000000 ) ) ;
#2542 = ORIENTED_EDGE ( 'NONE', *, *, #2528, .T. ) ;
#2543 = ORIENTED_EDGE ( 'NONE', *, *, #1855, .F. ) ;
#2544 = CARTESIAN_POINT ( 'NONE',  ( 264.5990576972810118, 147.0283390663410046, -5.000000000000000000 ) ) ;
#2545 = CARTESIAN_POINT ( 'NONE',  ( 259.5989928075899797, 128.1782842209040041, -25.00000000000000000 ) ) ;
#2546 = ORIENTED_EDGE ( 'NONE', *, *, #2070, .F. ) ;
#2547 = VERTEX_POINT ( 'NONE', #454 ) ;
#2548 = DIRECTION ( 'NONE',  ( 0.000000000000000000, 0.000000000000000000, -1.000000000000000000 ) ) ;
#2549 = VERTEX_POINT ( 'NONE', #3188 ) ;
#2550 = VERTEX_POINT ( 'NONE', #1521 ) ;
#2551 = CYLINDRICAL_SURFACE ( 'NONE', #2657, 5.000000000000007105 ) ;
#2552 = LINE ( 'NONE', #4340, #1860 ) ;
#2553 = CARTESIAN_POINT ( 'NONE',  ( 339.1526929533699786, 210.4782842208930163, -5.000000000000000000 ) ) ;
#2554 = EDGE_LOOP ( 'NONE', ( #1955, #4107, #3728, #3791 ) ) ;
#2555 = ORIENTED_EDGE ( 'NONE', *, *, #2028, .T. ) ;
#2556 = FACE_OUTER_BOUND ( 'NONE', #1993, .T. ) ;
#2557 = ADVANCED_FACE ( 'NONE', ( #1145 ), #787, .T. ) ;
#2558 = CARTESIAN_POINT ( 'NONE',  ( 254.5977337495839947, 133.1783062885320135, -22.00000000000000000 ) ) ;
#2559 = DIRECTION ( 'NONE',  ( -3.975690035241859844E-07, 0.9999999999999208411, 0.000000000000000000 ) ) ;
#2560 = ORIENTED_EDGE ( 'NONE', *, *, #1550, .F. ) ;
#2561 = VERTEX_POINT ( 'NONE', #1123 ) ;
#2562 = VERTEX_POINT ( 'NONE', #3138 ) ;
#2563 = VERTEX_POINT ( 'NONE', #1811 ) ;
#2564 = ORIENTED_EDGE ( 'NONE', *, *, #79, .F. ) ;
#2565 = DIRECTION ( 'NONE',  ( 0.000000000000000000, -1.000000000000000000, 0.000000000000000000 ) ) ;
#2566 = ADVANCED_FACE ( 'NONE', ( #3115 ), #3879, .T. ) ;
#2567 = VECTOR ( 'NONE', #869, 1000.000000000000000 ) ;
#2568 = AXIS2_PLACEMENT_3D ( 'NONE', #1001, #3347, #3019 ) ;
#2569 = ORIENTED_EDGE ( 'NONE', *, *, #3179, .F. ) ;
#2570 = EDGE_CURVE ( 'NONE', #263, #990, #2188, .T. ) ;
#2571 = ORIENTED_EDGE ( 'NONE', *, *, #2739, .T. ) ;
#2572 = DIRECTION ( 'NONE',  ( 1.000000000000000000, 0.000000000000000000, -3.952626475105270668E-15 ) ) ;
#2573 = CARTESIAN_POINT ( 'NONE',  ( 306.2634932898801594, 123.1783036476741984, -20.53553362733831733 ) ) ;
#2574 = AXIS2_PLACEMENT_3D ( 'NONE', #1429, #2429, #411 ) ;
#2575 = CIRCLE ( 'NONE', #1303, 2.000000000000001776 ) ;
#2576 = EDGE_CURVE ( 'NONE', #1971, #3976, #2493, .T. ) ;
#2577 = CIRCLE ( 'NONE', #1235, 2.749999999999998224 ) ;
#2578 = EDGE_CURVE ( 'NONE', #16, #4077, #500, .T. ) ;
#2579 = CARTESIAN_POINT ( 'NONE',  ( 335.7740057619919867, 194.3779999999999859, -3.500000000000000000 ) ) ;
#2580 = ORIENTED_EDGE ( 'NONE', *, *, #2931, .F. ) ;
#2581 = ORIENTED_EDGE ( 'NONE', *, *, #2454, .T. ) ;
#2582 = DIRECTION ( 'NONE',  ( 0.000000000000000000, 0.000000000000000000, -1.000000000000000000 ) ) ;
#2583 = VECTOR ( 'NONE', #3108, 1000.000000000000000 ) ;
#2584 = AXIS2_PLACEMENT_3D ( 'NONE', #1065, #1421, #1400 ) ;
#2585 = LINE ( 'NONE', #900, #1158 ) ;
#2586 = AXIS2_PLACEMENT_3D ( 'NONE', #3395, #3058, #4114 ) ;
#2587 = DIRECTION ( 'NONE',  ( 0.000000000000000000, 0.000000000000000000, 1.000000000000000000 ) ) ;
#2588 = ORIENTED_EDGE ( 'NONE', *, *, #3393, .T. ) ;
#2589 = ORIENTED_EDGE ( 'NONE', *, *, #1204, .F. ) ;
#2590 = ORIENTED_EDGE ( 'NONE', *, *, #3946, .T. ) ;
#2591 = ORIENTED_EDGE ( 'NONE', *, *, #1618, .T. ) ;
#2592 = ORIENTED_EDGE ( 'NONE', *, *, #280, .F. ) ;
#2593 = DIRECTION ( 'NONE',  ( 0.000000000000000000, 0.000000000000000000, 1.000000000000000000 ) ) ;
#2594 = CARTESIAN_POINT ( 'NONE',  ( 336.9026938479009914, 205.4782842208930163, -5.000000000000000000 ) ) ;
#2595 = AXIS2_PLACEMENT_3D ( 'NONE', #2057, #1071, #4076 ) ;
#2596 = VERTEX_POINT ( 'NONE', #1431 ) ;
#2597 = ORIENTED_EDGE ( 'NONE', *, *, #4041, .T. ) ;
#2598 = DIRECTION ( 'NONE',  ( 0.7071067811864867325, 2.811237381772369052E-07, -0.7071067811865525687 ) ) ;
#2599 = CARTESIAN_POINT ( 'NONE',  ( 339.6027265677790297, 123.1783169023200060, -25.00000000000000000 ) ) ;
#2600 = EDGE_CURVE ( 'NONE', #1639, #2756, #2155, .T. ) ;
#2601 = VECTOR ( 'NONE', #1490, 1000.000000000000000 ) ;
#2602 = CARTESIAN_POINT ( 'NONE',  ( 264.5989928075869670, 125.8782870831380052, -22.00000000000000000 ) ) ;
#2603 = ORIENTED_EDGE ( 'NONE', *, *, #1142, .T. ) ;
#2604 = AXIS2_PLACEMENT_3D ( 'NONE', #1856, #4241, #861 ) ;
#2605 = ORIENTED_EDGE ( 'NONE', *, *, #212, .F. ) ;
#2606 = CARTESIAN_POINT ( 'NONE',  ( 341.7959928075899825, 128.1782842209209718, -22.00000000000000000 ) ) ;
#2607 = VECTOR ( 'NONE', #1231, 1000.000000000000000 ) ;
#2608 = EDGE_CURVE ( 'NONE', #3895, #2008, #3814, .T. ) ;
#2609 = EDGE_CURVE ( 'NONE', #2920, #415, #4251, .T. ) ;
#2610 = DIRECTION ( 'NONE',  ( -1.000000000000000000, -5.828670879281742661E-13, 0.000000000000000000 ) ) ;
#2611 = ORIENTED_EDGE ( 'NONE', *, *, #375, .F. ) ;
#2612 = EDGE_LOOP ( 'NONE', ( #193, #3087, #2745, #2625 ) ) ;
#2613 = DIRECTION ( 'NONE',  ( 0.000000000000000000, 0.000000000000000000, -1.000000000000000000 ) ) ;
#2614 = ORIENTED_EDGE ( 'NONE', *, *, #4110, .T. ) ;
#2615 = VERTEX_POINT ( 'NONE', #2471 ) ;
#2616 = PLANE ( 'NONE',  #818 ) ;
#2617 = CARTESIAN_POINT ( 'NONE',  ( 334.5989928075509852, 123.1783149129909987, -5.000000000000000000 ) ) ;
#2618 = VERTEX_POINT ( 'NONE', #157 ) ;
#2619 = EDGE_CURVE ( 'NONE', #693, #480, #237, .T. ) ;
#2620 = ORIENTED_EDGE ( 'NONE', *, *, #2397, .T. ) ;
#2621 = FACE_OUTER_BOUND ( 'NONE', #2478, .T. ) ;
#2622 = CARTESIAN_POINT ( 'NONE',  ( 334.5990618387579616, 145.6782455990459937, -5.000000000000000000 ) ) ;
#2623 = LINE ( 'NONE', #3913, #2567 ) ;
#2624 = CARTESIAN_POINT ( 'NONE',  ( 264.5990010913569677, 213.1782842208920101, -5.000000000000000000 ) ) ;
#2625 = ORIENTED_EDGE ( 'NONE', *, *, #303, .F. ) ;
#2626 = ORIENTED_EDGE ( 'NONE', *, *, #3369, .F. ) ;
#2627 = CARTESIAN_POINT ( 'NONE',  ( 344.6027265677790297, 123.1783188901650021, -5.000000000000000000 ) ) ;
#2628 = DIRECTION ( 'NONE',  ( 1.000000000000000000, 0.000000000000000000, 0.000000000000000000 ) ) ;
#2629 = CYLINDRICAL_SURFACE ( 'NONE', #611, 2.000000000000029310 ) ;
#2630 = VERTEX_POINT ( 'NONE', #2164 ) ;
#2631 = ORIENTED_EDGE ( 'NONE', *, *, #2654, .T. ) ;
#2632 = DIRECTION ( 'NONE',  ( 2.001528833127040111E-15, 1.000000000000000000, 0.000000000000000000 ) ) ;
#2633 = EDGE_CURVE ( 'NONE', #3590, #3655, #2575, .T. ) ;
#2634 = VERTEX_POINT ( 'NONE', #2203 ) ;
#2635 = ORIENTED_EDGE ( 'NONE', *, *, #3305, .F. ) ;
#2636 = DIRECTION ( 'NONE',  ( 0.000000000000000000, 0.000000000000000000, 1.000000000000000000 ) ) ;
#2637 = LINE ( 'NONE', #637, #3280 ) ;
#2638 = CARTESIAN_POINT ( 'NONE',  ( 335.6844745149411438, 128.6332666870839887, -5.000000000000000000 ) ) ;
#2639 = ORIENTED_EDGE ( 'NONE', *, *, #3964, .F. ) ;
#2640 = ORIENTED_EDGE ( 'NONE', *, *, #200, .T. ) ;
#2641 = DIRECTION ( 'NONE',  ( -0.9999999999999208411, -3.975689644130508851E-07, 0.000000000000000000 ) ) ;
#2642 = LINE ( 'NONE', #1000, #111 ) ;
#2643 = CARTESIAN_POINT ( 'NONE',  ( 341.8989664093870715, 192.3779999999999859, -5.000000000000000000 ) ) ;
#2644 = ADVANCED_FACE ( 'NONE', ( #138 ), #2824, .T. ) ;
#2645 = VECTOR ( 'NONE', #292, 1000.000000000000000 ) ;
#2646 = DIRECTION ( 'NONE',  ( -6.661338147750940229E-16, 1.000000000000000000, 0.000000000000000000 ) ) ;
#2647 = ORIENTED_EDGE ( 'NONE', *, *, #1414, .F. ) ;
#2648 = AXIS2_PLACEMENT_3D ( 'NONE', #1715, #3778, #4052 ) ;
#2649 = LINE ( 'NONE', #987, #1949 ) ;
#2650 = DIRECTION ( 'NONE',  ( 0.000000000000000000, 0.000000000000000000, 1.000000000000000000 ) ) ;
#2651 = VECTOR ( 'NONE', #2441, 1000.000000000000227 ) ;
#2652 = AXIS2_PLACEMENT_3D ( 'NONE', #4145, #2455, #1103 ) ;
#2653 = CIRCLE ( 'NONE', #1662, 2.749999999999919176 ) ;
#2654 = EDGE_CURVE ( 'NONE', #1412, #1634, #1159, .T. ) ;
#2655 = CARTESIAN_POINT ( 'NONE',  ( 265.3990014167189884, 197.3783098338300022, -3.500000000000000000 ) ) ;
#2656 = VERTEX_POINT ( 'NONE', #493 ) ;
#2657 = AXIS2_PLACEMENT_3D ( 'NONE', #224, #1535, #2842 ) ;
#2658 = VECTOR ( 'NONE', #2922, 1000.000000000000227 ) ;
#2659 = VECTOR ( 'NONE', #3618, 1000.000000000000227 ) ;
#2660 = DIRECTION ( 'NONE',  ( 0.000000000000000000, 0.000000000000000000, -1.000000000000000000 ) ) ;
#2661 = ORIENTED_EDGE ( 'NONE', *, *, #3225, .T. ) ;
#2662 = VERTEX_POINT ( 'NONE', #1844 ) ;
#2663 = CARTESIAN_POINT ( 'NONE',  ( 259.5989928075869670, 210.3752842209040068, -25.00000000000000000 ) ) ;
#2664 = CARTESIAN_POINT ( 'NONE',  ( 0.000000000000000000, 0.000000000000000000, 0.000000000000000000 ) ) ;
#2665 = EDGE_CURVE ( 'NONE', #3654, #1127, #1179, .T. ) ;
#2666 = DIRECTION ( 'NONE',  ( 0.000000000000000000, 0.000000000000000000, -1.000000000000000000 ) ) ;
#2667 = EDGE_CURVE ( 'NONE', #2280, #1882, #3662, .T. ) ;
#2668 = EDGE_CURVE ( 'NONE', #273, #4058, #932, .T. ) ;
#2669 = ORIENTED_EDGE ( 'NONE', *, *, #3158, .F. ) ;
#2670 = DIRECTION ( 'NONE',  ( 0.000000000000000000, 0.000000000000000000, -1.000000000000000000 ) ) ;
#2671 = DIRECTION ( 'NONE',  ( 0.000000000000000000, 0.000000000000000000, -1.000000000000000000 ) ) ;
#2672 = LINE ( 'NONE', #4389, #4075 ) ;
#2673 = VECTOR ( 'NONE', #3322, 1000.000000000000227 ) ;
#2674 = DIRECTION ( 'NONE',  ( 0.000000000000000000, 0.000000000000000000, -1.000000000000000000 ) ) ;
#2675 = LINE ( 'NONE', #2627, #3362 ) ;
#2676 = PLANE ( 'NONE',  #2867 ) ;
#2677 = VECTOR ( 'NONE', #2536, 1000.000000000000000 ) ;
#2678 = CYLINDRICAL_SURFACE ( 'NONE', #3164, 4.999999999999992895 ) ;
#2679 = ORIENTED_EDGE ( 'NONE', *, *, #2773, .F. ) ;
#2680 = ADVANCED_FACE ( 'NONE', ( #481 ), #2146, .T. ) ;
#2681 = CARTESIAN_POINT ( 'NONE',  ( 293.3345535494273690, 145.6782898402136937, -20.53553390593275196 ) ) ;
#2682 = ORIENTED_EDGE ( 'NONE', *, *, #1855, .T. ) ;
#2683 = VERTEX_POINT ( 'NONE', #259 ) ;
#2684 = DIRECTION ( 'NONE',  ( 0.000000000000000000, 0.000000000000000000, -1.000000000000000000 ) ) ;
#2685 = DATE_TIME_ROLE ( 'creation_date' ) ;
#2686 = ORIENTED_EDGE ( 'NONE', *, *, #3637, .F. ) ;
#2687 = CARTESIAN_POINT ( 'NONE',  ( 344.6026993167172918, 191.7225491000543514, -25.00000000000000000 ) ) ;
#2688 = CARTESIAN_POINT ( 'NONE',  ( 339.5989928075899797, 208.1782842209049988, -22.00000000000000000 ) ) ;
#2689 = LINE ( 'NONE', #2381, #1437 ) ;
#2690 = CARTESIAN_POINT ( 'NONE',  ( 257.4476536950680270, 127.7326958200999911, -22.00000000000000000 ) ) ;
#2691 = CARTESIAN_POINT ( 'NONE',  ( 344.6026927744260320, 208.1782862087490003, -5.000000000000000000 ) ) ;
#2692 = VERTEX_POINT ( 'NONE', #3902 ) ;
#2693 = CARTESIAN_POINT ( 'NONE',  ( 257.4019928075900339, 208.1782842209040041, -22.00000000000000000 ) ) ;
#2694 = LINE ( 'NONE', #2801, #1735 ) ;
#2695 = CARTESIAN_POINT ( 'NONE',  ( 335.7740057619919867, 194.3779999999999859, -5.000000000000000000 ) ) ;
#2696 = ORIENTED_EDGE ( 'NONE', *, *, #1987, .T. ) ;
#2697 = DIRECTION ( 'NONE',  ( 1.000000000000000000, 6.661338147750940229E-16, 0.000000000000000000 ) ) ;
#2698 = VERTEX_POINT ( 'NONE', #1815 ) ;
#2699 = ORIENTED_EDGE ( 'NONE', *, *, #1931, .T. ) ;
#2700 = CARTESIAN_POINT ( 'NONE',  ( 339.1527254944259653, 125.8783167233890055, 0.000000000000000000 ) ) ;
#2701 = LINE ( 'NONE', #1081, #4006 ) ;
#2702 =( LENGTH_UNIT ( ) NAMED_UNIT ( * ) SI_UNIT ( .MILLI., .METRE. ) );
#2703 = EDGE_CURVE ( 'NONE', #946, #4315, #1616, .T. ) ;
#2704 = ADVANCED_FACE ( 'NONE', ( #4215 ), #504, .F. ) ;
#2705 = ORIENTED_EDGE ( 'NONE', *, *, #1587, .T. ) ;
#2706 = DIRECTION ( 'NONE',  ( 0.000000000000000000, 0.000000000000000000, 1.000000000000000000 ) ) ;
#2707 = CARTESIAN_POINT ( 'NONE',  ( 340.0445242518649707, 126.0269333122510034, -22.00000000000000000 ) ) ;
#2708 = FACE_OUTER_BOUND ( 'NONE', #961, .T. ) ;
#2709 = CARTESIAN_POINT ( 'NONE',  ( 335.7740057619919867, 192.3779999999999859, -3.500000000000000000 ) ) ;
#2710 = EDGE_CURVE ( 'NONE', #1127, #2184, #2812, .T. ) ;
#2711 = LINE ( 'NONE', #1341, #1306 ) ;
#2712 = ORIENTED_EDGE ( 'NONE', *, *, #3689, .T. ) ;
#2713 = PLANE ( 'NONE',  #2086 ) ;
#2714 = CARTESIAN_POINT ( 'NONE',  ( 294.3989928075900480, 213.1782842209040041, -43.20000000000000284 ) ) ;
#2715 = VECTOR ( 'NONE', #1270, 1000.000000000000000 ) ;
#2716 = EDGE_CURVE ( 'NONE', #3212, #4310, #3539, .T. ) ;
#2717 = EDGE_CURVE ( 'NONE', #784, #2756, #804, .T. ) ;
#2718 = CIRCLE ( 'NONE', #1726, 2.749999999999974687 ) ;
#2719 = FACE_OUTER_BOUND ( 'NONE', #4050, .T. ) ;
#2720 = ORIENTED_EDGE ( 'NONE', *, *, #2505, .T. ) ;
#2721 = CIRCLE ( 'NONE', #3355, 2.749999999999974687 ) ;
#2722 = VECTOR ( 'NONE', #1837, 1000.000000000000000 ) ;
#2723 = CARTESIAN_POINT ( 'NONE',  ( 257.2990244592239719, 130.7646840981699938, 0.000000000000000000 ) ) ;
#2724 = DIRECTION ( 'NONE',  ( 0.000000000000000000, 0.000000000000000000, -1.000000000000000000 ) ) ;
#2725 = ORIENTED_EDGE ( 'NONE', *, *, #4326, .F. ) ;
#2726 = ORIENTED_EDGE ( 'NONE', *, *, #1122, .F. ) ;
#2727 = DIRECTION ( 'NONE',  ( -1.000000000000000000, 0.000000000000000000, 0.000000000000000000 ) ) ;
#2728 = DIRECTION ( 'NONE',  ( 0.000000000000000000, 0.000000000000000000, -1.000000000000000000 ) ) ;
#2729 = VECTOR ( 'NONE', #722, 1000.000000000000000 ) ;
#2730 = VECTOR ( 'NONE', #2264, 1000.000000000000000 ) ;
#2731 = AXIS2_PLACEMENT_3D ( 'NONE', #3750, #18, #2727 ) ;
#2732 = DIRECTION ( 'NONE',  ( -1.000000000000000000, 0.000000000000000000, 0.000000000000000000 ) ) ;
#2733 = LINE ( 'NONE', #1649, #3924 ) ;
#2734 = DIRECTION ( 'NONE',  ( 0.000000000000000000, 0.000000000000000000, 1.000000000000000000 ) ) ;
#2735 = CARTESIAN_POINT ( 'NONE',  ( 259.5977337495190227, 208.1782842209040041, -25.00000000000000000 ) ) ;
#2736 = ORIENTED_EDGE ( 'NONE', *, *, #1543, .F. ) ;
#2737 = CARTESIAN_POINT ( 'NONE',  ( 331.5989950341020176, 131.5792914133149907, -3.500000000000000000 ) ) ;
#2738 = CARTESIAN_POINT ( 'NONE',  ( 295.4872037549939705, 123.1782993633560039, 0.000000000000000000 ) ) ;
#2739 = EDGE_CURVE ( 'NONE', #480, #1992, #2273, .T. ) ;
#2740 = VECTOR ( 'NONE', #3695, 1000.000000000000227 ) ;
#2741 = DIRECTION ( 'NONE',  ( 0.000000000000000000, 0.000000000000000000, 1.000000000000000000 ) ) ;
#2742 = ORIENTED_EDGE ( 'NONE', *, *, #4054, .T. ) ;
#2743 = CARTESIAN_POINT ( 'NONE',  ( 339.1527254944259653, 125.8783167233890055, -5.000000000000000000 ) ) ;
#2744 = CARTESIAN_POINT ( 'NONE',  ( 244.6026907865844180, 213.1782583008750578, -25.00000000000000000 ) ) ;
#2745 = ORIENTED_EDGE ( 'NONE', *, *, #678, .F. ) ;
#2746 = ORIENTED_EDGE ( 'NONE', *, *, #3119, .T. ) ;
#2747 = CARTESIAN_POINT ( 'NONE',  ( 257.2977337495049710, 207.7282842208930163, -5.000000000000000000 ) ) ;
#2748 = DIRECTION ( 'NONE',  ( 0.000000000000000000, 0.000000000000000000, 1.000000000000000000 ) ) ;
#2749 = CARTESIAN_POINT ( 'NONE',  ( 299.6002301586469798, 168.1782836639370089, -5.000000000000000000 ) ) ;
#2750 = CARTESIAN_POINT ( 'NONE',  ( 341.9027017197760188, 185.6782921809490006, -5.000000000000000000 ) ) ;
#2751 = CARTESIAN_POINT ( 'NONE',  ( 334.6027036427140047, 213.1782802452189856, -22.00000000000000000 ) ) ;
#2752 = CARTESIAN_POINT ( 'NONE',  ( 254.5977337495839947, 133.1783062885320135, -5.000000000000000000 ) ) ;
#2753 = VERTEX_POINT ( 'NONE', #3192 ) ;
#2754 = FACE_OUTER_BOUND ( 'NONE', #141, .T. ) ;
#2755 = CARTESIAN_POINT ( 'NONE',  ( 344.6026947622719945, 203.1782838797809916, -22.00000000000000000 ) ) ;
#2756 = VERTEX_POINT ( 'NONE', #4239 ) ;
#2757 = EDGE_LOOP ( 'NONE', ( #2516, #2299, #2317, #4071 ) ) ;
#2758 = CARTESIAN_POINT ( 'NONE',  ( 335.7740057619919867, 192.3779999999999859, -3.500000000000000000 ) ) ;
#2759 = DIRECTION ( 'NONE',  ( 0.000000000000000000, 0.000000000000000000, 1.000000000000000000 ) ) ;
#2760 = DIRECTION ( 'NONE',  ( 0.000000000000000000, 0.000000000000000000, 1.000000000000000000 ) ) ;
#2761 = EDGE_LOOP ( 'NONE', ( #4262, #151, #2611, #3191, #1263, #674, #549, #3937 ) ) ;
#2762 = ORIENTED_EDGE ( 'NONE', *, *, #3974, .T. ) ;
#2763 = CARTESIAN_POINT ( 'NONE',  ( 339.5989928075899797, 128.1782842209040041, -25.00000000000000000 ) ) ;
#2764 = CARTESIAN_POINT ( 'NONE',  ( 339.6027245799340335, 128.1783169023200060, -25.00000000000000000 ) ) ;
#2765 = EDGE_CURVE ( 'NONE', #3344, #186, #131, .T. ) ;
#2766 = FACE_OUTER_BOUND ( 'NONE', #1718, .T. ) ;
#2767 = DIRECTION ( 'NONE',  ( -3.975690058647770398E-07, 0.9999999999999210631, 0.000000000000000000 ) ) ;
#2768 = DIRECTION ( 'NONE',  ( -1.000000000000000000, 0.000000000000000000, 0.000000000000000000 ) ) ;
#2769 = CARTESIAN_POINT ( 'NONE',  ( 343.1382259775492685, 211.7138188296460442, 0.000000000000000000 ) ) ;
#2770 = LINE ( 'NONE', #695, #3933 ) ;
#2771 = LINE ( 'NONE', #4161, #3428 ) ;
#2772 = FACE_BOUND ( 'NONE', #3265, .T. ) ;
#2773 = EDGE_CURVE ( 'NONE', #2683, #1454, #1945, .T. ) ;
#2774 = DIRECTION ( 'NONE',  ( -1.000000000000000000, 0.000000000000000000, 4.068880194961300778E-15 ) ) ;
#2775 = ORIENTED_EDGE ( 'NONE', *, *, #3946, .F. ) ;
#2776 = ORIENTED_EDGE ( 'NONE', *, *, #28, .F. ) ;
#2777 = DIRECTION ( 'NONE',  ( -3.975689140323568807E-07, 0.9999999999999208411, 0.000000000000000000 ) ) ;
#2778 = CARTESIAN_POINT ( 'NONE',  ( 254.5977337495879453, 191.7225491000616842, -22.00000000000000355 ) ) ;
#2779 = EDGE_CURVE ( 'NONE', #2563, #370, #2857, .T. ) ;
#2780 = ADVANCED_FACE ( 'NONE', ( #579 ), #1942, .F. ) ;
#2781 = VECTOR ( 'NONE', #1110, 1000.000000000000227 ) ;
#2782 = DIRECTION ( 'NONE',  ( 5.757630767489790149E-14, -1.000000000000000000, 0.000000000000000000 ) ) ;
#2783 = ORIENTED_EDGE ( 'NONE', *, *, #1131, .T. ) ;
#2784 = ORIENTED_EDGE ( 'NONE', *, *, #438, .F. ) ;
#2785 = VECTOR ( 'NONE', #2938, 1000.000000000000000 ) ;
#2786 = DIRECTION ( 'NONE',  ( 0.000000000000000000, 0.000000000000000000, -1.000000000000000000 ) ) ;
#2787 = SECURITY_CLASSIFICATION_LEVEL ( 'unclassified' ) ;
#2788 = VECTOR ( 'NONE', #1708, 1000.000000000000000 ) ;
#2789 = VECTOR ( 'NONE', #3398, 1000.000000000000000 ) ;
#2790 = LINE ( 'NONE', #1419, #890 ) ;
#2791 = LINE ( 'NONE', #2483, #3636 ) ;
#2792 = AXIS2_PLACEMENT_3D ( 'NONE', #1967, #322, #696 ) ;
#2793 = AXIS2_PLACEMENT_3D ( 'NONE', #4124, #2105, #1075 ) ;
#2794 = ADVANCED_FACE ( 'NONE', ( #2960 ), #2459, .T. ) ;
#2795 = EDGE_CURVE ( 'NONE', #1067, #2965, #3471, .T. ) ;
#2796 = CARTESIAN_POINT ( 'NONE',  ( 257.2977337495040047, 187.9532839424159647, -5.000000000000000000 ) ) ;
#2797 = EDGE_CURVE ( 'NONE', #2284, #82, #1500, .T. ) ;
#2798 = CIRCLE ( 'NONE', #1667, 2.197000000000004505 ) ;
#2799 = CARTESIAN_POINT ( 'NONE',  ( 292.9345267135227573, 190.6782839424210181, -20.53553390593274841 ) ) ;
#2800 = CARTESIAN_POINT ( 'NONE',  ( 341.7959928075900393, 145.6194142555692110, -22.00000000000000000 ) ) ;
#2801 = CARTESIAN_POINT ( 'NONE',  ( 257.2977337495049710, 207.7282842208930163, -22.00000000000000000 ) ) ;
#2802 = CYLINDRICAL_SURFACE ( 'NONE', #254, 5.000000000000004441 ) ;
#2803 = FACE_OUTER_BOUND ( 'NONE', #1226, .T. ) ;
#2804 = CARTESIAN_POINT ( 'NONE',  ( 306.2634927326907359, 125.9812842209039871, -20.53553418452747792 ) ) ;
#2805 = LINE ( 'NONE', #2141, #3713 ) ;
#2806 = DIRECTION ( 'NONE',  ( -0.7071067811865495711, 0.000000000000000000, -0.7071067811865453523 ) ) ;
#2807 = AXIS2_PLACEMENT_3D ( 'NONE', #1427, #3782, #1388 ) ;
#2808 = PLANE ( 'NONE',  #908 ) ;
#2809 = EDGE_CURVE ( 'NONE', #2210, #1675, #437, .T. ) ;
#2810 = ORIENTED_EDGE ( 'NONE', *, *, #3369, .T. ) ;
#2811 = ORIENTED_EDGE ( 'NONE', *, *, #2845, .F. ) ;
#2812 = LINE ( 'NONE', #1854, #31 ) ;
#2813 = DATE_AND_TIME ( #1061, #381 ) ;
#2814 = CIRCLE ( 'NONE', #4166, 2.000000000000112799 ) ;
#2815 = VECTOR ( 'NONE', #1077, 1000.000000000000000 ) ;
#2816 = DIRECTION ( 'NONE',  ( -0.9999999999999208411, -3.975690048800169588E-07, 0.000000000000000000 ) ) ;
#2817 = FACE_OUTER_BOUND ( 'NONE', #3033, .T. ) ;
#2818 = AXIS2_PLACEMENT_3D ( 'NONE', #1880, #3921, #3605 ) ;
#2819 = CARTESIAN_POINT ( 'NONE',  ( 333.7740057619930099, 204.3780000000000143, -5.000000000000000000 ) ) ;
#2820 = LINE ( 'NONE', #1486, #2501 ) ;
#2821 = DIRECTION ( 'NONE',  ( -0.9999999999999208411, -3.975690058524630865E-07, 0.000000000000000000 ) ) ;
#2822 = DIRECTION ( 'NONE',  ( 1.000000000000000000, -5.046468293750860025E-14, 0.000000000000000000 ) ) ;
#2823 = ADVANCED_FACE ( 'NONE', ( #841 ), #2173, .F. ) ;
#2824 = PLANE ( 'NONE',  #663 ) ;
#2825 = EDGE_LOOP ( 'NONE', ( #1183, #3290, #2538, #2725 ) ) ;
#2826 = CARTESIAN_POINT ( 'NONE',  ( 294.7990274744140038, 125.9812842209039871, -17.00000000000000000 ) ) ;
#2827 = ORIENTED_EDGE ( 'NONE', *, *, #4224, .F. ) ;
#2828 = DIRECTION ( 'NONE',  ( 1.000000000000000000, 1.298960938811431941E-12, 0.000000000000000000 ) ) ;
#2829 = PLANE ( 'NONE',  #664 ) ;
#2830 = EDGE_CURVE ( 'NONE', #2920, #3684, #3518, .T. ) ;
#2831 = CARTESIAN_POINT ( 'NONE',  ( 341.7959928075899825, 128.1782842209209718, -22.00000000000000000 ) ) ;
#2832 = DIRECTION ( 'NONE',  ( 1.000000000000000000, 6.661338147750940229E-16, 0.000000000000000000 ) ) ;
#2833 = ORIENTED_EDGE ( 'NONE', *, *, #3403, .F. ) ;
#2834 = EDGE_CURVE ( 'NONE', #1639, #2184, #4033, .T. ) ;
#2835 = ORIENTED_EDGE ( 'NONE', *, *, #4382, .F. ) ;
#2836 = DIRECTION ( 'NONE',  ( -2.631639762092139926E-14, -1.000000000000000000, 0.000000000000000000 ) ) ;
#2837 = COORDINATED_UNIVERSAL_TIME_OFFSET ( 0, 0, .AHEAD. ) ;
#2838 = VERTEX_POINT ( 'NONE', #4369 ) ;
#2839 = CARTESIAN_POINT ( 'NONE',  ( 341.9027176459687212, 145.6194131821328313, -5.000000000000000000 ) ) ;
#2840 = EDGE_CURVE ( 'NONE', #1125, #3838, #1805, .T. ) ;
#2841 = DIRECTION ( 'NONE',  ( 0.7071066406246574454, 0.7071069217484095004, 0.000000000000000000 ) ) ;
#2842 = DIRECTION ( 'NONE',  ( -0.7071067811865495711, 0.000000000000000000, -0.7071067811865453523 ) ) ;
#2843 = DIRECTION ( 'NONE',  ( 1.490740975259139494E-12, -1.000000000000000000, 0.000000000000000000 ) ) ;
#2844 = ADVANCED_FACE ( 'NONE', ( #3335 ), #1716, .T. ) ;
#2845 = EDGE_CURVE ( 'NONE', #3233, #2838, #2675, .T. ) ;
#2846 = DIRECTION ( 'NONE',  ( 0.000000000000000000, 0.000000000000000000, 1.000000000000000000 ) ) ;
#2847 = ORIENTED_EDGE ( 'NONE', *, *, #1783, .T. ) ;
#2848 = ORIENTED_EDGE ( 'NONE', *, *, #2977, .F. ) ;
#2849 = LINE ( 'NONE', #1784, #3279 ) ;
#2850 = EDGE_CURVE ( 'NONE', #3537, #2018, #2980, .T. ) ;
#2851 = CARTESIAN_POINT ( 'NONE',  ( 336.9026938479009914, 205.4782842208930163, 0.000000000000000000 ) ) ;
#2852 = EDGE_CURVE ( 'NONE', #4126, #60, #607, .T. ) ;
#2853 = CARTESIAN_POINT ( 'NONE',  ( 260.0477337495220240, 125.8782870831380052, -22.00000000000000000 ) ) ;
#2854 = LINE ( 'NONE', #3857, #685 ) ;
#2855 = ORIENTED_EDGE ( 'NONE', *, *, #1425, .T. ) ;
#2856 = EDGE_LOOP ( 'NONE', ( #2433, #1870, #4278, #2827, #2235, #3909, #738 ) ) ;
#2857 = LINE ( 'NONE', #2544, #455 ) ;
#2858 = VECTOR ( 'NONE', #2421, 1000.000000000000000 ) ;
#2859 = AXIS2_PLACEMENT_3D ( 'NONE', #4141, #1494, #2828 ) ;
#2860 = DIRECTION ( 'NONE',  ( 0.000000000000000000, 0.000000000000000000, -1.000000000000000000 ) ) ;
#2861 = VERTEX_POINT ( 'NONE', #942 ) ;
#2862 = CC_DESIGN_APPROVAL ( #4319, ( #3931 ) ) ;
#2863 = DIRECTION ( 'NONE',  ( -0.7071066406243563529, -0.7071069217487107039, 0.000000000000000000 ) ) ;
#2864 = VECTOR ( 'NONE', #1006, 1000.000000000000000 ) ;
#2865 = AXIS2_PLACEMENT_3D ( 'NONE', #2073, #3414, #1740 ) ;
#2866 = VECTOR ( 'NONE', #670, 1000.000000000000000 ) ;
#2867 = AXIS2_PLACEMENT_3D ( 'NONE', #279, #4034, #2628 ) ;
#2868 = LINE ( 'NONE', #4199, #3504 ) ;
#2869 = CARTESIAN_POINT ( 'NONE',  ( 262.5990087599560070, 203.6783008473059908, -5.000000000000000000 ) ) ;
#2870 = AXIS2_PLACEMENT_3D ( 'NONE', #1021, #2025, #1336 ) ;
#2871 = DIRECTION ( 'NONE',  ( 0.000000000000000000, 0.000000000000000000, -1.000000000000000000 ) ) ;
#2872 = ORIENTED_EDGE ( 'NONE', *, *, #4051, .F. ) ;
#2873 = CC_DESIGN_PERSON_AND_ORGANIZATION_ASSIGNMENT ( #1501, #3144, ( #3710 ) ) ;
#2874 = VERTEX_POINT ( 'NONE', #3740 ) ;
#2875 = AXIS2_PLACEMENT_3D ( 'NONE', #1804, #1473, #2822 ) ;
#2876 = LINE ( 'NONE', #4234, #4000 ) ;
#2877 = CARTESIAN_POINT ( 'NONE',  ( 262.2977357374429630, 125.8782861682299909, -5.000000000000000000 ) ) ;
#2878 = LINE ( 'NONE', #3189, #2046 ) ;
#2879 = ORIENTED_EDGE ( 'NONE', *, *, #2201, .F. ) ;
#2880 = ORIENTED_EDGE ( 'NONE', *, *, #2051, .F. ) ;
#2881 = DIRECTION ( 'NONE',  ( 0.000000000000000000, 0.000000000000000000, 1.000000000000000000 ) ) ;
#2882 = LINE ( 'NONE', #3232, #3673 ) ;
#2883 = ORIENTED_EDGE ( 'NONE', *, *, #625, .T. ) ;
#2884 = ORIENTED_EDGE ( 'NONE', *, *, #1211, .F. ) ;
#2885 = CYLINDRICAL_SURFACE ( 'NONE', #2088, 5.000000000000004441 ) ;
#2886 = CIRCLE ( 'NONE', #3381, 5.000000000000015987 ) ;
#2888 = EDGE_CURVE ( 'NONE', #3918, #3590, #2649, .T. ) ;
#2887 = ORIENTED_EDGE ( 'NONE', *, *, #181, .T. ) ;
#2889 = ORIENTED_EDGE ( 'NONE', *, *, #616, .F. ) ;
#2890 = FACE_OUTER_BOUND ( 'NONE', #1908, .T. ) ;
#2891 = DIRECTION ( 'NONE',  ( 0.000000000000000000, 0.000000000000000000, 1.000000000000000000 ) ) ;
#2892 = CARTESIAN_POINT ( 'NONE',  ( 339.6026927744260320, 208.1782842209040041, 0.000000000000000000 ) ) ;
#2893 = VERTEX_POINT ( 'NONE', #2340 ) ;
#2894 = EDGE_LOOP ( 'NONE', ( #3228, #436, #650, #1426 ) ) ;
#2895 = DIRECTION ( 'NONE',  ( 0.000000000000000000, 0.000000000000000000, -1.000000000000000000 ) ) ;
#2896 = DIRECTION ( 'NONE',  ( 0.000000000000000000, 0.000000000000000000, -1.000000000000000000 ) ) ;
#2897 = LINE ( 'NONE', #1497, #2951 ) ;
#2898 = ORIENTED_EDGE ( 'NONE', *, *, #1543, .T. ) ;
#2899 = VERTEX_POINT ( 'NONE', #1276 ) ;
#2900 = EDGE_CURVE ( 'NONE', #4187, #1412, #4074, .T. ) ;
#2901 = ORIENTED_EDGE ( 'NONE', *, *, #3709, .F. ) ;
#2902 = ORIENTED_EDGE ( 'NONE', *, *, #1126, .F. ) ;
#2903 = ORIENTED_EDGE ( 'NONE', *, *, #2198, .F. ) ;
#2904 = DIRECTION ( 'NONE',  ( 0.000000000000000000, -1.000000000000000000, 0.000000000000000000 ) ) ;
#2905 = EDGE_CURVE ( 'NONE', #1625, #3281, #957, .T. ) ;
#2906 = VERTEX_POINT ( 'NONE', #3692 ) ;
#2907 = VERTEX_POINT ( 'NONE', #1637 ) ;
#2908 = DIRECTION ( 'NONE',  ( -0.7071066406243563529, -0.7071069217487107039, 0.000000000000000000 ) ) ;
#2909 = CARTESIAN_POINT ( 'NONE',  ( 339.5989928075899797, 208.1782842209049988, -22.00000000000000000 ) ) ;
#2910 = CARTESIAN_POINT ( 'NONE',  ( 343.1382598914851769, 124.6427844020062423, 0.000000000000000000 ) ) ;
#2911 = ORIENTED_EDGE ( 'NONE', *, *, #854, .F. ) ;
#2912 = ORIENTED_EDGE ( 'NONE', *, *, #3247, .F. ) ;
#2913 = LINE ( 'NONE', #3944, #235 ) ;
#2914 = CARTESIAN_POINT ( 'NONE',  ( 294.7990285887940445, 123.1782990897590082, -5.000000000000000000 ) ) ;
#2915 = DIRECTION ( 'NONE',  ( -0.7071067811864931718, -2.811237409527926139E-07, -0.7071067811865459074 ) ) ;
#2916 = ORIENTED_EDGE ( 'NONE', *, *, #104, .T. ) ;
#2917 = VERTEX_POINT ( 'NONE', #2385 ) ;
#2918 = ADVANCED_FACE ( 'NONE', ( #297 ), #3649, .F. ) ;
#2919 = VERTEX_POINT ( 'NONE', #1295 ) ;
#2920 = VERTEX_POINT ( 'NONE', #4012 ) ;
#2921 = ORIENTED_EDGE ( 'NONE', *, *, #439, .F. ) ;
#2922 = DIRECTION ( 'NONE',  ( -0.9999999999999208411, -3.975690048800169588E-07, 0.000000000000000000 ) ) ;
#2923 = DIRECTION ( 'NONE',  ( 0.000000000000000000, 1.000000000000000000, 0.000000000000000000 ) ) ;
#2924 = CIRCLE ( 'NONE', #3209, 2.197000000000004505 ) ;
#2925 = VECTOR ( 'NONE', #2178, 1000.000000000000000 ) ;
#2926 = ORIENTED_EDGE ( 'NONE', *, *, #4062, .T. ) ;
#2927 = EDGE_LOOP ( 'NONE', ( #1646, #4102, #2424, #1884 ) ) ;
#2928 = CARTESIAN_POINT ( 'NONE',  ( 304.7989928075899684, 190.6782839424210181, -5.000000000000000000 ) ) ;
#2929 = CARTESIAN_POINT ( 'NONE',  ( 309.7942939572823207, 213.1782842209040041, -25.00000220791990557 ) ) ;
#2930 = AXIS2_PLACEMENT_3D ( 'NONE', #2831, #1167, #769 ) ;
#2931 = EDGE_CURVE ( 'NONE', #563, #784, #1699, .T. ) ;
#2932 = ADVANCED_FACE ( 'NONE', ( #970 ), #9, .F. ) ;
#2933 = VECTOR ( 'NONE', #2135, 1000.000000000000000 ) ;
#2934 = AXIS2_PLACEMENT_3D ( 'NONE', #4070, #1028, #2383 ) ;
#2935 = CARTESIAN_POINT ( 'NONE',  ( 259.5989928075869670, 125.9812842209039871, -22.00000000000000000 ) ) ;
#2936 = EDGE_LOOP ( 'NONE', ( #2880, #1974, #2529, #2130 ) ) ;
#2937 = ORIENTED_EDGE ( 'NONE', *, *, #3557, .T. ) ;
#2938 = DIRECTION ( 'NONE',  ( -1.000000000000000000, 0.000000000000000000, 0.000000000000000000 ) ) ;
#2939 = VECTOR ( 'NONE', #4394, 1000.000000000000000 ) ;
#2940 = AXIS2_PLACEMENT_3D ( 'NONE', #4344, #4013, #2292 ) ;
#2941 = AXIS2_PLACEMENT_3D ( 'NONE', #4154, #1438, #3820 ) ;
#2942 = CARTESIAN_POINT ( 'NONE',  ( 339.1527254944259653, 125.8783167233890055, 0.000000000000000000 ) ) ;
#2943 = EDGE_LOOP ( 'NONE', ( #1011, #4314, #2569, #3633, #2326 ) ) ;
#2944 = ORIENTED_EDGE ( 'NONE', *, *, #2809, .T. ) ;
#2945 = ADVANCED_FACE ( 'NONE', ( #1985 ), #1320, .F. ) ;
#2946 = LINE ( 'NONE', #3253, #4100 ) ;
#2947 = ORIENTED_EDGE ( 'NONE', *, *, #2717, .F. ) ;
#2948 = ORIENTED_EDGE ( 'NONE', *, *, #36, .T. ) ;
#2949 = FACE_OUTER_BOUND ( 'NONE', #2514, .T. ) ;
#2950 = CARTESIAN_POINT ( 'NONE',  ( 341.7959928075899825, 145.6194142555692110, -25.00000000000000000 ) ) ;
#2951 = VECTOR ( 'NONE', #4259, 1000.000000000000000 ) ;
#2952 = ORIENTED_EDGE ( 'NONE', *, *, #3828, .T. ) ;
#2953 = ORIENTED_EDGE ( 'NONE', *, *, #2193, .T. ) ;
#2954 = PLANE ( 'NONE',  #2097 ) ;
#2955 = DIRECTION ( 'NONE',  ( -1.287858708565180375E-12, 1.000000000000000000, 0.000000000000000000 ) ) ;
#2956 = CARTESIAN_POINT ( 'NONE',  ( 304.7989928075899684, 213.1782842209040041, -5.000000000000000000 ) ) ;
#2957 = EDGE_LOOP ( 'NONE', ( #906, #396, #3326, #3384 ) ) ;
#2958 = CIRCLE ( 'NONE', #3818, 5.000000000000001776 ) ;
#2959 = ORIENTED_EDGE ( 'NONE', *, *, #412, .T. ) ;
#2960 = FACE_OUTER_BOUND ( 'NONE', #3303, .T. ) ;
#2961 = CARTESIAN_POINT ( 'NONE',  ( 339.6026927744260320, 208.1782842209040041, -25.00000000000000000 ) ) ;
#2962 = EDGE_CURVE ( 'NONE', #1655, #2753, #1676, .T. ) ;
#2963 = CARTESIAN_POINT ( 'NONE',  ( 322.1014624604590040, 203.1782838797809916, -5.000000000000000000 ) ) ;
#2964 = ORIENTED_EDGE ( 'NONE', *, *, #3343, .T. ) ;
#2965 = VERTEX_POINT ( 'NONE', #1343 ) ;
#2966 = EDGE_CURVE ( 'NONE', #1817, #2562, #2694, .T. ) ;
#2967 = CARTESIAN_POINT ( 'NONE',  ( 260.3990000016239605, 195.3783112489279858, -3.500000000000000000 ) ) ;
#2968 = VERTEX_POINT ( 'NONE', #780 ) ;
#2969 = ORIENTED_EDGE ( 'NONE', *, *, #1720, .T. ) ;
#2970 = DIRECTION ( 'NONE',  ( 0.7071065000627395625, 0.7071070623102436725, 0.000000000000000000 ) ) ;
#2971 = CARTESIAN_POINT ( 'NONE',  ( 304.7989928075899684, 213.1782842209040041, -17.00000000000000000 ) ) ;
#2972 = VERTEX_POINT ( 'NONE', #4182 ) ;
#2973 = ORIENTED_EDGE ( 'NONE', *, *, #2515, .F. ) ;
#2974 = PLANE ( 'NONE',  #2506 ) ;
#2975 = CARTESIAN_POINT ( 'NONE',  ( 254.5977337495149868, 213.1782842209040041, 0.000000000000000000 ) ) ;
#2976 = DIRECTION ( 'NONE',  ( 3.952626475105270668E-15, 0.000000000000000000, 1.000000000000000000 ) ) ;
#2977 = EDGE_CURVE ( 'NONE', #3942, #946, #468, .T. ) ;
#2978 = FACE_OUTER_BOUND ( 'NONE', #1079, .T. ) ;
#2979 = EDGE_LOOP ( 'NONE', ( #789, #935, #327, #2784 ) ) ;
#2980 = LINE ( 'NONE', #2714, #4146 ) ;
#2981 = EDGE_CURVE ( 'NONE', #273, #4244, #1026, .T. ) ;
#2982 = PLANE ( 'NONE',  #2940 ) ;
#2983 = VERTEX_POINT ( 'NONE', #1134 ) ;
#2984 = ADVANCED_FACE ( 'NONE', ( #424, #1069 ), #3462, .T. ) ;
#2985 = EDGE_CURVE ( 'NONE', #3588, #1203, #2507, .T. ) ;
#2986 = EDGE_CURVE ( 'NONE', #1493, #3882, #91, .T. ) ;
#2987 = DIRECTION ( 'NONE',  ( 0.000000000000000000, 0.000000000000000000, -1.000000000000000000 ) ) ;
#2988 = ORIENTED_EDGE ( 'NONE', *, *, #214, .T. ) ;
#2989 = EDGE_LOOP ( 'NONE', ( #284, #4192, #1954, #1241 ) ) ;
#2990 = CARTESIAN_POINT ( 'NONE',  ( 339.1527225921830677, 125.8783155986110103, -5.000000000000000000 ) ) ;
#2991 = APPROVAL_STATUS ( 'not_yet_approved' ) ;
#2992 = ORIENTED_EDGE ( 'NONE', *, *, #3498, .T. ) ;
#2993 = VERTEX_POINT ( 'NONE', #2738 ) ;
#2994 = CYLINDRICAL_SURFACE ( 'NONE', #2295, 3.374900000006619827 ) ;
#2995 = DIRECTION ( 'NONE',  ( 1.490740975259139494E-12, -1.000000000000000000, 0.000000000000000000 ) ) ;
#2996 = CARTESIAN_POINT ( 'NONE',  ( 263.3990014167200115, 195.3783112489269911, -5.000000000000000000 ) ) ;
#2997 = LINE ( 'NONE', #2709, #2296 ) ;
#2998 = AXIS2_PLACEMENT_3D ( 'NONE', #2504, #3104, #402 ) ;
#2999 = ADVANCED_FACE ( 'NONE', ( #2754 ), #2468, .F. ) ;
#3000 = LINE ( 'NONE', #556, #3170 ) ;
#3001 = ORIENTED_EDGE ( 'NONE', *, *, #2905, .T. ) ;
#3002 = VECTOR ( 'NONE', #3162, 1000.000000000000227 ) ;
#3003 = DIRECTION ( 'NONE',  ( 0.9999999999999208411, 3.975690058524630865E-07, 0.000000000000000000 ) ) ;
#3004 = DIRECTION ( 'NONE',  ( 0.000000000000000000, 1.000000000000000000, 0.000000000000000000 ) ) ;
#3005 = VECTOR ( 'NONE', #2641, 1000.000000000000227 ) ;
#3006 = VECTOR ( 'NONE', #382, 1000.000000000000000 ) ;
#3007 = DIRECTION ( 'NONE',  ( 0.000000000000000000, 0.000000000000000000, 1.000000000000000000 ) ) ;
#3008 = ORIENTED_EDGE ( 'NONE', *, *, #1195, .T. ) ;
#3009 = AXIS2_PLACEMENT_3D ( 'NONE', #2318, #3674, #1652 ) ;
#3010 = AXIS2_PLACEMENT_3D ( 'NONE', #1287, #1976, #269 ) ;
#3011 = AXIS2_PLACEMENT_3D ( 'NONE', #1981, #1963, #3667 ) ;
#3012 = LINE ( 'NONE', #3697, #2114 ) ;
#3013 = ORIENTED_EDGE ( 'NONE', *, *, #1390, .T. ) ;
#3014 = ORIENTED_EDGE ( 'NONE', *, *, #1211, .T. ) ;
#3015 = LINE ( 'NONE', #3327, #3571 ) ;
#3016 = CARTESIAN_POINT ( 'NONE',  ( 259.5977337495190227, 208.1782842209040041, 0.000000000000000000 ) ) ;
#3017 = ORIENTED_EDGE ( 'NONE', *, *, #700, .T. ) ;
#3018 = LINE ( 'NONE', #4387, #461 ) ;
#3019 = DIRECTION ( 'NONE',  ( 1.465474179068250959E-12, 1.000000000000000000, 0.000000000000000000 ) ) ;
#3020 = CARTESIAN_POINT ( 'NONE',  ( 306.2634589016572590, 190.6782839424210181, -20.53553390593273420 ) ) ;
#3021 = AXIS2_PLACEMENT_3D ( 'NONE', #3132, #2741, #1053 ) ;
#3022 = ADVANCED_FACE ( 'NONE', ( #2448 ), #3128, .T. ) ;
#3023 = PLANE ( 'NONE',  #3425 ) ;
#3024 = ORIENTED_EDGE ( 'NONE', *, *, #716, .F. ) ;
#3025 = DIRECTION ( 'NONE',  ( 0.000000000000000000, 0.000000000000000000, -1.000000000000000000 ) ) ;
#3026 = CARTESIAN_POINT ( 'NONE',  ( 339.5989928075869670, 210.3752842209040068, -22.00000000000000000 ) ) ;
#3027 = VECTOR ( 'NONE', #985, 1000.000000000000227 ) ;
#3028 = CARTESIAN_POINT ( 'NONE',  ( 297.0872723045659995, 213.1782842209040041, 0.000000000000000000 ) ) ;
#3029 = ORIENTED_EDGE ( 'NONE', *, *, #628, .F. ) ;
#3030 = VECTOR ( 'NONE', #2143, 1000.000000000000000 ) ;
#3031 = EDGE_CURVE ( 'NONE', #288, #4032, #3845, .T. ) ;
#3032 = DIRECTION ( 'NONE',  ( -1.000000000000000000, 0.000000000000000000, 0.000000000000000000 ) ) ;
#3033 = EDGE_LOOP ( 'NONE', ( #199, #2166, #1593, #1701, #3551, #75, #1, #213, #1354, #2959 ) ) ;
#3034 = ORIENTED_EDGE ( 'NONE', *, *, #2182, .F. ) ;
#3035 = CARTESIAN_POINT ( 'NONE',  ( 344.6026907865820021, 213.1782842209040041, -5.000000000000000000 ) ) ;
#3036 = LINE ( 'NONE', #1350, #2089 ) ;
#3037 = DIRECTION ( 'NONE',  ( -0.7071067811868501085, 0.7071067811862449259, 0.000000000000000000 ) ) ;
#3038 = EDGE_CURVE ( 'NONE', #4291, #3873, #2771, .T. ) ;
#3039 = EDGE_LOOP ( 'NONE', ( #2592, #3749, #1607, #3246 ) ) ;
#3040 = CARTESIAN_POINT ( 'NONE',  ( 257.4019928075900339, 208.1782842209040041, -22.00000000000000000 ) ) ;
#3041 = LINE ( 'NONE', #726, #2645 ) ;
#3042 = EDGE_CURVE ( 'NONE', #288, #3556, #3779, .T. ) ;
#3043 = EDGE_CURVE ( 'NONE', #920, #215, #4217, .T. ) ;
#3044 = CARTESIAN_POINT ( 'NONE',  ( 344.6027225921019408, 133.1782848660099887, -5.000000000000000000 ) ) ;
#3045 = CARTESIAN_POINT ( 'NONE',  ( 262.2977357374429630, 125.8782861682299909, 0.000000000000000000 ) ) ;
#3046 = ORIENTED_EDGE ( 'NONE', *, *, #997, .F. ) ;
#3047 = DIRECTION ( 'NONE',  ( 1.000000000000000000, -6.167564153470840486E-16, 0.000000000000000000 ) ) ;
#3048 = DIRECTION ( 'NONE',  ( -3.975695861249959766E-07, 0.9999999999999208411, 0.000000000000000000 ) ) ;
#3049 = LINE ( 'NONE', #1970, #1537 ) ;
#3050 = ORIENTED_EDGE ( 'NONE', *, *, #3772, .T. ) ;
#3051 = CARTESIAN_POINT ( 'NONE',  ( 331.5989950341020176, 129.5792914133149907, -5.000000000000000000 ) ) ;
#3052 = CARTESIAN_POINT ( 'NONE',  ( 339.6027265677790297, 123.1783169023200060, 0.000000000000000000 ) ) ;
#3053 = ORIENTED_EDGE ( 'NONE', *, *, #127, .T. ) ;
#3054 = ORIENTED_EDGE ( 'NONE', *, *, #675, .F. ) ;
#3055 = CYLINDRICAL_SURFACE ( 'NONE', #2731, 1.480499935150147994 ) ;
#3056 = CARTESIAN_POINT ( 'NONE',  ( 304.7990274744068984, 123.1783030654479916, -25.00000000000000000 ) ) ;
#3057 = COORDINATED_UNIVERSAL_TIME_OFFSET ( 0, 0, .AHEAD. ) ;
#3058 = DIRECTION ( 'NONE',  ( -1.000000000000000000, 9.237055564880779875E-14, 0.000000000000000000 ) ) ;
#3059 = DIRECTION ( 'NONE',  ( -3.975689644130509380E-07, 0.9999999999999209521, 0.000000000000000000 ) ) ;
#3060 = DIRECTION ( 'NONE',  ( 3.975690035241859844E-07, -0.9999999999999208411, 0.000000000000000000 ) ) ;
#3061 = DIRECTION ( 'NONE',  ( 0.9999999999952935426, -3.068063123728442046E-06, 0.000000000000000000 ) ) ;
#3062 = ORIENTED_EDGE ( 'NONE', *, *, #2426, .F. ) ;
#3063 = CARTESIAN_POINT ( 'NONE',  ( 254.5977337495880022, 145.6194142555692679, -22.00000000000000355 ) ) ;
#3064 = EDGE_CURVE ( 'NONE', #4024, #3658, #3417, .T. ) ;
#3065 = CARTESIAN_POINT ( 'NONE',  ( 341.6026993167175192, 191.7225479073473196, 0.000000000000000000 ) ) ;
#3066 = VECTOR ( 'NONE', #4091, 1000.000000000000000 ) ;
#3067 = CIRCLE ( 'NONE', #165, 5.000000000000004441 ) ;
#3068 = LINE ( 'NONE', #2409, #1252 ) ;
#3069 = ORIENTED_EDGE ( 'NONE', *, *, #2162, .F. ) ;
#3070 = AXIS2_PLACEMENT_3D ( 'NONE', #1190, #2498, #1483 ) ;
#3071 = AXIS2_PLACEMENT_3D ( 'NONE', #3378, #3061, #1696 ) ;
#3072 = DIRECTION ( 'NONE',  ( 0.000000000000000000, -1.000000000000000000, 0.000000000000000000 ) ) ;
#3073 = AXIS2_PLACEMENT_3D ( 'NONE', #820, #4176, #3208 ) ;
#3074 = DIRECTION ( 'NONE',  ( -3.975695921796518581E-07, 0.9999999999999208411, 0.000000000000000000 ) ) ;
#3075 = VERTEX_POINT ( 'NONE', #1472 ) ;
#3076 = VECTOR ( 'NONE', #3576, 1000.000000000000000 ) ;
#3077 = EDGE_LOOP ( 'NONE', ( #3900, #2172, #4036, #3329 ) ) ;
#3078 = LINE ( 'NONE', #1059, #962 ) ;
#3079 = DIRECTION ( 'NONE',  ( 1.000000000000000000, -3.083782076735418764E-16, 0.000000000000000000 ) ) ;
#3080 = AXIS2_PLACEMENT_3D ( 'NONE', #4178, #1376, #85 ) ;
#3081 = EDGE_CURVE ( 'NONE', #2838, #687, #2408, .T. ) ;
#3082 = AXIS2_PLACEMENT_3D ( 'NONE', #2763, #682, #3390 ) ;
#3083 = FACE_OUTER_BOUND ( 'NONE', #1460, .T. ) ;
#3084 = CARTESIAN_POINT ( 'NONE',  ( 259.5989928075899797, 128.1782842209040041, -22.00000000000000000 ) ) ;
#3085 = FACE_OUTER_BOUND ( 'NONE', #998, .T. ) ;
#3086 = CARTESIAN_POINT ( 'NONE',  ( 259.5989928075899797, 208.1782842209040041, -25.00000000000000000 ) ) ;
#3087 = ORIENTED_EDGE ( 'NONE', *, *, #2609, .T. ) ;
#3088 = CARTESIAN_POINT ( 'NONE',  ( 341.6027755396063412, 0.0001358106760343927885, 0.000000000000000000 ) ) ;
#3089 = DIRECTION ( 'NONE',  ( 0.000000000000000000, 0.000000000000000000, -1.000000000000000000 ) ) ;
#3090 = VECTOR ( 'NONE', #10, 1000.000000000000000 ) ;
#3091 = CARTESIAN_POINT ( 'NONE',  ( 257.2989947549160092, 205.4795412910509924, -3.500000000000000000 ) ) ;
#3092 = ORIENTED_EDGE ( 'NONE', *, *, #375, .T. ) ;
#3093 = CARTESIAN_POINT ( 'NONE',  ( 341.9026947623120236, 203.1782838797809916, -5.000000000000000000 ) ) ;
#3094 = EDGE_CURVE ( 'NONE', #2280, #4284, #2157, .T. ) ;
#3095 = DIRECTION ( 'NONE',  ( 0.9999999999999208411, 3.975689644130508851E-07, 0.000000000000000000 ) ) ;
#3096 = CIRCLE ( 'NONE', #978, 2.749999999999998224 ) ;
#3097 = CARTESIAN_POINT ( 'NONE',  ( 341.6027086771805443, 168.1783003628206359, -22.00000000000000000 ) ) ;
#3098 = ORIENTED_EDGE ( 'NONE', *, *, #4089, .F. ) ;
#3099 = ORIENTED_EDGE ( 'NONE', *, *, #1749, .T. ) ;
#3100 = CARTESIAN_POINT ( 'NONE',  ( 257.2977337495730126, 150.6782949762070132, -5.000000000000000000 ) ) ;
#3101 = APPROVAL_DATE_TIME ( #1462, #1353 ) ;
#3102 = ADVANCED_FACE ( 'NONE', ( #1762 ), #2160, .T. ) ;
#3103 = CARTESIAN_POINT ( 'NONE',  ( 335.7740057619919867, 192.3779999999999859, -5.000000000000000000 ) ) ;
#3104 = DIRECTION ( 'NONE',  ( -6.661337997163910399E-16, 1.000000000000000000, -1.505870270290694838E-23 ) ) ;
#3105 = DIRECTION ( 'NONE',  ( -1.000000000000000000, 0.000000000000000000, 0.000000000000000000 ) ) ;
#3106 = DIRECTION ( 'NONE',  ( 1.000000000000000000, 0.000000000000000000, 0.000000000000000000 ) ) ;
#3107 = DIRECTION ( 'NONE',  ( 0.000000000000000000, 0.000000000000000000, 1.000000000000000000 ) ) ;
#3108 = DIRECTION ( 'NONE',  ( -0.000000000000000000, -0.000000000000000000, -1.000000000000000000 ) ) ;
#3109 = EDGE_CURVE ( 'NONE', #1412, #2210, #3507, .T. ) ;
#3110 = EDGE_CURVE ( 'NONE', #2919, #3222, #811, .T. ) ;
#3111 = CARTESIAN_POINT ( 'NONE',  ( 254.5977337495919812, 123.1782831069699853, -5.000000000000000000 ) ) ;
#3112 = ORIENTED_EDGE ( 'NONE', *, *, #3043, .T. ) ;
#3113 = LINE ( 'NONE', #1101, #1440 ) ;
#3114 = CARTESIAN_POINT ( 'NONE',  ( 341.7959928075899825, 208.1782842209040041, -22.00000000000000000 ) ) ;
#3115 = FACE_OUTER_BOUND ( 'NONE', #3315, .T. ) ;
#3116 = CARTESIAN_POINT ( 'NONE',  ( 257.4019928075900339, 208.1782842209040041, -22.00000000000000000 ) ) ;
#3117 = ORIENTED_EDGE ( 'NONE', *, *, #603, .T. ) ;
#3118 = ORIENTED_EDGE ( 'NONE', *, *, #3582, .T. ) ;
#3119 = EDGE_CURVE ( 'NONE', #3325, #2458, #2534, .T. ) ;
#3120 = CARTESIAN_POINT ( 'NONE',  ( 259.5977337495879738, 128.1782850948149814, 0.000000000000000000 ) ) ;
#3121 = EDGE_CURVE ( 'NONE', #82, #159, #1154, .T. ) ;
#3122 = ADVANCED_FACE ( 'NONE', ( #509 ), #2268, .T. ) ;
#3123 = CARTESIAN_POINT ( 'NONE',  ( 304.7990264009709449, 125.8783030654239923, -5.000000000000000000 ) ) ;
#3124 = CARTESIAN_POINT ( 'NONE',  ( 344.6027225921019408, 133.1782848660099887, -22.00000000000000000 ) ) ;
#3125 = DIRECTION ( 'NONE',  ( 7.027379841795380292E-14, 1.000000000000000000, 0.000000000000000000 ) ) ;
#3126 = CARTESIAN_POINT ( 'NONE',  ( 339.5989928075869670, 210.3752842209040068, -22.00000000000000000 ) ) ;
#3127 = LINE ( 'NONE', #2159, #2150 ) ;
#3128 = PLANE ( 'NONE',  #1450 ) ;
#3129 = CARTESIAN_POINT ( 'NONE',  ( 339.5989928075899797, 208.1782842209049988, -25.00000000000000000 ) ) ;
#3130 = ADVANCED_FACE ( 'NONE', ( #533 ), #2551, .F. ) ;
#3131 = CYLINDRICAL_SURFACE ( 'NONE', #268, 4.999999999999983125 ) ;
#3132 = CARTESIAN_POINT ( 'NONE',  ( 262.2977337495020151, 205.4782842208930163, -5.000000000000000000 ) ) ;
#3133 = ORIENTED_EDGE ( 'NONE', *, *, #1738, .F. ) ;
#3134 = DIRECTION ( 'NONE',  ( 0.000000000000000000, 0.000000000000000000, -1.000000000000000000 ) ) ;
#3135 = AXIS2_PLACEMENT_3D ( 'NONE', #49, #1399, #2353 ) ;
#3136 = FACE_OUTER_BOUND ( 'NONE', #506, .T. ) ;
#3137 = VECTOR ( 'NONE', #41, 1000.000000000000000 ) ;
#3138 = CARTESIAN_POINT ( 'NONE',  ( 257.2977337495049710, 203.1783063018060034, -22.00000000000000000 ) ) ;
#3139 = DIRECTION ( 'NONE',  ( -0.9999999999999209521, -3.975695772595679858E-07, 0.000000000000000000 ) ) ;
#3140 = ORIENTED_EDGE ( 'NONE', *, *, #3752, .F. ) ;
#3141 = ORIENTED_EDGE ( 'NONE', *, *, #4384, .F. ) ;
#3142 = VECTOR ( 'NONE', #4123, 1000.000000000000000 ) ;
#3143 = DIRECTION ( 'NONE',  ( 0.000000000000000000, 0.000000000000000000, -1.000000000000000000 ) ) ;
#3144 = PERSON_AND_ORGANIZATION_ROLE ( 'design_supplier' ) ;
#3145 = AXIS2_PLACEMENT_3D ( 'NONE', #2664, #4088, #3731 ) ;
#3146 = AXIS2_PLACEMENT_3D ( 'NONE', #2764, #399, #1728 ) ;
#3147 = VECTOR ( 'NONE', #3484, 1000.000000000000000 ) ;
#3148 = DIRECTION ( 'NONE',  ( 0.000000000000000000, 0.000000000000000000, 1.000000000000000000 ) ) ;
#3149 = DIRECTION ( 'NONE',  ( 1.000000000000000000, 0.000000000000000000, 0.000000000000000000 ) ) ;
#3150 = AXIS2_PLACEMENT_3D ( 'NONE', #3526, #1198, #3241 ) ;
#3151 = AXIS2_PLACEMENT_3D ( 'NONE', #1391, #741, #1036 ) ;
#3152 = EDGE_CURVE ( 'NONE', #3562, #3229, #489, .T. ) ;
#3153 = CIRCLE ( 'NONE', #3725, 5.000000000000013323 ) ;
#3154 = CARTESIAN_POINT ( 'NONE',  ( 284.4872052944219831, 123.1782949900970010, 0.000000000000000000 ) ) ;
#3155 = CARTESIAN_POINT ( 'NONE',  ( 263.3990014167200115, 195.3783112489269911, -3.500000000000000000 ) ) ;
#3156 = DIRECTION ( 'NONE',  ( 0.9999999999999209521, 3.975690097564840508E-07, 1.477771191271905417E-15 ) ) ;
#3157 = LINE ( 'NONE', #136, #393 ) ;
#3158 = EDGE_CURVE ( 'NONE', #2458, #3537, #868, .T. ) ;
#3159 = ADVANCED_FACE ( 'NONE', ( #1218 ), #3870, .F. ) ;
#3160 = DIRECTION ( 'NONE',  ( 3.608224830031755727E-13, -1.000000000000000000, 0.000000000000000000 ) ) ;
#3161 = ORIENTED_EDGE ( 'NONE', *, *, #4099, .T. ) ;
#3162 = DIRECTION ( 'NONE',  ( 0.9999999999999208411, 3.975690048800169588E-07, 0.000000000000000000 ) ) ;
#3163 = LINE ( 'NONE', #4235, #2369 ) ;
#3164 = AXIS2_PLACEMENT_3D ( 'NONE', #1700, #673, #609 ) ;
#3165 = DIRECTION ( 'NONE',  ( 0.000000000000000000, 0.000000000000000000, -1.000000000000000000 ) ) ;
#3166 = LINE ( 'NONE', #3097, #1826 ) ;
#3167 = EDGE_LOOP ( 'NONE', ( #1428, #3948, #1599, #1280, #1647 ) ) ;
#3168 = ORIENTED_EDGE ( 'NONE', *, *, #3320, .F. ) ;
#3169 = CARTESIAN_POINT ( 'NONE',  ( 335.7740057619919867, 192.3779999999999859, -5.000000000000000000 ) ) ;
#3170 = VECTOR ( 'NONE', #2270, 1000.000000000000000 ) ;
#3171 = EDGE_CURVE ( 'NONE', #3470, #3596, #2375, .T. ) ;
#3172 = EDGE_CURVE ( 'NONE', #2596, #1127, #2245, .T. ) ;
#3173 = CLOSED_SHELL ( 'NONE', ( #426, #471, #4381, #341, #1746, #883, #3722, #2823, #3176, #3130, #3639, #3629, #1339, #1745, #2932, #2704, #2918, #3294, #1361, #1888, #4292, #3678, #824, #1925, #4037, #333, #1260, #2999, #3963, #4298, #1210, #1282, #2566, #950, #492, #302, #2984, #1732, #1821, #1008, #915, #2530, #1541, #2844, #3159, #2780, #1254, #1956, #1137, #3487, #1526, #394, #1690, #3813, #2680, #1277, #2060, #3970, #3416, #2440, #901, #2794, #137, #1532, #1088, #264, #2557, #3951, #3583, #293, #638, #3444, #3862, #1601, #3314, #1162, #3257, #2052, #153, #3769, #2644, #2253, #3361, #2945, #1062, #1283, #809, #3481, #3122, #1691, #656, #540, #4257, #3872, #672, #114, #357, #1416, #3102, #3904, #2000, #301, #742, #1719, #1271, #39, #4160, #1003, #2377, #1902, #2447, #3366, #4184, #2364, #3022, #1793, #2294 ) ) ;
#3174 = ORIENTED_EDGE ( 'NONE', *, *, #776, .F. ) ;
#3175 = EDGE_CURVE ( 'NONE', #2968, #2561, #4365, .T. ) ;
#3176 = ADVANCED_FACE ( 'NONE', ( #2890 ), #917, .F. ) ;
#3177 = DIRECTION ( 'NONE',  ( 3.083782076735418764E-16, 1.000000000000000000, 0.000000000000000000 ) ) ;
#3178 = AXIS2_PLACEMENT_3D ( 'NONE', #2234, #2170, #4210 ) ;
#3179 = EDGE_CURVE ( 'NONE', #4329, #328, #3544, .T. ) ;
#3180 = DIRECTION ( 'NONE',  ( 0.000000000000000000, 0.000000000000000000, 1.000000000000000000 ) ) ;
#3181 = CARTESIAN_POINT ( 'NONE',  ( 257.4019928075900339, 128.1782842209040041, -22.00000000000000000 ) ) ;
#3182 = CARTESIAN_POINT ( 'NONE',  ( 344.6026907865820021, 213.1782842209040041, -5.000000000000000000 ) ) ;
#3183 = DIRECTION ( 'NONE',  ( 0.000000000000000000, -1.000000000000000000, 0.000000000000000000 ) ) ;
#3184 = ORIENTED_EDGE ( 'NONE', *, *, #581, .T. ) ;
#3185 = ORIENTED_EDGE ( 'NONE', *, *, #523, .T. ) ;
#3186 = LINE ( 'NONE', #3785, #2290 ) ;
#3187 = CARTESIAN_POINT ( 'NONE',  ( 341.9027244011109588, 128.6283178167049925, 0.000000000000000000 ) ) ;
#3188 = CARTESIAN_POINT ( 'NONE',  ( 339.1527225921830677, 125.8783155986110103, -22.00000000000000000 ) ) ;
#3189 = CARTESIAN_POINT ( 'NONE',  ( 254.5977337495919812, 123.1782831069699853, 0.000000000000000000 ) ) ;
#3190 = ORIENTED_EDGE ( 'NONE', *, *, #1390, .F. ) ;
#3191 = ORIENTED_EDGE ( 'NONE', *, *, #2012, .T. ) ;
#3192 = CARTESIAN_POINT ( 'NONE',  ( 259.5989928075869670, 210.3752842209040068, -22.00000000000000000 ) ) ;
#3193 = ORIENTED_EDGE ( 'NONE', *, *, #936, .F. ) ;
#3194 = ORIENTED_EDGE ( 'NONE', *, *, #3903, .F. ) ;
#3195 = DIRECTION ( 'NONE',  ( 0.000000000000000000, 0.000000000000000000, 1.000000000000000000 ) ) ;
#3196 = EDGE_CURVE ( 'NONE', #109, #823, #1559, .T. ) ;
#3197 = LINE ( 'NONE', #4181, #2925 ) ;
#3198 = CARTESIAN_POINT ( 'NONE',  ( 265.3990106855859494, 210.4782842208930163, -3.500000000000000000 ) ) ;
#3199 = DIRECTION ( 'NONE',  ( 0.000000000000000000, 0.000000000000000000, -1.000000000000000000 ) ) ;
#3200 = DIRECTION ( 'NONE',  ( -1.000000000000000000, 0.000000000000000000, 0.000000000000000000 ) ) ;
#3201 = ORIENTED_EDGE ( 'NONE', *, *, #958, .T. ) ;
#3202 = VERTEX_POINT ( 'NONE', #3938 ) ;
#3203 = CARTESIAN_POINT ( 'NONE',  ( 257.4019928075907728, 145.6194142555692395, -25.00000000000000000 ) ) ;
#3204 = DIRECTION ( 'NONE',  ( 6.055761952501032283E-14, -1.000000000000000000, 0.000000000000000000 ) ) ;
#3205 = LINE ( 'NONE', #4276, #2465 ) ;
#3206 = ORIENTED_EDGE ( 'NONE', *, *, #3308, .F. ) ;
#3207 = ORIENTED_EDGE ( 'NONE', *, *, #4155, .F. ) ;
#3208 = DIRECTION ( 'NONE',  ( 1.000000000000000000, 0.000000000000000000, 0.000000000000000000 ) ) ;
#3209 = AXIS2_PLACEMENT_3D ( 'NONE', #69, #3195, #1819 ) ;
#3210 = VECTOR ( 'NONE', #406, 1000.000000000000000 ) ;
#3211 = ORIENTED_EDGE ( 'NONE', *, *, #4051, .T. ) ;
#3212 = VERTEX_POINT ( 'NONE', #3198 ) ;
#3213 = CARTESIAN_POINT ( 'NONE',  ( 302.1107480183820257, 125.8783019966479912, 0.000000000000000000 ) ) ;
#3214 = AXIS2_PLACEMENT_3D ( 'NONE', #3795, #330, #1687 ) ;
#3215 = AXIS2_PLACEMENT_3D ( 'NONE', #3620, #576, #626 ) ;
#3216 = DIRECTION ( 'NONE',  ( 0.000000000000000000, 1.000000000000000000, 0.000000000000000000 ) ) ;
#3217 = AXIS2_PLACEMENT_3D ( 'NONE', #2486, #1824, #4134 ) ;
#3218 = CARTESIAN_POINT ( 'NONE',  ( 257.4019928075900339, 128.1782842209040041, -25.00000000000000000 ) ) ;
#3219 = FACE_OUTER_BOUND ( 'NONE', #2825, .T. ) ;
#3220 = VECTOR ( 'NONE', #1648, 1000.000000000000000 ) ;
#3221 = DIRECTION ( 'NONE',  ( -3.975689676461903619E-07, 0.9999999999999208411, 0.000000000000000000 ) ) ;
#3222 = VERTEX_POINT ( 'NONE', #1578 ) ;
#3223 = ORIENTED_EDGE ( 'NONE', *, *, #2717, .T. ) ;
#3224 = DIRECTION ( 'NONE',  ( 0.000000000000000000, 0.000000000000000000, 1.000000000000000000 ) ) ;
#3225 = EDGE_CURVE ( 'NONE', #17, #2310, #573, .T. ) ;
#3226 = LINE ( 'NONE', #2187, #3147 ) ;
#3227 = FACE_OUTER_BOUND ( 'NONE', #2757, .T. ) ;
#3228 = ORIENTED_EDGE ( 'NONE', *, *, #3724, .F. ) ;
#3229 = VERTEX_POINT ( 'NONE', #3218 ) ;
#3230 = EDGE_CURVE ( 'NONE', #2008, #4024, #1100, .T. ) ;
#3231 = AXIS2_PLACEMENT_3D ( 'NONE', #2120, #4121, #763 ) ;
#3232 = CARTESIAN_POINT ( 'NONE',  ( 265.3990014167189884, 197.3783098338300022, -3.500000000000000000 ) ) ;
#3233 = VERTEX_POINT ( 'NONE', #4295 ) ;
#3234 = VERTEX_POINT ( 'NONE', #1247 ) ;
#3235 = AXIS2_PLACEMENT_3D ( 'NONE', #4101, #2389, #1717 ) ;
#3236 = CARTESIAN_POINT ( 'NONE',  ( 254.5977337495919812, 123.1782831069699853, 0.000000000000000000 ) ) ;
#3237 = VECTOR ( 'NONE', #96, 1000.000000000000000 ) ;
#3238 = EDGE_CURVE ( 'NONE', #370, #1067, #2868, .T. ) ;
#3239 = ORIENTED_EDGE ( 'NONE', *, *, #3950, .T. ) ;
#3240 = VERTEX_POINT ( 'NONE', #274 ) ;
#3241 = DIRECTION ( 'NONE',  ( 1.000000000000000000, 0.000000000000000000, 0.000000000000000000 ) ) ;
#3242 = DIRECTION ( 'NONE',  ( 1.490740975259139494E-12, -1.000000000000000000, 0.000000000000000000 ) ) ;
#3243 = DIRECTION ( 'NONE',  ( 0.000000000000000000, 0.000000000000000000, -1.000000000000000000 ) ) ;
#3244 = ORIENTED_EDGE ( 'NONE', *, *, #3772, .F. ) ;
#3245 = EDGE_CURVE ( 'NONE', #204, #990, #1604, .T. ) ;
#3246 = ORIENTED_EDGE ( 'NONE', *, *, #891, .F. ) ;
#3247 = EDGE_CURVE ( 'NONE', #566, #2893, #4014, .T. ) ;
#3248 = CARTESIAN_POINT ( 'NONE',  ( 341.7959928075899825, 208.1782842209040041, -25.00000000000000000 ) ) ;
#3249 = FACE_OUTER_BOUND ( 'NONE', #2218, .T. ) ;
#3250 = LINE ( 'NONE', #169, #3385 ) ;
#3251 = ORIENTED_EDGE ( 'NONE', *, *, #2966, .T. ) ;
#3252 = ORIENTED_EDGE ( 'NONE', *, *, #166, .T. ) ;
#3253 = CARTESIAN_POINT ( 'NONE',  ( 341.9026938479009914, 205.4782862087400019, -5.000000000000000000 ) ) ;
#3254 = ORIENTED_EDGE ( 'NONE', *, *, #1470, .T. ) ;
#3255 = EDGE_CURVE ( 'NONE', #2756, #566, #3364, .T. ) ;
#3256 = ORIENTED_EDGE ( 'NONE', *, *, #221, .T. ) ;
#3257 = ADVANCED_FACE ( 'NONE', ( #1631 ), #4339, .F. ) ;
#3258 = LINE ( 'NONE', #2990, #3296 ) ;
#3259 = DIRECTION ( 'NONE',  ( 0.000000000000000000, 0.000000000000000000, -1.000000000000000000 ) ) ;
#3260 = ORIENTED_EDGE ( 'NONE', *, *, #1606, .F. ) ;
#3261 = ORIENTED_EDGE ( 'NONE', *, *, #4224, .T. ) ;
#3262 = CARTESIAN_POINT ( 'NONE',  ( 304.7989928075899684, 213.1782842209040041, -43.20000000000000284 ) ) ;
#3263 = CARTESIAN_POINT ( 'NONE',  ( 344.6026907865820021, 213.1782842209040041, -5.000000000000000000 ) ) ;
#3264 = CARTESIAN_POINT ( 'NONE',  ( 289.3989928075899911, 213.1782761104963129, -25.00000000000000000 ) ) ;
#3265 = EDGE_LOOP ( 'NONE', ( #170, #3858 ) ) ;
#3266 = VERTEX_POINT ( 'NONE', #1291 ) ;
#3267 = FACE_OUTER_BOUND ( 'NONE', #2325, .T. ) ;
#3268 = EDGE_CURVE ( 'NONE', #1097, #1675, #1610, .T. ) ;
#3269 = DIRECTION ( 'NONE',  ( -1.000000000000000000, -1.561200377065809910E-14, 0.000000000000000000 ) ) ;
#3270 = DIRECTION ( 'NONE',  ( 0.7071067811865763275, 0.000000000000000000, -0.7071067811865187069 ) ) ;
#3271 = VERTEX_POINT ( 'NONE', #623 ) ;
#3272 = ORIENTED_EDGE ( 'NONE', *, *, #1126, .T. ) ;
#3273 = LINE ( 'NONE', #3975, #3382 ) ;
#3274 = ORIENTED_EDGE ( 'NONE', *, *, #3524, .F. ) ;
#3275 = VERTEX_POINT ( 'NONE', #3705 ) ;
#3276 = DIRECTION ( 'NONE',  ( 0.000000000000000000, 0.000000000000000000, 1.000000000000000000 ) ) ;
#3277 = DIRECTION ( 'NONE',  ( -1.000000000000000000, 0.000000000000000000, 0.000000000000000000 ) ) ;
#3278 = CIRCLE ( 'NONE', #3852, 5.000000000000004441 ) ;
#3279 = VECTOR ( 'NONE', #2777, 1000.000000000000227 ) ;
#3280 = VECTOR ( 'NONE', #2066, 1000.000000000000000 ) ;
#3281 = VERTEX_POINT ( 'NONE', #661 ) ;
#3282 = ORIENTED_EDGE ( 'NONE', *, *, #4080, .T. ) ;
#3283 = DIRECTION ( 'NONE',  ( 1.000000000000000000, 0.000000000000000000, 0.000000000000000000 ) ) ;
#3284 = EDGE_CURVE ( 'NONE', #2550, #2596, #2642, .T. ) ;
#3285 = CARTESIAN_POINT ( 'NONE',  ( 343.1382262686623790, 211.7138185385331042, -5.000000000000000000 ) ) ;
#3286 = AXIS2_PLACEMENT_3D ( 'NONE', #460, #149, #1527 ) ;
#3287 = AXIS2_PLACEMENT_3D ( 'NONE', #1890, #4226, #2598 ) ;
#3288 = CIRCLE ( 'NONE', #2225, 1.480499935150147994 ) ;
#3289 = LINE ( 'NONE', #3671, #954 ) ;
#3290 = ORIENTED_EDGE ( 'NONE', *, *, #748, .F. ) ;
#3291 = ORIENTED_EDGE ( 'NONE', *, *, #2162, .T. ) ;
#3292 = DIRECTION ( 'NONE',  ( 0.000000000000000000, 0.000000000000000000, -1.000000000000000000 ) ) ;
#3293 = DIRECTION ( 'NONE',  ( 0.000000000000000000, 0.000000000000000000, -1.000000000000000000 ) ) ;
#3294 = ADVANCED_FACE ( 'NONE', ( #2380, #4004 ), #3331, .T. ) ;
#3295 = AXIS2_PLACEMENT_3D ( 'NONE', #4359, #2670, #4026 ) ;
#3296 = VECTOR ( 'NONE', #218, 1000.000000000000000 ) ;
#3297 = EDGE_CURVE ( 'NONE', #1148, #1307, #965, .T. ) ;
#3298 = VECTOR ( 'NONE', #3827, 1000.000000000000114 ) ;
#3299 = CARTESIAN_POINT ( 'NONE',  ( 262.2977337495020151, 205.4782842208930163, 0.000000000000000000 ) ) ;
#3300 = ORIENTED_EDGE ( 'NONE', *, *, #815, .F. ) ;
#3301 = ORIENTED_EDGE ( 'NONE', *, *, #3568, .F. ) ;
#3302 = PLANE ( 'NONE',  #2461 ) ;
#3303 = EDGE_LOOP ( 'NONE', ( #1549, #2847, #3034, #993 ) ) ;
#3304 = ORIENTED_EDGE ( 'NONE', *, *, #427, .T. ) ;
#3305 = EDGE_CURVE ( 'NONE', #2861, #2210, #601, .T. ) ;
#3306 = CARTESIAN_POINT ( 'NONE',  ( 299.6002301586469798, 168.1782836639370089, 0.000000000000000000 ) ) ;
#3307 = CARTESIAN_POINT ( 'NONE',  ( 320.7514763754149385, 133.1782848660099887, -5.000000000000000000 ) ) ;
#3308 = EDGE_CURVE ( 'NONE', #1119, #1882, #530, .T. ) ;
#3309 = ORIENTED_EDGE ( 'NONE', *, *, #2387, .T. ) ;
#3310 = ORIENTED_EDGE ( 'NONE', *, *, #2330, .F. ) ;
#3311 = DIRECTION ( 'NONE',  ( 0.000000000000000000, 0.000000000000000000, -1.000000000000000000 ) ) ;
#3312 = PLANE ( 'NONE',  #2288 ) ;
#3313 = VECTOR ( 'NONE', #2183, 1000.000000000000000 ) ;
#3314 = ADVANCED_FACE ( 'NONE', ( #337 ), #2954, .T. ) ;
#3315 = EDGE_LOOP ( 'NONE', ( #3848, #1984, #1516, #981 ) ) ;
#3316 = LINE ( 'NONE', #896, #3027 ) ;
#3317 = ORIENTED_EDGE ( 'NONE', *, *, #362, .F. ) ;
#3318 = EDGE_CURVE ( 'NONE', #4018, #2618, #3983, .T. ) ;
#3319 = CARTESIAN_POINT ( 'NONE',  ( 299.6002301586469798, 168.1782836639370089, -22.00000000000000000 ) ) ;
#3320 = EDGE_CURVE ( 'NONE', #1680, #4305, #3346, .T. ) ;
#3321 = FACE_OUTER_BOUND ( 'NONE', #2171, .T. ) ;
#3322 = DIRECTION ( 'NONE',  ( -0.9999999999999208411, -3.975690058524630865E-07, 0.000000000000000000 ) ) ;
#3323 = ORIENTED_EDGE ( 'NONE', *, *, #2668, .T. ) ;
#3324 = LINE ( 'NONE', #1326, #1685 ) ;
#3325 = VERTEX_POINT ( 'NONE', #1670 ) ;
#3326 = ORIENTED_EDGE ( 'NONE', *, *, #1035, .F. ) ;
#3327 = CARTESIAN_POINT ( 'NONE',  ( 341.8989928075779972, 128.4851041553519906, -5.000000000000000000 ) ) ;
#3328 = ORIENTED_EDGE ( 'NONE', *, *, #212, .T. ) ;
#3329 = ORIENTED_EDGE ( 'NONE', *, *, #903, .T. ) ;
#3330 = CARTESIAN_POINT ( 'NONE',  ( 341.9027225921830109, 133.1782848660099887, -5.000000000000000000 ) ) ;
#3331 = PLANE ( 'NONE',  #4152 ) ;
#3332 = DIRECTION ( 'NONE',  ( 0.000000000000000000, 0.000000000000000000, 1.000000000000000000 ) ) ;
#3333 = CARTESIAN_POINT ( 'NONE',  ( 339.1527254944259653, 125.8783167233890055, -3.500000000000000000 ) ) ;
#3334 = EDGE_LOOP ( 'NONE', ( #2620, #1923, #1151, #1258 ) ) ;
#3335 = FACE_OUTER_BOUND ( 'NONE', #1408, .T. ) ;
#3336 = CARTESIAN_POINT ( 'NONE',  ( 295.4872037549939705, 123.1782993633560039, 0.000000000000000000 ) ) ;
#3337 = ORIENTED_EDGE ( 'NONE', *, *, #147, .F. ) ;
#3338 = CARTESIAN_POINT ( 'NONE',  ( 289.7990285887940445, 123.1782971019139978, -22.00000000000000000 ) ) ;
#3339 = VERTEX_POINT ( 'NONE', #2286 ) ;
#3340 = VERTEX_POINT ( 'NONE', #2707 ) ;
#3341 = DIRECTION ( 'NONE',  ( 0.000000000000000000, 0.000000000000000000, 1.000000000000000000 ) ) ;
#3342 = CALENDAR_DATE ( 2025, 4, 9 ) ;
#3343 = EDGE_CURVE ( 'NONE', #2893, #4229, #3018, .T. ) ;
#3344 = VERTEX_POINT ( 'NONE', #4065 ) ;
#3345 = DIRECTION ( 'NONE',  ( 0.000000000000000000, 0.000000000000000000, -1.000000000000000000 ) ) ;
#3346 = LINE ( 'NONE', #2622, #739 ) ;
#3347 = DIRECTION ( 'NONE',  ( 0.000000000000000000, 0.000000000000000000, -1.000000000000000000 ) ) ;
#3348 = LINE ( 'NONE', #3044, #3717 ) ;
#3349 = VECTOR ( 'NONE', #3527, 1000.000000000000000 ) ;
#3350 = LINE ( 'NONE', #1674, #2438 ) ;
#3351 = ORIENTED_EDGE ( 'NONE', *, *, #3031, .F. ) ;
#3352 = CIRCLE ( 'NONE', #1657, 4.999999999999983125 ) ;
#3353 = DIRECTION ( 'NONE',  ( 0.000000000000000000, -1.000000000000000000, 0.000000000000000000 ) ) ;
#3354 = FACE_OUTER_BOUND ( 'NONE', #545, .T. ) ;
#3355 = AXIS2_PLACEMENT_3D ( 'NONE', #751, #2113, #3457 ) ;
#3356 = EDGE_CURVE ( 'NONE', #246, #1978, #2798, .T. ) ;
#3357 = AXIS2_PLACEMENT_3D ( 'NONE', #4190, #837, #1496 ) ;
#3358 = AXIS2_PLACEMENT_3D ( 'NONE', #1849, #1206, #4207 ) ;
#3359 = DIRECTION ( 'NONE',  ( 0.000000000000000000, 1.000000000000000000, 0.000000000000000000 ) ) ;
#3360 = EDGE_LOOP ( 'NONE', ( #1193, #1598, #4040, #3014 ) ) ;
#3361 = ADVANCED_FACE ( 'NONE', ( #4316, #1269 ), #2092, .F. ) ;
#3362 = VECTOR ( 'NONE', #3400, 1000.000000000000227 ) ;
#3363 = CIRCLE ( 'NONE', #2301, 2.000000000000029310 ) ;
#3364 = CIRCLE ( 'NONE', #1032, 2.749999999999919176 ) ;
#3365 = LINE ( 'NONE', #2967, #4171 ) ;
#3366 = ADVANCED_FACE ( 'NONE', ( #48 ), #3437, .F. ) ;
#3367 = ORIENTED_EDGE ( 'NONE', *, *, #3773, .T. ) ;
#3368 = VERTEX_POINT ( 'NONE', #3411 ) ;
#3369 = EDGE_CURVE ( 'NONE', #1655, #2634, #1312, .T. ) ;
#3370 = CARTESIAN_POINT ( 'NONE',  ( 341.8989928075779972, 131.5792914133139675, -3.500000000000000000 ) ) ;
#3371 = DIRECTION ( 'NONE',  ( 3.975690035241859844E-07, -0.9999999999999208411, 0.000000000000000000 ) ) ;
#3372 = PERSON_AND_ORGANIZATION ( #855, #877 ) ;
#3373 = EDGE_LOOP ( 'NONE', ( #4247, #1328, #680, #2614 ) ) ;
#3374 = DIRECTION ( 'NONE',  ( 0.000000000000000000, 0.000000000000000000, 1.000000000000000000 ) ) ;
#3375 = CARTESIAN_POINT ( 'NONE',  ( 339.1526929533699786, 207.7282842208930163, -22.00000000000000000 ) ) ;
#3376 = DIRECTION ( 'NONE',  ( 3.975695861249959766E-07, -0.9999999999999208411, 0.000000000000000000 ) ) ;
#3377 = CARTESIAN_POINT ( 'NONE',  ( 304.7990185291079683, 145.6782943981300207, -17.00000000000000000 ) ) ;
#3378 = CARTESIAN_POINT ( 'NONE',  ( 264.5989928075869670, 125.8782870831380052, -5.000000000000000000 ) ) ;
#3379 = ORIENTED_EDGE ( 'NONE', *, *, #616, .T. ) ;
#3380 = CARTESIAN_POINT ( 'NONE',  ( 329.5989950341020176, 129.5792914133149907, -5.000000000000000000 ) ) ;
#3381 = AXIS2_PLACEMENT_3D ( 'NONE', #2139, #3183, #4202 ) ;
#3382 = VECTOR ( 'NONE', #2278, 1000.000000000000000 ) ;
#3383 = LINE ( 'NONE', #1323, #753 ) ;
#3384 = ORIENTED_EDGE ( 'NONE', *, *, #3926, .F. ) ;
#3385 = VECTOR ( 'NONE', #2559, 1000.000000000000227 ) ;
#3386 = DIRECTION ( 'NONE',  ( 2.220446049250280517E-13, 1.000000000000000000, 0.000000000000000000 ) ) ;
#3387 = CARTESIAN_POINT ( 'NONE',  ( 341.7959928075899825, 128.1782842209209718, -25.00000000000000000 ) ) ;
#3388 = VERTEX_POINT ( 'NONE', #1465 ) ;
#3389 = ORIENTED_EDGE ( 'NONE', *, *, #1076, .F. ) ;
#3390 = DIRECTION ( 'NONE',  ( -1.000000000000000000, -7.719006236299344607E-12, 0.000000000000000000 ) ) ;
#3391 = DIRECTION ( 'NONE',  ( 1.000000000000000000, 0.000000000000000000, 0.000000000000000000 ) ) ;
#3392 = DIRECTION ( 'NONE',  ( -1.000000000000000000, -7.719006236299344607E-12, 0.000000000000000000 ) ) ;
#3393 = EDGE_CURVE ( 'NONE', #2266, #583, #3867, .T. ) ;
#3394 = ORIENTED_EDGE ( 'NONE', *, *, #2797, .F. ) ;
#3395 = CARTESIAN_POINT ( 'NONE',  ( 333.7740057619930099, 204.3780000000000143, -5.000000000000000000 ) ) ;
#3396 = CARTESIAN_POINT ( 'NONE',  ( 306.2634589016572590, 213.1782842209040041, -20.53553390593273065 ) ) ;
#3397 = CARTESIAN_POINT ( 'NONE',  ( 256.0621998435847217, 211.7138181268352355, 0.000000000000000000 ) ) ;
#3398 = DIRECTION ( 'NONE',  ( 1.000000000000000000, 0.000000000000000000, 0.000000000000000000 ) ) ;
#3399 = ORIENTED_EDGE ( 'NONE', *, *, #287, .F. ) ;
#3400 = DIRECTION ( 'NONE',  ( 3.975690058524619219E-07, -0.9999999999999208411, 0.000000000000000000 ) ) ;
#3401 = DIRECTION ( 'NONE',  ( -8.609409375067459859E-13, 1.000000000000000000, 0.000000000000000000 ) ) ;
#3402 = ORIENTED_EDGE ( 'NONE', *, *, #2608, .F. ) ;
#3403 = EDGE_CURVE ( 'NONE', #3655, #4310, #401, .T. ) ;
#3404 = CARTESIAN_POINT ( 'NONE',  ( 341.7959928075899825, 128.1782842209209718, -22.00000000000000000 ) ) ;
#3405 = CARTESIAN_POINT ( 'NONE',  ( 334.2039745797910086, 128.6332666870839887, -5.000000000000000000 ) ) ;
#3406 = ORIENTED_EDGE ( 'NONE', *, *, #960, .F. ) ;
#3407 = ORIENTED_EDGE ( 'NONE', *, *, #156, .F. ) ;
#3408 = CARTESIAN_POINT ( 'NONE',  ( 277.0989819541150041, 133.1783062885320135, -5.000000000000000000 ) ) ;
#3409 = DIRECTION ( 'NONE',  ( 0.000000000000000000, 0.000000000000000000, -1.000000000000000000 ) ) ;
#3410 = DIRECTION ( 'NONE',  ( -9.237055564880779875E-14, -1.000000000000000000, 0.000000000000000000 ) ) ;
#3411 = CARTESIAN_POINT ( 'NONE',  ( 341.9026938479009914, 205.4782862087400019, 0.000000000000000000 ) ) ;
#3412 = DIRECTION ( 'NONE',  ( 0.9999999999999208411, 3.975690065781679344E-07, 0.000000000000000000 ) ) ;
#3413 = CARTESIAN_POINT ( 'NONE',  ( 317.0996156249850060, 125.8783155986120050, -5.000000000000000000 ) ) ;
#3414 = DIRECTION ( 'NONE',  ( 0.000000000000000000, 0.000000000000000000, 1.000000000000000000 ) ) ;
#3415 = ORIENTED_EDGE ( 'NONE', *, *, #2314, .T. ) ;
#3416 = ADVANCED_FACE ( 'NONE', ( #1063 ), #3456, .F. ) ;
#3417 = LINE ( 'NONE', #118, #1518 ) ;
#3418 = CIRCLE ( 'NONE', #376, 2.000000000000057288 ) ;
#3419 = VECTOR ( 'NONE', #1517, 1000.000000000000000 ) ;
#3420 = FACE_OUTER_BOUND ( 'NONE', #3601, .T. ) ;
#3421 = EDGE_LOOP ( 'NONE', ( #1554, #3184, #1628, #929, #3261, #2236, #4261 ) ) ;
#3422 = ORIENTED_EDGE ( 'NONE', *, *, #2198, .T. ) ;
#3423 = PLANE ( 'NONE',  #2574 ) ;
#3424 = VECTOR ( 'NONE', #3371, 1000.000000000000114 ) ;
#3425 = AXIS2_PLACEMENT_3D ( 'NONE', #343, #5, #2405 ) ;
#3426 = DIRECTION ( 'NONE',  ( 1.000000000000000000, 0.000000000000000000, 0.000000000000000000 ) ) ;
#3427 = EDGE_CURVE ( 'NONE', #1503, #1934, #323, .T. ) ;
#3428 = VECTOR ( 'NONE', #443, 1000.000000000000000 ) ;
#3429 = CARTESIAN_POINT ( 'NONE',  ( 339.6026950606139962, 208.1782840503429952, -22.00000000000000000 ) ) ;
#3430 = VERTEX_POINT ( 'NONE', #3123 ) ;
#3431 = VECTOR ( 'NONE', #2411, 1000.000000000000000 ) ;
#3432 = EDGE_LOOP ( 'NONE', ( #2605, #3201, #1750, #2883, #1384, #3223, #817 ) ) ;
#3433 = CARTESIAN_POINT ( 'NONE',  ( 294.3989928075900480, 213.1782842209040041, -17.00000000000000000 ) ) ;
#3434 = AXIS2_PLACEMENT_3D ( 'NONE', #417, #2786, #1415 ) ;
#3435 = ADVANCED_FACE ( 'NONE', ( #22 ), #2402, .T. ) ;
#3436 = CIRCLE ( 'NONE', #3082, 2.196999999999948994 ) ;
#3437 = CYLINDRICAL_SURFACE ( 'NONE', #40, 3.374900000006619827 ) ;
#3438 = CARTESIAN_POINT ( 'NONE',  ( 303.7108176413900082, 213.1782842209040041, 0.000000000000000000 ) ) ;
#3439 = DIRECTION ( 'NONE',  ( 0.000000000000000000, 0.000000000000000000, -1.000000000000000000 ) ) ;
#3440 = CARTESIAN_POINT ( 'NONE',  ( 344.6026947622719945, 203.1782838797809916, -22.00000000000000000 ) ) ;
#3441 = DIRECTION ( 'NONE',  ( 0.000000000000000000, 0.000000000000000000, -1.000000000000000000 ) ) ;
#3442 = DIRECTION ( 'NONE',  ( 0.000000000000000000, 0.000000000000000000, 1.000000000000000000 ) ) ;
#3443 = EDGE_CURVE ( 'NONE', #3850, #1034, #2790, .T. ) ;
#3444 = ADVANCED_FACE ( 'NONE', ( #3083 ), #3472, .T. ) ;
#3445 = FACE_OUTER_BOUND ( 'NONE', #1904, .T. ) ;
#3446 = ORIENTED_EDGE ( 'NONE', *, *, #84, .F. ) ;
#3447 = EDGE_CURVE ( 'NONE', #994, #3325, #1796, .T. ) ;
#3448 = ORIENTED_EDGE ( 'NONE', *, *, #3823, .T. ) ;
#3449 = FACE_OUTER_BOUND ( 'NONE', #4174, .T. ) ;
#3450 = CARTESIAN_POINT ( 'NONE',  ( 254.5977337495880022, 145.6194142555692679, -25.00000000000000000 ) ) ;
#3451 = VECTOR ( 'NONE', #4270, 1000.000000000000000 ) ;
#3452 = LINE ( 'NONE', #3488, #4318 ) ;
#3453 = ORIENTED_EDGE ( 'NONE', *, *, #2327, .F. ) ;
#3454 = ORIENTED_EDGE ( 'NONE', *, *, #1875, .F. ) ;
#3455 = CARTESIAN_POINT ( 'NONE',  ( 257.4019928075900339, 128.1782842209040041, -22.00000000000000000 ) ) ;
#3456 = CYLINDRICAL_SURFACE ( 'NONE', #3651, 2.749999999999974687 ) ;
#3457 = DIRECTION ( 'NONE',  ( -1.000000000000000000, 0.000000000000000000, 0.000000000000000000 ) ) ;
#3458 = ADVANCED_FACE ( 'NONE', ( #1772 ), #377, .T. ) ;
#3459 = DIRECTION ( 'NONE',  ( 0.000000000000000000, 0.000000000000000000, 1.000000000000000000 ) ) ;
#3460 = CARTESIAN_POINT ( 'NONE',  ( 254.5977337495919812, 123.1782831069699853, 0.000000000000000000 ) ) ;
#3461 = DIRECTION ( 'NONE',  ( 1.000000000000000000, 0.000000000000000000, 0.000000000000000000 ) ) ;
#3462 = PLANE ( 'NONE',  #3217 ) ;
#3463 = CARTESIAN_POINT ( 'NONE',  ( 341.7959928075899825, 191.7225491000616557, -22.00000000000000355 ) ) ;
#3464 = CYLINDRICAL_SURFACE ( 'NONE', #2242, 5.000000000000004441 ) ;
#3465 = EDGE_LOOP ( 'NONE', ( #335, #3832, #4375, #3260 ) ) ;
#3466 = DIRECTION ( 'NONE',  ( 0.000000000000000000, 0.000000000000000000, -1.000000000000000000 ) ) ;
#3467 = CARTESIAN_POINT ( 'NONE',  ( 339.1526929533699786, 207.7282842208930163, -5.000000000000000000 ) ) ;
#3468 = DIRECTION ( 'NONE',  ( 0.000000000000000000, 1.000000000000000000, 0.000000000000000000 ) ) ;
#3469 = ORIENTED_EDGE ( 'NONE', *, *, #1414, .T. ) ;
#3470 = VERTEX_POINT ( 'NONE', #2420 ) ;
#3471 = LINE ( 'NONE', #4194, #105 ) ;
#3472 = PLANE ( 'NONE',  #4371 ) ;
#3473 = CYLINDRICAL_SURFACE ( 'NONE', #27, 3.374900000006609169 ) ;
#3474 = DIRECTION ( 'NONE',  ( -1.000000000000000000, -7.719006236299344607E-12, 0.000000000000000000 ) ) ;
#3475 = DIRECTION ( 'NONE',  ( 1.000000000000000000, 0.000000000000000000, 0.000000000000000000 ) ) ;
#3476 = DIRECTION ( 'NONE',  ( -3.975689676461903619E-07, 0.9999999999999208411, 0.000000000000000000 ) ) ;
#3477 = CARTESIAN_POINT ( 'NONE',  ( 309.7989928075899684, 213.1782842209040041, -22.00000000000000000 ) ) ;
#3478 = CARTESIAN_POINT ( 'NONE',  ( 259.5989928075869670, 125.9812842209039871, -22.00000000000000000 ) ) ;
#3479 = EDGE_CURVE ( 'NONE', #2004, #1232, #3799, .T. ) ;
#3480 = VERTEX_POINT ( 'NONE', #2068 ) ;
#3481 = ADVANCED_FACE ( 'NONE', ( #2766 ), #4130, .F. ) ;
#3482 = DIRECTION ( 'NONE',  ( -3.068063123707828229E-06, -0.9999999999952934315, 0.000000000000000000 ) ) ;
#3483 = AXIS2_PLACEMENT_3D ( 'NONE', #2909, #3961, #3242 ) ;
#3484 = DIRECTION ( 'NONE',  ( 0.000000000000000000, 0.000000000000000000, -1.000000000000000000 ) ) ;
#3485 = CIRCLE ( 'NONE', #3927, 3.374900000006609169 ) ;
#3486 = VECTOR ( 'NONE', #3592, 1000.000000000000000 ) ;
#3487 = ADVANCED_FACE ( 'NONE', ( #774 ), #725, .T. ) ;
#3488 = CARTESIAN_POINT ( 'NONE',  ( 344.6026907865820021, 213.1782842209040041, 0.000000000000000000 ) ) ;
#3489 = ORIENTED_EDGE ( 'NONE', *, *, #866, .T. ) ;
#3490 = ORIENTED_EDGE ( 'NONE', *, *, #358, .T. ) ;
#3491 = VECTOR ( 'NONE', #3856, 1000.000000000000000 ) ;
#3492 = DIRECTION ( 'NONE',  ( 0.7071067811864867325, 2.811237409527944668E-07, -0.7071067811865525687 ) ) ;
#3493 = APPROVAL_ROLE ( '' ) ;
#3494 = MANIFOLD_SOLID_BREP ( 'board_connector.stp<1>[2]', #1895 ) ;
#3495 = AXIS2_PLACEMENT_3D ( 'NONE', #3319, #3715, #278 ) ;
#3496 = EDGE_CURVE ( 'NONE', #4058, #1099, #3841, .T. ) ;
#3497 = CIRCLE ( 'NONE', #2934, 5.000000000000004441 ) ;
#3498 = EDGE_CURVE ( 'NONE', #3698, #3942, #3500, .T. ) ;
#3499 = ORIENTED_EDGE ( 'NONE', *, *, #4044, .F. ) ;
#3500 = LINE ( 'NONE', #463, #2378 ) ;
#3501 = DIRECTION ( 'NONE',  ( -0.9999999999999208411, -3.975690048800169588E-07, 0.000000000000000000 ) ) ;
#3502 = VECTOR ( 'NONE', #3311, 1000.000000000000000 ) ;
#3503 = VECTOR ( 'NONE', #4042, 1000.000000000000000 ) ;
#3504 = VECTOR ( 'NONE', #250, 1000.000000000000000 ) ;
#3505 = DIRECTION ( 'NONE',  ( 0.9999999999999209521, 3.975690056444250714E-07, 1.477771191271905417E-15 ) ) ;
#3506 = DIRECTION ( 'NONE',  ( 0.000000000000000000, 0.000000000000000000, 1.000000000000000000 ) ) ;
#3507 = LINE ( 'NONE', #407, #2583 ) ;
#3508 = DIRECTION ( 'NONE',  ( 0.000000000000000000, 0.000000000000000000, 1.000000000000000000 ) ) ;
#3509 = DIRECTION ( 'NONE',  ( 4.139084792366800091E-14, 1.000000000000000000, 0.000000000000000000 ) ) ;
#3510 = ORIENTED_EDGE ( 'NONE', *, *, #12, .T. ) ;
#3511 = ORIENTED_EDGE ( 'NONE', *, *, #4232, .T. ) ;
#3512 = CARTESIAN_POINT ( 'NONE',  ( 304.7990263600210028, 125.9813030654480031, -43.20000000000000284 ) ) ;
#3513 = DIRECTION ( 'NONE',  ( 0.000000000000000000, 0.000000000000000000, -1.000000000000000000 ) ) ;
#3514 = DIRECTION ( 'NONE',  ( -1.287858708565180375E-12, 1.000000000000000000, 0.000000000000000000 ) ) ;
#3515 = DIRECTION ( 'NONE',  ( 3.975690035102445103E-07, -0.9999999999999210631, -1.394155244808375950E-17 ) ) ;
#3516 = ORIENTED_EDGE ( 'NONE', *, *, #1553, .F. ) ;
#3517 = ORIENTED_EDGE ( 'NONE', *, *, #1843, .T. ) ;
#3518 = LINE ( 'NONE', #3380, #2094 ) ;
#3519 = EDGE_CURVE ( 'NONE', #4306, #2907, #4401, .T. ) ;
#3520 = VECTOR ( 'NONE', #754, 1000.000000000000227 ) ;
#3521 = VECTOR ( 'NONE', #3726, 1000.000000000000000 ) ;
#3522 = ORIENTED_EDGE ( 'NONE', *, *, #4382, .T. ) ;
#3523 = CARTESIAN_POINT ( 'NONE',  ( 291.1107495578100384, 125.8782976233900115, 0.000000000000000000 ) ) ;
#3524 = EDGE_CURVE ( 'NONE', #2656, #1039, #83, .T. ) ;
#3525 = DIRECTION ( 'NONE',  ( 0.000000000000000000, -1.000000000000000000, 0.000000000000000000 ) ) ;
#3526 = CARTESIAN_POINT ( 'NONE',  ( 299.6002301586469798, 168.1782836639370089, -5.000000000000000000 ) ) ;
#3527 = DIRECTION ( 'NONE',  ( 0.000000000000000000, 0.000000000000000000, -1.000000000000000000 ) ) ;
#3528 = DIRECTION ( 'NONE',  ( 3.975690058524619219E-07, -0.9999999999999208411, 0.000000000000000000 ) ) ;
#3529 = EDGE_LOOP ( 'NONE', ( #3402, #3194, #1482, #550, #3664, #905, #3691 ) ) ;
#3530 = CARTESIAN_POINT ( 'NONE',  ( 334.5989928075509852, 123.1783149129909987, -5.000000000000000000 ) ) ;
#3531 = EDGE_LOOP ( 'NONE', ( #4264, #1768, #3614, #764 ) ) ;
#3532 = ORIENTED_EDGE ( 'NONE', *, *, #470, .T. ) ;
#3533 = FACE_OUTER_BOUND ( 'NONE', #3757, .T. ) ;
#3534 = DIRECTION ( 'NONE',  ( -5.757630767489790149E-14, 1.000000000000000000, 0.000000000000000000 ) ) ;
#3535 = CARTESIAN_POINT ( 'NONE',  ( 339.1527254944259653, 125.8783167233890055, 0.000000000000000000 ) ) ;
#3536 = DIRECTION ( 'NONE',  ( 0.9999999999999208411, 3.975690048800169588E-07, 0.000000000000000000 ) ) ;
#3537 = VERTEX_POINT ( 'NONE', #3433 ) ;
#3538 = ORIENTED_EDGE ( 'NONE', *, *, #4348, .T. ) ;
#3539 = LINE ( 'NONE', #110, #2722 ) ;
#3540 = PLANE ( 'NONE',  #2604 ) ;
#3541 = VERTEX_POINT ( 'NONE', #3768 ) ;
#3542 = PLANE ( 'NONE',  #1865 ) ;
#3543 = DIRECTION ( 'NONE',  ( 0.000000000000000000, -1.000000000000000000, 0.000000000000000000 ) ) ;
#3544 = LINE ( 'NONE', #2928, #4078 ) ;
#3545 = DIRECTION ( 'NONE',  ( 0.000000000000000000, 0.000000000000000000, 1.000000000000000000 ) ) ;
#3546 = EDGE_CURVE ( 'NONE', #1569, #3777, #3153, .T. ) ;
#3547 = CARTESIAN_POINT ( 'NONE',  ( 341.7959928075900393, 191.7225491000616557, -22.00000000000000000 ) ) ;
#3548 = ORIENTED_EDGE ( 'NONE', *, *, #3915, .T. ) ;
#3549 = CARTESIAN_POINT ( 'NONE',  ( 262.2977337495020151, 210.4782842208930163, -5.000000000000000000 ) ) ;
#3550 = VERTEX_POINT ( 'NONE', #1707 ) ;
#3551 = ORIENTED_EDGE ( 'NONE', *, *, #3081, .F. ) ;
#3552 = CARTESIAN_POINT ( 'NONE',  ( 262.5990087599560070, 203.6783008473059908, -3.500000000000000000 ) ) ;
#3553 = PLANE ( 'NONE',  #385 ) ;
#3554 = LINE ( 'NONE', #1207, #1689 ) ;
#3555 = VERTEX_POINT ( 'NONE', #1770 ) ;
#3556 = VERTEX_POINT ( 'NONE', #3370 ) ;
#3557 = EDGE_CURVE ( 'NONE', #4306, #416, #2417, .T. ) ;
#3558 = VECTOR ( 'NONE', #3501, 1000.000000000000227 ) ;
#3559 = CIRCLE ( 'NONE', #24, 4.999999999999983125 ) ;
#3560 = ORIENTED_EDGE ( 'NONE', *, *, #4373, .F. ) ;
#3561 = ORIENTED_EDGE ( 'NONE', *, *, #3888, .T. ) ;
#3562 = VERTEX_POINT ( 'NONE', #3455 ) ;
#3563 = VECTOR ( 'NONE', #1194, 1000.000000000000000 ) ;
#3564 = LINE ( 'NONE', #3236, #1511 ) ;
#3565 = VECTOR ( 'NONE', #1980, 1000.000000000000227 ) ;
#3566 = AXIS2_PLACEMENT_3D ( 'NONE', #4258, #124, #3534 ) ;
#3567 = EDGE_CURVE ( 'NONE', #1493, #1148, #1349, .T. ) ;
#3568 = EDGE_CURVE ( 'NONE', #597, #1941, #816, .T. ) ;
#3569 = EDGE_LOOP ( 'NONE', ( #320, #1910, #1668, #1163 ) ) ;
#3570 = AXIS2_PLACEMENT_3D ( 'NONE', #773, #3819, #2131 ) ;
#3571 = VECTOR ( 'NONE', #4379, 1000.000000000000000 ) ;
#3572 = VERTEX_POINT ( 'NONE', #653 ) ;
#3573 = DIRECTION ( 'NONE',  ( 0.000000000000000000, 1.000000000000000000, 0.000000000000000000 ) ) ;
#3574 = CYLINDRICAL_SURFACE ( 'NONE', #1506, 5.000000000000001776 ) ;
#3575 = VECTOR ( 'NONE', #1998, 1000.000000000000000 ) ;
#3576 = DIRECTION ( 'NONE',  ( 0.000000000000000000, 0.000000000000000000, -1.000000000000000000 ) ) ;
#3577 = EDGE_LOOP ( 'NONE', ( #2151, #4346, #2362, #4150, #1402, #2546, #584, #2084, #2524, #1311, #197, #1368, #1915 ) ) ;
#3578 = ORIENTED_EDGE ( 'NONE', *, *, #1009, .F. ) ;
#3579 = CARTESIAN_POINT ( 'NONE',  ( 341.9026938479009914, 205.4782862087400019, -5.000000000000000000 ) ) ;
#3580 = EDGE_CURVE ( 'NONE', #459, #1139, #2042, .T. ) ;
#3581 = CARTESIAN_POINT ( 'NONE',  ( 254.5977337495879453, 191.7225491000616842, -25.00000000000000000 ) ) ;
#3582 = EDGE_CURVE ( 'NONE', #1014, #3340, #1951, .T. ) ;
#3583 = ADVANCED_FACE ( 'NONE', ( #1435 ), #4060, .F. ) ;
#3584 = CARTESIAN_POINT ( 'NONE',  ( 262.2989947549150429, 205.4795432788960170, -3.500000000000000000 ) ) ;
#3585 = ORIENTED_EDGE ( 'NONE', *, *, #166, .F. ) ;
#3586 = EDGE_LOOP ( 'NONE', ( #4063, #921, #2024, #397, #2947, #1921 ) ) ;
#3587 = CIRCLE ( 'NONE', #1043, 5.000000000000004441 ) ;
#3588 = VERTEX_POINT ( 'NONE', #2110 ) ;
#3589 = ORIENTED_EDGE ( 'NONE', *, *, #1332, .F. ) ;
#3590 = VERTEX_POINT ( 'NONE', #4086 ) ;
#3591 = VECTOR ( 'NONE', #3600, 1000.000000000000000 ) ;
#3592 = DIRECTION ( 'NONE',  ( 1.000000000000000000, -3.903000942678450537E-15, 0.000000000000000000 ) ) ;
#3593 = VECTOR ( 'NONE', #2613, 1000.000000000000000 ) ;
#3594 = EDGE_LOOP ( 'NONE', ( #531, #2705, #3522, #3053 ) ) ;
#3595 = EDGE_CURVE ( 'NONE', #1569, #1491, #3078, .T. ) ;
#3596 = VERTEX_POINT ( 'NONE', #4151 ) ;
#3597 = CARTESIAN_POINT ( 'NONE',  ( 336.8989928076139790, 205.4795432790280074, -5.000000000000000000 ) ) ;
#3598 = LINE ( 'NONE', #4296, #162 ) ;
#3599 = AXIS2_PLACEMENT_3D ( 'NONE', #518, #1899, #1547 ) ;
#3600 = DIRECTION ( 'NONE',  ( -1.000000000000000000, 2.631639762092139926E-14, 0.000000000000000000 ) ) ;
#3601 = EDGE_LOOP ( 'NONE', ( #2953, #3272, #3943, #2322 ) ) ;
#3602 = VERTEX_POINT ( 'NONE', #1371 ) ;
#3603 = DIRECTION ( 'NONE',  ( 0.000000000000000000, -1.000000000000000000, 0.000000000000000000 ) ) ;
#3604 = DIRECTION ( 'NONE',  ( 0.000000000000000000, 0.000000000000000000, 1.000000000000000000 ) ) ;
#3605 = DIRECTION ( 'NONE',  ( 0.7071066406246574454, 0.7071069217484095004, 0.000000000000000000 ) ) ;
#3606 = VERTEX_POINT ( 'NONE', #2747 ) ;
#3607 = ORIENTED_EDGE ( 'NONE', *, *, #3297, .T. ) ;
#3608 = EDGE_CURVE ( 'NONE', #3632, #3922, #2445, .T. ) ;
#3609 = ORIENTED_EDGE ( 'NONE', *, *, #523, .F. ) ;
#3610 = ORIENTED_EDGE ( 'NONE', *, *, #3121, .F. ) ;
#3611 = ORIENTED_EDGE ( 'NONE', *, *, #3625, .F. ) ;
#3612 = DIRECTION ( 'NONE',  ( 0.000000000000000000, 0.000000000000000000, -1.000000000000000000 ) ) ;
#3613 = CARTESIAN_POINT ( 'NONE',  ( 289.3989928075899911, 190.6782839424210181, -22.00000000000000000 ) ) ;
#3615 = EDGE_CURVE ( 'NONE', #4018, #2907, #4109, .T. ) ;
#3614 = ORIENTED_EDGE ( 'NONE', *, *, #3158, .T. ) ;
#3616 = ORIENTED_EDGE ( 'NONE', *, *, #4155, .T. ) ;
#3617 = EDGE_CURVE ( 'NONE', #328, #2874, #67, .T. ) ;
#3618 = DIRECTION ( 'NONE',  ( -0.9999999999999208411, -3.975690048800169588E-07, 0.000000000000000000 ) ) ;
#3619 = CYLINDRICAL_SURFACE ( 'NONE', #3483, 2.196999999999921016 ) ;
#3620 = CARTESIAN_POINT ( 'NONE',  ( 287.7989768893979772, 125.8782963067330058, 0.6497013181468069831 ) ) ;
#3621 = VERTEX_POINT ( 'NONE', #2399 ) ;
#3622 = ORIENTED_EDGE ( 'NONE', *, *, #1469, .T. ) ;
#3623 = DIRECTION ( 'NONE',  ( 3.068063123728438235E-06, 0.9999999999952934315, 0.000000000000000000 ) ) ;
#3624 = DIRECTION ( 'NONE',  ( 1.561200377065809910E-14, -1.000000000000000000, 0.000000000000000000 ) ) ;
#3625 = EDGE_CURVE ( 'NONE', #4118, #3240, #3436, .T. ) ;
#3626 = CARTESIAN_POINT ( 'NONE',  ( 299.6002391273613625, 145.6193963639784954, -22.00000000000000000 ) ) ;
#3627 = ORIENTED_EDGE ( 'NONE', *, *, #2426, .T. ) ;
#3628 = EDGE_LOOP ( 'NONE', ( #2555, #2887, #3001, #3017 ) ) ;
#3629 = ADVANCED_FACE ( 'NONE', ( #355 ), #3055, .F. ) ;
#3630 = EDGE_CURVE ( 'NONE', #2874, #3621, #1041, .T. ) ;
#3631 = ORIENTED_EDGE ( 'NONE', *, *, #960, .T. ) ;
#3632 = VERTEX_POINT ( 'NONE', #3477 ) ;
#3633 = ORIENTED_EDGE ( 'NONE', *, *, #959, .T. ) ;
#3634 = CARTESIAN_POINT ( 'NONE',  ( 344.6027265677790297, 123.1783188901650021, -22.00000000000000000 ) ) ;
#3635 = DIRECTION ( 'NONE',  ( 0.000000000000000000, -1.000000000000000000, 0.000000000000000000 ) ) ;
#3636 = VECTOR ( 'NONE', #86, 1000.000000000000000 ) ;
#3637 = EDGE_CURVE ( 'NONE', #4315, #449, #3157, .T. ) ;
#3638 = CIRCLE ( 'NONE', #2648, 1.405500125884973084 ) ;
#3639 = ADVANCED_FACE ( 'NONE', ( #1448 ), #1825, .F. ) ;
#3640 = ORIENTED_EDGE ( 'NONE', *, *, #1117, .F. ) ;
#3641 = ORIENTED_EDGE ( 'NONE', *, *, #2147, .T. ) ;
#3642 = DIRECTION ( 'NONE',  ( -0.000000000000000000, 1.000000000000000000, 0.000000000000000000 ) ) ;
#3643 = DIRECTION ( 'NONE',  ( 0.000000000000000000, 0.000000000000000000, 1.000000000000000000 ) ) ;
#3644 = CIRCLE ( 'NONE', #3214, 4.999999999999992895 ) ;
#3645 = AXIS2_PLACEMENT_3D ( 'NONE', #1695, #363, #665 ) ;
#3646 = VECTOR ( 'NONE', #3960, 1000.000000000000227 ) ;
#3647 = CARTESIAN_POINT ( 'NONE',  ( 260.0477337495220240, 128.6282870831379910, -5.000000000000000000 ) ) ;
#3648 = ORIENTED_EDGE ( 'NONE', *, *, #2462, .T. ) ;
#3649 = PLANE ( 'NONE',  #3495 ) ;
#3650 = CARTESIAN_POINT ( 'NONE',  ( 334.5990010913239985, 125.8783155986110103, -5.000000000000000000 ) ) ;
#3651 = AXIS2_PLACEMENT_3D ( 'NONE', #4090, #688, #2732 ) ;
#3652 = CIRCLE ( 'NONE', #1744, 2.749999999999919176 ) ;
#3653 = FACE_OUTER_BOUND ( 'NONE', #182, .T. ) ;
#3654 = VERTEX_POINT ( 'NONE', #3463 ) ;
#3655 = VERTEX_POINT ( 'NONE', #2118 ) ;
#3656 = PLANE ( 'NONE',  #2041 ) ;
#3657 = EDGE_LOOP ( 'NONE', ( #4385, #911 ) ) ;
#3658 = VERTEX_POINT ( 'NONE', #119 ) ;
#3659 = CC_DESIGN_PERSON_AND_ORGANIZATION_ASSIGNMENT ( #3796, #2460, ( #3710 ) ) ;
#3660 = CARTESIAN_POINT ( 'NONE',  ( 339.6026927744260320, 213.1782842209040041, 0.000000000000000000 ) ) ;
#3661 = CARTESIAN_POINT ( 'NONE',  ( 292.9345267135227573, 213.1782842209040041, -20.53553390593273775 ) ) ;
#3662 = LINE ( 'NONE', #2638, #587 ) ;
#3663 = AXIS2_PLACEMENT_3D ( 'NONE', #1344, #923, #2034 ) ;
#3664 = ORIENTED_EDGE ( 'NONE', *, *, #2336, .F. ) ;
#3665 = EDGE_LOOP ( 'NONE', ( #947, #3323, #3952, #1058 ) ) ;
#3666 = DIRECTION ( 'NONE',  ( 1.000000000000000000, 0.000000000000000000, 0.000000000000000000 ) ) ;
#3667 = DIRECTION ( 'NONE',  ( 0.000000000000000000, -1.000000000000000000, 0.000000000000000000 ) ) ;
#3668 = DIRECTION ( 'NONE',  ( 0.7071067811864867325, 2.811237409527944668E-07, -0.7071067811865525687 ) ) ;
#3669 = AXIS2_PLACEMENT_3D ( 'NONE', #2165, #3509, #472 ) ;
#3670 = VERTEX_POINT ( 'NONE', #1177 ) ;
#3671 = CARTESIAN_POINT ( 'NONE',  ( 309.7989928075899684, 190.6782839424210181, -22.00000000000000000 ) ) ;
#3672 = ORIENTED_EDGE ( 'NONE', *, *, #4197, .F. ) ;
#3673 = VECTOR ( 'NONE', #4219, 1000.000000000000114 ) ;
#3674 = DIRECTION ( 'NONE',  ( 0.000000000000000000, 0.000000000000000000, -1.000000000000000000 ) ) ;
#3675 = CYLINDRICAL_SURFACE ( 'NONE', #652, 2.000000000000057288 ) ;
#3676 = CARTESIAN_POINT ( 'NONE',  ( 335.7740057619919867, 192.3779999999999859, -5.000000000000000000 ) ) ;
#3677 = ORIENTED_EDGE ( 'NONE', *, *, #2125, .T. ) ;
#3678 = ADVANCED_FACE ( 'NONE', ( #2535, #3219 ), #1842, .T. ) ;
#3679 = CARTESIAN_POINT ( 'NONE',  ( 259.5989928075869670, 125.9812842209039871, -25.00000000000000000 ) ) ;
#3680 = ORIENTED_EDGE ( 'NONE', *, *, #866, .F. ) ;
#3681 = ORIENTED_EDGE ( 'NONE', *, *, #1105, .T. ) ;
#3682 = CARTESIAN_POINT ( 'NONE',  ( 335.7740057619919867, 206.3780000000000143, -3.500000000000000000 ) ) ;
#3683 = APPROVAL_ROLE ( '' ) ;
#3684 = VERTEX_POINT ( 'NONE', #1115 ) ;
#3685 = DIRECTION ( 'NONE',  ( 0.000000000000000000, -1.000000000000000000, 0.000000000000000000 ) ) ;
#3686 = CARTESIAN_POINT ( 'NONE',  ( 254.5977337495839947, 133.1783062885320135, -5.000000000000000000 ) ) ;
#3687 = CARTESIAN_POINT ( 'NONE',  ( 311.3990434335499344, 210.4782842208930163, 0.6497013181468039855 ) ) ;
#3688 = CYLINDRICAL_SURFACE ( 'NONE', #102, 4.999999999964366282 ) ;
#3689 = EDGE_CURVE ( 'NONE', #2184, #552, #1959, .T. ) ;
#3690 = CARTESIAN_POINT ( 'NONE',  ( 262.5990087599560070, 203.6783008473059908, -5.000000000000000000 ) ) ;
#3691 = ORIENTED_EDGE ( 'NONE', *, *, #3230, .F. ) ;
#3692 = CARTESIAN_POINT ( 'NONE',  ( 341.8989664093870715, 192.3779999999999859, -3.500000000000000000 ) ) ;
#3693 = FACE_BOUND ( 'NONE', #1741, .T. ) ;
#3694 = EDGE_CURVE ( 'NONE', #4126, #2004, #425, .T. ) ;
#3695 = DIRECTION ( 'NONE',  ( -3.975690058647769339E-07, 0.9999999999999208411, 0.000000000000000000 ) ) ;
#3696 = ORIENTED_EDGE ( 'NONE', *, *, #3427, .F. ) ;
#3697 = CARTESIAN_POINT ( 'NONE',  ( 308.0872707651380438, 213.1782842209040041, 0.000000000000000000 ) ) ;
#3698 = VERTEX_POINT ( 'NONE', #3846 ) ;
#3699 = ORIENTED_EDGE ( 'NONE', *, *, #3094, .T. ) ;
#3700 = DIRECTION ( 'NONE',  ( -0.7071067811865495711, 0.000000000000000000, -0.7071067811865453523 ) ) ;
#3701 = LINE ( 'NONE', #4403, #2152 ) ;
#3702 = EDGE_LOOP ( 'NONE', ( #839, #591, #1713, #1781 ) ) ;
#3703 = VECTOR ( 'NONE', #708, 1000.000000000000000 ) ;
#3704 = CARTESIAN_POINT ( 'NONE',  ( 264.5989320601009922, 190.6783376356160034, -5.000000000000000000 ) ) ;
#3705 = CARTESIAN_POINT ( 'NONE',  ( 333.7740057619919867, 194.3779999999999859, -3.500000000000000000 ) ) ;
#3706 = CARTESIAN_POINT ( 'NONE',  ( 257.2989947549160092, 205.4795412910509924, -5.000000000000000000 ) ) ;
#3707 = VECTOR ( 'NONE', #971, 1000.000000000000000 ) ;
#3708 = DIRECTION ( 'NONE',  ( -3.975690035241859844E-07, 0.9999999999999208411, 0.000000000000000000 ) ) ;
#3709 = EDGE_CURVE ( 'NONE', #2563, #2965, #781, .T. ) ;
#3710 = PRODUCT_DEFINITION_FORMATION_WITH_SPECIFIED_SOURCE ( 'ANY', '', #992, .NOT_KNOWN. ) ;
#3711 = LINE ( 'NONE', #1066, #3006 ) ;
#3712 = ORIENTED_EDGE ( 'NONE', *, *, #4028, .F. ) ;
#3713 = VECTOR ( 'NONE', #3482, 1000.000000000000114 ) ;
#3714 = DIRECTION ( 'NONE',  ( -0.9999999999999209521, -3.975690063360884592E-07, 0.000000000000000000 ) ) ;
#3715 = DIRECTION ( 'NONE',  ( 0.000000000000000000, 0.000000000000000000, -1.000000000000000000 ) ) ;
#3716 = VECTOR ( 'NONE', #3528, 1000.000000000000227 ) ;
#3717 = VECTOR ( 'NONE', #1589, 1000.000000000000000 ) ;
#3718 = FACE_OUTER_BOUND ( 'NONE', #3954, .T. ) ;
#3719 = ORIENTED_EDGE ( 'NONE', *, *, #3608, .T. ) ;
#3720 = AXIS2_PLACEMENT_3D ( 'NONE', #827, #1841, #2220 ) ;
#3721 = CIRCLE ( 'NONE', #4293, 5.000000000000007105 ) ;
#3722 = ADVANCED_FACE ( 'NONE', ( #444 ), #2802, .T. ) ;
#3723 = CARTESIAN_POINT ( 'NONE',  ( 304.7990263600289609, 125.9812842209039871, -13.50000000000000000 ) ) ;
#3724 = EDGE_CURVE ( 'NONE', #1203, #3838, #848, .T. ) ;
#3725 = AXIS2_PLACEMENT_3D ( 'NONE', #2064, #704, #746 ) ;
#3726 = DIRECTION ( 'NONE',  ( 0.000000000000000000, 0.000000000000000000, -1.000000000000000000 ) ) ;
#3727 = ORIENTED_EDGE ( 'NONE', *, *, #3284, .T. ) ;
#3728 = ORIENTED_EDGE ( 'NONE', *, *, #2387, .F. ) ;
#3729 = DIRECTION ( 'NONE',  ( 1.000000000000000000, 0.000000000000000000, 0.000000000000000000 ) ) ;
#3730 = LINE ( 'NONE', #683, #521 ) ;
#3731 = DIRECTION ( 'NONE',  ( 1.000000000000000000, 0.000000000000000000, 0.000000000000000000 ) ) ;
#3732 = VERTEX_POINT ( 'NONE', #4200 ) ;
#3733 = CARTESIAN_POINT ( 'NONE',  ( 259.5989928075899797, 208.1782842209040041, -22.00000000000000000 ) ) ;
#3734 = DIRECTION ( 'NONE',  ( 0.000000000000000000, 0.000000000000000000, 1.000000000000000000 ) ) ;
#3735 = LINE ( 'NONE', #2335, #2017 ) ;
#3736 = EDGE_CURVE ( 'NONE', #566, #4315, #3652, .T. ) ;
#3737 = FACE_OUTER_BOUND ( 'NONE', #1896, .T. ) ;
#3738 = VERTEX_POINT ( 'NONE', #510 ) ;
#3739 = DIRECTION ( 'NONE',  ( 0.000000000000000000, 0.000000000000000000, -1.000000000000000000 ) ) ;
#3740 = CARTESIAN_POINT ( 'NONE',  ( 334.6027036427140047, 213.1782802452189856, -5.000000000000000000 ) ) ;
#3741 = VECTOR ( 'NONE', #3543, 1000.000000000000000 ) ;
#3742 = AXIS2_PLACEMENT_3D ( 'NONE', #3429, #1812, #2456 ) ;
#3743 = LINE ( 'NONE', #697, #1044 ) ;
#3744 = ORIENTED_EDGE ( 'NONE', *, *, #4372, .T. ) ;
#3745 = AXIS2_PLACEMENT_3D ( 'NONE', #3405, #2760, #701 ) ;
#3746 = CARTESIAN_POINT ( 'NONE',  ( 259.5977337495190227, 208.1782842209040041, -25.00000000000000000 ) ) ;
#3747 = CARTESIAN_POINT ( 'NONE',  ( 341.7959928075899825, 172.6782842209210003, -22.00000000000000000 ) ) ;
#3748 = ORIENTED_EDGE ( 'NONE', *, *, #438, .T. ) ;
#3749 = ORIENTED_EDGE ( 'NONE', *, *, #2002, .F. ) ;
#3750 = CARTESIAN_POINT ( 'NONE',  ( 334.2039745797910086, 128.6332666870839887, -5.000000000000000000 ) ) ;
#3751 = CARTESIAN_POINT ( 'NONE',  ( 341.9026947623120236, 203.1782838797809916, -5.000000000000000000 ) ) ;
#3752 = EDGE_CURVE ( 'NONE', #3555, #2968, #1509, .T. ) ;
#3753 = DIRECTION ( 'NONE',  ( -1.000000000000000000, 2.001528833128000154E-15, 0.000000000000000000 ) ) ;
#3754 = DIRECTION ( 'NONE',  ( 0.000000000000000000, 0.000000000000000000, -1.000000000000000000 ) ) ;
#3755 = DIRECTION ( 'NONE',  ( 0.000000000000000000, 0.000000000000000000, -1.000000000000000000 ) ) ;
#3756 = LINE ( 'NONE', #4049, #733 ) ;
#3757 = EDGE_LOOP ( 'NONE', ( #564, #1533, #2912, #572, #519, #679, #2726 ) ) ;
#3758 = LINE ( 'NONE', #712, #1866 ) ;
#3759 = CARTESIAN_POINT ( 'NONE',  ( 339.1527244011119819, 128.6283167233879965, 0.000000000000000000 ) ) ;
#3760 = DIRECTION ( 'NONE',  ( 0.000000000000000000, 0.000000000000000000, -1.000000000000000000 ) ) ;
#3761 = ORIENTED_EDGE ( 'NONE', *, *, #2259, .F. ) ;
#3762 = LINE ( 'NONE', #307, #1027 ) ;
#3763 = LINE ( 'NONE', #2778, #108 ) ;
#3764 = EDGE_CURVE ( 'NONE', #3976, #1978, #4223, .T. ) ;
#3765 = CARTESIAN_POINT ( 'NONE',  ( 257.4476551820740156, 208.6238798010409994, -22.00000000000000000 ) ) ;
#3766 = ORIENTED_EDGE ( 'NONE', *, *, #4274, .F. ) ;
#3767 = ORIENTED_EDGE ( 'NONE', *, *, #3443, .T. ) ;
#3768 = CARTESIAN_POINT ( 'NONE',  ( 254.5977337495230017, 203.1783063018060034, -5.000000000000000000 ) ) ;
#3769 = ADVANCED_FACE ( 'NONE', ( #2772, #2510 ), #3871, .F. ) ;
#3770 = DIRECTION ( 'NONE',  ( 3.975690048800170117E-07, -0.9999999999999209521, 0.000000000000000000 ) ) ;
#3771 = LINE ( 'NONE', #2996, #3066 ) ;
#3772 = EDGE_CURVE ( 'NONE', #3480, #186, #1778, .T. ) ;
#3773 = EDGE_CURVE ( 'NONE', #2227, #3470, #2487, .T. ) ;
#3774 = LINE ( 'NONE', #2796, #667 ) ;
#3775 = EDGE_CURVE ( 'NONE', #4284, #2280, #4136, .T. ) ;
#3776 = FACE_BOUND ( 'NONE', #2410, .T. ) ;
#3777 = VERTEX_POINT ( 'NONE', #2573 ) ;
#3778 = DIRECTION ( 'NONE',  ( 0.000000000000000000, 0.000000000000000000, -1.000000000000000000 ) ) ;
#3779 = LINE ( 'NONE', #2100, #3935 ) ;
#3780 = VECTOR ( 'NONE', #918, 1000.000000000000000 ) ;
#3781 = AXIS2_PLACEMENT_3D ( 'NONE', #2518, #559, #498 ) ;
#3782 = DIRECTION ( 'NONE',  ( 0.000000000000000000, 0.000000000000000000, 1.000000000000000000 ) ) ;
#3783 = EDGE_LOOP ( 'NONE', ( #3622, #1217, #599, #1789 ) ) ;
#3784 = CC_DESIGN_APPROVAL ( #1816, ( #842 ) ) ;
#3785 = CARTESIAN_POINT ( 'NONE',  ( 260.3990000016229942, 126.2528337412450128, -3.500000000000000000 ) ) ;
#3786 = AXIS2_PLACEMENT_3D ( 'NONE', #2192, #2836, #4324 ) ;
#3787 = CIRCLE ( 'NONE', #4290, 2.197000000000004505 ) ;
#3788 = CYLINDRICAL_SURFACE ( 'NONE', #2022, 2.197000000000004505 ) ;
#3789 = VECTOR ( 'NONE', #2821, 1000.000000000000227 ) ;
#3790 = EDGE_CURVE ( 'NONE', #159, #1125, #3598, .T. ) ;
#3791 = ORIENTED_EDGE ( 'NONE', *, *, #3297, .F. ) ;
#3792 = AXIS2_PLACEMENT_3D ( 'NONE', #1752, #2759, #413 ) ;
#3793 = ORIENTED_EDGE ( 'NONE', *, *, #470, .F. ) ;
#3794 = CARTESIAN_POINT ( 'NONE',  ( 339.5989928075899797, 128.1782842209040041, -22.00000000000000000 ) ) ;
#3795 = CARTESIAN_POINT ( 'NONE',  ( 259.5977337495879738, 128.1782850948149814, -25.00000000000000000 ) ) ;
#3796 = PERSON_AND_ORGANIZATION ( #855, #877 ) ;
#3797 = VECTOR ( 'NONE', #2153, 1000.000000000000227 ) ;
#3798 = APPLICATION_CONTEXT ( 'configuration controlled 3d designs of mechanical parts and assemblies' ) ;
#3799 = LINE ( 'NONE', #1109, #671 ) ;
#3800 = CARTESIAN_POINT ( 'NONE',  ( 254.5977337495919812, 123.1782831069699853, -5.000000000000000000 ) ) ;
#3801 = LINE ( 'NONE', #2466, #1382 ) ;
#3802 = CARTESIAN_POINT ( 'NONE',  ( 341.9027225921830109, 133.1782848660099887, -5.000000000000000000 ) ) ;
#3803 = DIRECTION ( 'NONE',  ( 3.975690063360884062E-07, -0.9999999999999208411, 0.000000000000000000 ) ) ;
#3804 = DIRECTION ( 'NONE',  ( 0.000000000000000000, 0.000000000000000000, -1.000000000000000000 ) ) ;
#3805 = CARTESIAN_POINT ( 'NONE',  ( 341.6026993167175192, 191.7225479073473196, 0.000000000000000000 ) ) ;
#3806 = AXIS2_PLACEMENT_3D ( 'NONE', #2446, #1799, #2116 ) ;
#3807 = FACE_OUTER_BOUND ( 'NONE', #430, .T. ) ;
#3808 = ORIENTED_EDGE ( 'NONE', *, *, #3447, .T. ) ;
#3809 = ORIENTED_EDGE ( 'NONE', *, *, #2716, .T. ) ;
#3810 = DIRECTION ( 'NONE',  ( 3.975689611772168905E-07, -0.9999999999999208411, 0.000000000000000000 ) ) ;
#3811 = CARTESIAN_POINT ( 'NONE',  ( 334.5990010913239985, 125.8783155986110103, -5.000000000000000000 ) ) ;
#3812 = AXIS2_PLACEMENT_3D ( 'NONE', #1458, #719, #2477 ) ;
#3813 = ADVANCED_FACE ( 'NONE', ( #1912 ), #3312, .T. ) ;
#3814 = LINE ( 'NONE', #2127, #101 ) ;
#3815 = CARTESIAN_POINT ( 'NONE',  ( 262.2977337495020151, 210.4782842208930163, -3.500000000000000000 ) ) ;
#3816 = ORIENTED_EDGE ( 'NONE', *, *, #3896, .F. ) ;
#3817 = ORIENTED_EDGE ( 'NONE', *, *, #2051, .T. ) ;
#3818 = AXIS2_PLACEMENT_3D ( 'NONE', #1571, #1502, #565 ) ;
#3819 = DIRECTION ( 'NONE',  ( 3.900890379583120241E-15, 1.000000000000000000, 0.000000000000000000 ) ) ;
#3820 = DIRECTION ( 'NONE',  ( 0.000000000000000000, 1.000000000000000000, 0.000000000000000000 ) ) ;
#3821 = PLANE ( 'NONE',  #1730 ) ;
#3822 = CARTESIAN_POINT ( 'NONE',  ( 260.0477337495220240, 128.6282870831379910, -5.000000000000000000 ) ) ;
#3823 = EDGE_CURVE ( 'NONE', #2899, #994, #1632, .T. ) ;
#3824 = DIRECTION ( 'NONE',  ( 0.000000000000000000, -1.000000000000000000, 0.000000000000000000 ) ) ;
#3825 = CARTESIAN_POINT ( 'NONE',  ( 311.3990434335499344, 213.1782842209040041, 0.6497013181468039855 ) ) ;
#3826 = DIRECTION ( 'NONE',  ( 3.975690058647770398E-07, -0.9999999999999210631, 6.136089225424720449E-29 ) ) ;
#3827 = DIRECTION ( 'NONE',  ( 3.975690063360884062E-07, -0.9999999999999208411, 0.000000000000000000 ) ) ;
#3828 = EDGE_CURVE ( 'NONE', #3550, #1014, #1560, .T. ) ;
#3829 = DIRECTION ( 'NONE',  ( -1.000000000000000000, -5.828670879281742661E-13, 0.000000000000000000 ) ) ;
#3830 = ORIENTED_EDGE ( 'NONE', *, *, #3630, .F. ) ;
#3831 = CARTESIAN_POINT ( 'NONE',  ( 258.7655635832319945, 209.0171786692359888, -3.500000000000000000 ) ) ;
#3832 = ORIENTED_EDGE ( 'NONE', *, *, #1656, .F. ) ;
#3833 = DIRECTION ( 'NONE',  ( 1.000000000000000000, 1.298960938811431941E-12, 0.000000000000000000 ) ) ;
#3834 = EDGE_CURVE ( 'NONE', #3541, #473, #2552, .T. ) ;
#3835 = EDGE_CURVE ( 'NONE', #2062, #3229, #574, .T. ) ;
#3836 = PLANE ( 'NONE',  #3358 ) ;
#3837 = CYLINDRICAL_SURFACE ( 'NONE', #3745, 1.480499935150147994 ) ;
#3838 = VERTEX_POINT ( 'NONE', #3285 ) ;
#3839 = ORIENTED_EDGE ( 'NONE', *, *, #2966, .F. ) ;
#3840 = DIRECTION ( 'NONE',  ( 0.000000000000000000, -1.000000000000000000, 0.000000000000000000 ) ) ;
#3841 = LINE ( 'NONE', #794, #3797 ) ;
#3842 = DIRECTION ( 'NONE',  ( 0.000000000000000000, 0.000000000000000000, 1.000000000000000000 ) ) ;
#3843 = DIRECTION ( 'NONE',  ( 3.975690058524619219E-07, -0.9999999999999208411, 0.000000000000000000 ) ) ;
#3844 = CARTESIAN_POINT ( 'NONE',  ( 334.6026953589549748, 210.4782842208930163, -5.000000000000000000 ) ) ;
#3845 = LINE ( 'NONE', #4097, #1023 ) ;
#3846 = CARTESIAN_POINT ( 'NONE',  ( 336.9026938479009914, 210.4782842208930163, 0.000000000000000000 ) ) ;
#3847 = CARTESIAN_POINT ( 'NONE',  ( 260.0477337495050278, 207.7282842208930163, -22.00000000000000000 ) ) ;
#3848 = ORIENTED_EDGE ( 'NONE', *, *, #1834, .T. ) ;
#3849 = CC_DESIGN_DATE_AND_TIME_ASSIGNMENT ( #1436, #2481, ( #3931 ) ) ;
#3850 = VERTEX_POINT ( 'NONE', #2599 ) ;
#3851 = DIRECTION ( 'NONE',  ( 1.000000000000000000, 0.000000000000000000, 0.000000000000000000 ) ) ;
#3852 = AXIS2_PLACEMENT_3D ( 'NONE', #4360, #2671, #4027 ) ;
#3853 = DIRECTION ( 'NONE',  ( 0.000000000000000000, 0.000000000000000000, -1.000000000000000000 ) ) ;
#3854 = AXIS2_PLACEMENT_3D ( 'NONE', #76, #785, #3833 ) ;
#3855 = VECTOR ( 'NONE', #4265, 1000.000000000000000 ) ;
#3856 = DIRECTION ( 'NONE',  ( 0.000000000000000000, 0.000000000000000000, -1.000000000000000000 ) ) ;
#3857 = CARTESIAN_POINT ( 'NONE',  ( 329.5989950341020176, 125.8783129251220032, -2.500000000000000000 ) ) ;
#3858 = ORIENTED_EDGE ( 'NONE', *, *, #1131, .F. ) ;
#3859 = VERTEX_POINT ( 'NONE', #3939 ) ;
#3860 = VECTOR ( 'NONE', #2480, 1000.000000000000227 ) ;
#3861 = DIRECTION ( 'NONE',  ( 0.000000000000000000, 0.000000000000000000, 1.000000000000000000 ) ) ;
#3862 = ADVANCED_FACE ( 'NONE', ( #4317 ), #3619, .F. ) ;
#3863 = VECTOR ( 'NONE', #2291, 1000.000000000000227 ) ;
#3864 = VECTOR ( 'NONE', #1737, 1000.000000000000000 ) ;
#3865 = VERTEX_POINT ( 'NONE', #2929 ) ;
#3866 = DIRECTION ( 'NONE',  ( -8.609409375067459859E-13, 1.000000000000000000, 0.000000000000000000 ) ) ;
#3867 = CIRCLE ( 'NONE', #3080, 2.000000000000001776 ) ;
#3868 = AXIS2_PLACEMENT_3D ( 'NONE', #2096, #3459, #3105 ) ;
#3869 = VECTOR ( 'NONE', #184, 1000.000000000000000 ) ;
#3870 = PLANE ( 'NONE',  #3150 ) ;
#3871 = PLANE ( 'NONE',  #2149 ) ;
#3872 = ADVANCED_FACE ( 'NONE', ( #2313 ), #275, .F. ) ;
#3873 = VERTEX_POINT ( 'NONE', #2287 ) ;
#3874 = CARTESIAN_POINT ( 'NONE',  ( 334.6026953589549748, 210.4782842208930163, -5.000000000000000000 ) ) ;
#3875 = VERTEX_POINT ( 'NONE', #4269 ) ;
#3876 = ORIENTED_EDGE ( 'NONE', *, *, #1919, .T. ) ;
#3877 = CARTESIAN_POINT ( 'NONE',  ( 341.7465288378939476, 127.7147133001750063, -22.00000000000000000 ) ) ;
#3878 = FACE_OUTER_BOUND ( 'NONE', #222, .T. ) ;
#3879 = PLANE ( 'NONE',  #3357 ) ;
#3880 = DIRECTION ( 'NONE',  ( -0.9999999999999208411, -3.975689644130508851E-07, 0.000000000000000000 ) ) ;
#3881 = ORIENTED_EDGE ( 'NONE', *, *, #3172, .T. ) ;
#3882 = VERTEX_POINT ( 'NONE', #1611 ) ;
#3883 = CARTESIAN_POINT ( 'NONE',  ( 344.6027245799330103, 128.1783188901649737, 0.000000000000000000 ) ) ;
#3884 = CIRCLE ( 'NONE', #1972, 2.197000000000004505 ) ;
#3885 = DIRECTION ( 'NONE',  ( -3.975695921796518581E-07, 0.9999999999999208411, 0.000000000000000000 ) ) ;
#3886 = ORIENTED_EDGE ( 'NONE', *, *, #2147, .F. ) ;
#3887 = DIRECTION ( 'NONE',  ( 0.000000000000000000, 1.000000000000000000, 0.000000000000000000 ) ) ;
#3888 = EDGE_CURVE ( 'NONE', #1764, #45, #3418, .T. ) ;
#3889 = DIRECTION ( 'NONE',  ( 3.975690035241859844E-07, -0.9999999999999208411, 0.000000000000000000 ) ) ;
#3890 = CARTESIAN_POINT ( 'NONE',  ( 294.3989928075900480, 210.3752842209040068, -43.20000000000000284 ) ) ;
#3891 = DIRECTION ( 'NONE',  ( -8.609409375067459859E-13, 1.000000000000000000, 0.000000000000000000 ) ) ;
#3892 = CARTESIAN_POINT ( 'NONE',  ( 335.7740057619919867, 194.3779999999999859, -5.000000000000000000 ) ) ;
#3893 = DIRECTION ( 'NONE',  ( -1.290120858860669911E-12, 1.000000000000000000, 0.000000000000000000 ) ) ;
#3894 = ORIENTED_EDGE ( 'NONE', *, *, #181, .F. ) ;
#3895 = VERTEX_POINT ( 'NONE', #2643 ) ;
#3896 = EDGE_CURVE ( 'NONE', #1246, #3658, #4353, .T. ) ;
#3897 = CARTESIAN_POINT ( 'NONE',  ( 262.2977337495020151, 210.4782842208930163, -5.000000000000000000 ) ) ;
#3898 = DIRECTION ( 'NONE',  ( 0.000000000000000000, 0.000000000000000000, -1.000000000000000000 ) ) ;
#3899 = CARTESIAN_POINT ( 'NONE',  ( 329.5989950341020176, 129.5792914133149907, -3.500000000000000000 ) ) ;
#3900 = ORIENTED_EDGE ( 'NONE', *, *, #3179, .T. ) ;
#3901 = VERTEX_POINT ( 'NONE', #2269 ) ;
#3902 = CARTESIAN_POINT ( 'NONE',  ( 341.9026929533699786, 207.7282853142090175, -5.000000000000000000 ) ) ;
#3903 = EDGE_CURVE ( 'NONE', #480, #3895, #2623, .T. ) ;
#3904 = ADVANCED_FACE ( 'NONE', ( #534 ), #3574, .T. ) ;
#3905 = DIRECTION ( 'NONE',  ( 0.000000000000000000, 0.000000000000000000, 1.000000000000000000 ) ) ;
#3906 = ORIENTED_EDGE ( 'NONE', *, *, #4364, .T. ) ;
#3907 = VERTEX_POINT ( 'NONE', #2246 ) ;
#3908 = CARTESIAN_POINT ( 'NONE',  ( 339.1527254944259653, 125.8783167233890055, -5.000000000000000000 ) ) ;
#3909 = ORIENTED_EDGE ( 'NONE', *, *, #2124, .F. ) ;
#3910 = ORIENTED_EDGE ( 'NONE', *, *, #2840, .F. ) ;
#3911 = EDGE_CURVE ( 'NONE', #3967, #148, #4279, .T. ) ;
#3912 = DIRECTION ( 'NONE',  ( -4.068880194961300778E-15, 0.000000000000000000, -1.000000000000000000 ) ) ;
#3913 = CARTESIAN_POINT ( 'NONE',  ( 335.7740057619919867, 192.3779999999999859, -5.000000000000000000 ) ) ;
#3914 = EDGE_CURVE ( 'NONE', #1005, #2018, #251, .T. ) ;
#3915 = EDGE_CURVE ( 'NONE', #3222, #925, #602, .T. ) ;
#3916 = DIRECTION ( 'NONE',  ( 0.7071066406246574454, 0.7071069217484095004, 0.000000000000000000 ) ) ;
#3917 = ORIENTED_EDGE ( 'NONE', *, *, #2413, .T. ) ;
#3918 = VERTEX_POINT ( 'NONE', #2403 ) ;
#3919 = CARTESIAN_POINT ( 'NONE',  ( 334.5990010913239985, 125.8783155986110103, -22.00000000000000000 ) ) ;
#3920 = LINE ( 'NONE', #1832, #1867 ) ;
#3921 = DIRECTION ( 'NONE',  ( 0.000000000000000000, 0.000000000000000000, -1.000000000000000000 ) ) ;
#3922 = VERTEX_POINT ( 'NONE', #3396 ) ;
#3923 = ORIENTED_EDGE ( 'NONE', *, *, #1143, .T. ) ;
#3924 = VECTOR ( 'NONE', #3412, 1000.000000000000227 ) ;
#3925 = DESIGN_CONTEXT ( 'detailed design', #3798, 'design' ) ;
#3926 = EDGE_CURVE ( 'NONE', #702, #2562, #3041, .T. ) ;
#3927 = AXIS2_PLACEMENT_3D ( 'NONE', #123, #1478, #2491 ) ;
#3928 = ORIENTED_EDGE ( 'NONE', *, *, #1070, .T. ) ;
#3929 = ORIENTED_EDGE ( 'NONE', *, *, #28, .T. ) ;
#3930 = ORIENTED_EDGE ( 'NONE', *, *, #749, .F. ) ;
#3931 = SECURITY_CLASSIFICATION ( '', '', #2787 ) ;
#3932 = LINE ( 'NONE', #889, #2223 ) ;
#3933 = VECTOR ( 'NONE', #3025, 1000.000000000000000 ) ;
#3934 = ORIENTED_EDGE ( 'NONE', *, *, #1834, .F. ) ;
#3935 = VECTOR ( 'NONE', #756, 1000.000000000000000 ) ;
#3936 = AXIS2_PLACEMENT_3D ( 'NONE', #3467, #432, #1785 ) ;
#3937 = ORIENTED_EDGE ( 'NONE', *, *, #4062, .F. ) ;
#3938 = CARTESIAN_POINT ( 'NONE',  ( 297.0872723045659995, 210.4782842208930163, 0.000000000000000000 ) ) ;
#3939 = CARTESIAN_POINT ( 'NONE',  ( 309.7989927491505568, 213.1782842209040041, -25.00000000000000000 ) ) ;
#3940 = VECTOR ( 'NONE', #1693, 1000.000000000000227 ) ;
#3941 = CARTESIAN_POINT ( 'NONE',  ( 260.3990000016239605, 195.3783112489279858, -5.000000000000000000 ) ) ;
#3942 = VERTEX_POINT ( 'NONE', #1999 ) ;
#3943 = ORIENTED_EDGE ( 'NONE', *, *, #991, .F. ) ;
#3944 = CARTESIAN_POINT ( 'NONE',  ( 339.1527254944259653, 125.8783167233890055, -5.000000000000000000 ) ) ;
#3945 = DIRECTION ( 'NONE',  ( 0.000000000000000000, 0.000000000000000000, 1.000000000000000000 ) ) ;
#3946 = EDGE_CURVE ( 'NONE', #3590, #2266, #3771, .T. ) ;
#3947 = DIRECTION ( 'NONE',  ( -1.287858708565180375E-12, 1.000000000000000000, 0.000000000000000000 ) ) ;
#3948 = ORIENTED_EDGE ( 'NONE', *, *, #1645, .T. ) ;
#3949 = ORIENTED_EDGE ( 'NONE', *, *, #3568, .T. ) ;
#3950 = EDGE_CURVE ( 'NONE', #1934, #1503, #1153, .T. ) ;
#3951 = ADVANCED_FACE ( 'NONE', ( #1734 ), #1046, .T. ) ;
#3952 = ORIENTED_EDGE ( 'NONE', *, *, #3496, .T. ) ;
#3953 = ORIENTED_EDGE ( 'NONE', *, *, #628, .T. ) ;
#3954 = EDGE_LOOP ( 'NONE', ( #513, #2571, #3046, #2040 ) ) ;
#3955 = AXIS2_PLACEMENT_3D ( 'NONE', #2935, #2646, #2316 ) ;
#3956 = LINE ( 'NONE', #912, #2730 ) ;
#3957 = CARTESIAN_POINT ( 'NONE',  ( 344.6027176458948134, 145.6194142555691826, -25.00000000000000000 ) ) ;
#3958 = EDGE_LOOP ( 'NONE', ( #457, #3748, #1966, #2872, #1853, #122, #2588, #3929, #2271 ) ) ;
#3959 = ORIENTED_EDGE ( 'NONE', *, *, #220, .T. ) ;
#3960 = DIRECTION ( 'NONE',  ( -3.975690058524619219E-07, 0.9999999999999208411, 0.000000000000000000 ) ) ;
#3961 = DIRECTION ( 'NONE',  ( 0.000000000000000000, 0.000000000000000000, -1.000000000000000000 ) ) ;
#3962 = CIRCLE ( 'NONE', #3178, 5.000000000000210498 ) ;
#3963 = ADVANCED_FACE ( 'NONE', ( #1694 ), #338, .T. ) ;
#3964 = EDGE_CURVE ( 'NONE', #3556, #2345, #1337, .T. ) ;
#3965 = PLANE ( 'NONE',  #3955 ) ;
#3966 = EDGE_LOOP ( 'NONE', ( #4238, #59, #2346, #3415 ) ) ;
#3967 = VERTEX_POINT ( 'NONE', #3 ) ;
#3968 = EDGE_CURVE ( 'NONE', #2692, #2129, #4066, .T. ) ;
#3969 = LINE ( 'NONE', #1917, #949 ) ;
#3970 = ADVANCED_FACE ( 'NONE', ( #2708 ), #2093, .F. ) ;
#3971 = DIRECTION ( 'NONE',  ( -0.9999999999999208411, -3.975690048800169588E-07, 0.000000000000000000 ) ) ;
#3972 = ORIENTED_EDGE ( 'NONE', *, *, #3245, .F. ) ;
#3973 = ORIENTED_EDGE ( 'NONE', *, *, #2202, .T. ) ;
#3974 = EDGE_CURVE ( 'NONE', #1934, #859, #1082, .T. ) ;
#3975 = CARTESIAN_POINT ( 'NONE',  ( 257.4019928075910002, 152.3819999999999766, -22.00000000000000000 ) ) ;
#3976 = VERTEX_POINT ( 'NONE', #1671 ) ;
#3977 = ORIENTED_EDGE ( 'NONE', *, *, #2985, .F. ) ;
#3978 = LINE ( 'NONE', #1242, #3503 ) ;
#3979 = LINE ( 'NONE', #2196, #2293 ) ;
#3980 = ORIENTED_EDGE ( 'NONE', *, *, #3196, .T. ) ;
#3981 = EDGE_LOOP ( 'NONE', ( #745, #3161, #383, #2775 ) ) ;
#3982 = DIRECTION ( 'NONE',  ( 1.000000000000000000, 0.000000000000000000, 0.000000000000000000 ) ) ;
#3983 = LINE ( 'NONE', #641, #3575 ) ;
#3984 = CARTESIAN_POINT ( 'NONE',  ( 304.7989928075899684, 210.3752842209040068, -5.000000000000000000 ) ) ;
#3985 = ORIENTED_EDGE ( 'NONE', *, *, #3834, .F. ) ;
#3986 = DIRECTION ( 'NONE',  ( 0.9999999999999208411, 3.975690058524630865E-07, 0.000000000000000000 ) ) ;
#3987 = ORIENTED_EDGE ( 'NONE', *, *, #127, .F. ) ;
#3988 = CARTESIAN_POINT ( 'NONE',  ( 339.6026927744260320, 208.1782842209040041, -5.000000000000000000 ) ) ;
#3989 = FACE_OUTER_BOUND ( 'NONE', #3360, .T. ) ;
#3990 = EDGE_CURVE ( 'NONE', #3918, #3670, #2689, .T. ) ;
#3991 = LINE ( 'NONE', #1620, #974 ) ;
#3992 = ORIENTED_EDGE ( 'NONE', *, *, #3225, .F. ) ;
#3993 = EDGE_LOOP ( 'NONE', ( #3454, #632, #3953, #3923 ) ) ;
#3994 = CARTESIAN_POINT ( 'NONE',  ( 341.9026938479009914, 205.4782862087400019, 0.000000000000000000 ) ) ;
#3995 = ORIENTED_EDGE ( 'NONE', *, *, #1579, .T. ) ;
#3996 = ORIENTED_EDGE ( 'NONE', *, *, #4232, .F. ) ;
#3997 = CARTESIAN_POINT ( 'NONE',  ( 257.2977337495020151, 205.4782842208859961, -5.000000000000000000 ) ) ;
#3998 = CARTESIAN_POINT ( 'NONE',  ( 265.3990106855859494, 210.4782842208930163, -5.000000000000000000 ) ) ;
#3999 = AXIS2_PLACEMENT_3D ( 'NONE', #1710, #3754, #662 ) ;
#4000 = VECTOR ( 'NONE', #2539, 1000.000000000000000 ) ;
#4001 = ORIENTED_EDGE ( 'NONE', *, *, #2339, .T. ) ;
#4002 = ORIENTED_EDGE ( 'NONE', *, *, #1085, .F. ) ;
#4003 = LINE ( 'NONE', #2311, #1091 ) ;
#4004 = FACE_OUTER_BOUND ( 'NONE', #2240, .T. ) ;
#4005 = DIRECTION ( 'NONE',  ( -1.000000000000000000, 0.000000000000000000, 0.000000000000000000 ) ) ;
#4006 = VECTOR ( 'NONE', #4402, 1000.000000000000000 ) ;
#4007 = CIRCLE ( 'NONE', #522, 5.000000000000001776 ) ;
#4008 = AXIS2_PLACEMENT_3D ( 'NONE', #3262, #2572, #154 ) ;
#4009 = AXIS2_PLACEMENT_3D ( 'NONE', #3746, #392, #1430 ) ;
#4010 = DIRECTION ( 'NONE',  ( 0.000000000000000000, 0.000000000000000000, 1.000000000000000000 ) ) ;
#4011 = ORIENTED_EDGE ( 'NONE', *, *, #2739, .F. ) ;
#4012 = CARTESIAN_POINT ( 'NONE',  ( 329.5989950341020176, 129.5792914133149907, -5.000000000000000000 ) ) ;
#4013 = DIRECTION ( 'NONE',  ( 0.000000000000000000, 0.000000000000000000, -1.000000000000000000 ) ) ;
#4014 = CIRCLE ( 'NONE', #2023, 2.196999999999921016 ) ;
#4015 = PRODUCT_DEFINITION_SHAPE ( 'NONE', 'NONE',  #842 ) ;
#4016 = AXIS2_PLACEMENT_3D ( 'NONE', #1094, #4135, #3891 ) ;
#4017 = DIRECTION ( 'NONE',  ( 1.000000000000000000, 0.000000000000000000, 0.000000000000000000 ) ) ;
#4018 = VERTEX_POINT ( 'NONE', #2334 ) ;
#4019 = DIRECTION ( 'NONE',  ( 3.975695921796518581E-07, -0.9999999999999208411, 0.000000000000000000 ) ) ;
#4020 = ORIENTED_EDGE ( 'NONE', *, *, #2795, .T. ) ;
#4021 = ORIENTED_EDGE ( 'NONE', *, *, #1579, .F. ) ;
#4022 = LINE ( 'NONE', #3634, #2658 ) ;
#4023 = CARTESIAN_POINT ( 'NONE',  ( 339.5989928075899797, 128.1782842209040041, -22.00000000000000000 ) ) ;
#4024 = VERTEX_POINT ( 'NONE', #4115 ) ;
#4025 = FACE_OUTER_BOUND ( 'NONE', #3465, .T. ) ;
#4026 = DIRECTION ( 'NONE',  ( -1.000000000000000000, 0.000000000000000000, 0.000000000000000000 ) ) ;
#4027 = DIRECTION ( 'NONE',  ( 1.000000000000000000, 1.298960938811431941E-12, 0.000000000000000000 ) ) ;
#4028 = EDGE_CURVE ( 'NONE', #148, #1961, #4048, .T. ) ;
#4029 = VECTOR ( 'NONE', #3843, 1000.000000000000227 ) ;
#4030 = FACE_OUTER_BOUND ( 'NONE', #1960, .T. ) ;
#4031 = DIRECTION ( 'NONE',  ( -1.539508534629319852E-13, -1.000000000000000000, 0.000000000000000000 ) ) ;
#4032 = VERTEX_POINT ( 'NONE', #2069 ) ;
#4033 = LINE ( 'NONE', #1007, #2866 ) ;
#4034 = DIRECTION ( 'NONE',  ( 0.000000000000000000, 0.000000000000000000, 1.000000000000000000 ) ) ;
#4035 = DIRECTION ( 'NONE',  ( 1.000000000000000000, 0.000000000000000000, 0.000000000000000000 ) ) ;
#4036 = ORIENTED_EDGE ( 'NONE', *, *, #2281, .T. ) ;
#4037 = ADVANCED_FACE ( 'NONE', ( #1064 ), #689, .T. ) ;
#4038 = FACE_OUTER_BOUND ( 'NONE', #2078, .T. ) ;
#4039 = ORIENTED_EDGE ( 'NONE', *, *, #1009, .T. ) ;
#4040 = ORIENTED_EDGE ( 'NONE', *, *, #2392, .T. ) ;
#4041 = EDGE_CURVE ( 'NONE', #2899, #3732, #2431, .T. ) ;
#4042 = DIRECTION ( 'NONE',  ( 0.000000000000000000, 0.000000000000000000, -1.000000000000000000 ) ) ;
#4043 = DIRECTION ( 'NONE',  ( 0.000000000000000000, 0.000000000000000000, -1.000000000000000000 ) ) ;
#4044 = EDGE_CURVE ( 'NONE', #1558, #3901, #2733, .T. ) ;
#4045 = ORIENTED_EDGE ( 'NONE', *, *, #1786, .T. ) ;
#4046 = CARTESIAN_POINT ( 'NONE',  ( 339.6026927744269983, 208.1782822330600027, -22.00000000000000000 ) ) ;
#4047 = DIRECTION ( 'NONE',  ( 0.000000000000000000, 0.000000000000000000, 1.000000000000000000 ) ) ;
#4048 = LINE ( 'NONE', #3706, #3703 ) ;
#4049 = CARTESIAN_POINT ( 'NONE',  ( 335.7740057619919867, 206.3780000000000143, -5.000000000000000000 ) ) ;
#4050 = EDGE_LOOP ( 'NONE', ( #3069, #557, #1548, #503 ) ) ;
#4051 = EDGE_CURVE ( 'NONE', #963, #4255, #3278, .T. ) ;
#4052 = DIRECTION ( 'NONE',  ( -1.000000000000000000, 0.000000000000000000, 0.000000000000000000 ) ) ;
#4053 = DIRECTION ( 'NONE',  ( 4.068880194961300778E-15, 0.000000000000000000, 1.000000000000000000 ) ) ;
#4054 = EDGE_CURVE ( 'NONE', #2972, #898, #2082, .T. ) ;
#4055 = DIRECTION ( 'NONE',  ( 1.000000000000000000, -2.631639762092139926E-14, 0.000000000000000000 ) ) ;
#4056 = ORIENTED_EDGE ( 'NONE', *, *, #1237, .F. ) ;
#4057 = DIRECTION ( 'NONE',  ( 0.000000000000000000, 1.000000000000000000, 0.000000000000000000 ) ) ;
#4058 = VERTEX_POINT ( 'NONE', #3523 ) ;
#4059 = ORIENTED_EDGE ( 'NONE', *, *, #1677, .F. ) ;
#4060 = CYLINDRICAL_SURFACE ( 'NONE', #3434, 2.197000000000004505 ) ;
#4061 = DIRECTION ( 'NONE',  ( 1.130693106965140228E-14, 1.000000000000000000, 0.000000000000000000 ) ) ;
#4062 = EDGE_CURVE ( 'NONE', #1034, #597, #1797, .T. ) ;
#4063 = ORIENTED_EDGE ( 'NONE', *, *, #1338, .F. ) ;
#4064 = VECTOR ( 'NONE', #3842, 1000.000000000000000 ) ;
#4065 = CARTESIAN_POINT ( 'NONE',  ( 294.7990275153579773, 125.8782990897349947, -5.000000000000000000 ) ) ;
#4066 = LINE ( 'NONE', #2750, #1222 ) ;
#4067 = AXIS2_PLACEMENT_3D ( 'NONE', #3552, #3293, #1848 ) ;
#4068 = CYLINDRICAL_SURFACE ( 'NONE', #3645, 4.999999999999984901 ) ;
#4069 = AXIS2_PLACEMENT_3D ( 'NONE', #864, #219, #2548 ) ;
#4070 = CARTESIAN_POINT ( 'NONE',  ( 339.6027245799340335, 128.1783169023200060, -25.00000000000000000 ) ) ;
#4071 = ORIENTED_EDGE ( 'NONE', *, *, #1221, .F. ) ;
#4072 = AXIS2_PLACEMENT_3D ( 'NONE', #1149, #3292, #3840 ) ;
#4073 = CARTESIAN_POINT ( 'NONE',  ( 341.8989928075779972, 128.4851041553519906, -5.000000000000000000 ) ) ;
#4074 = LINE ( 'NONE', #2358, #3863 ) ;
#4075 = VECTOR ( 'NONE', #3060, 1000.000000000000227 ) ;
#4076 = DIRECTION ( 'NONE',  ( 1.000000000000000000, -1.763541112907599923E-13, 0.000000000000000000 ) ) ;
#4077 = VERTEX_POINT ( 'NONE', #3124 ) ;
#4078 = VECTOR ( 'NONE', #2509, 1000.000000000000000 ) ;
#4079 = CIRCLE ( 'NONE', #4009, 5.000000000000001776 ) ;
#4080 = EDGE_CURVE ( 'NONE', #3368, #2129, #2791, .T. ) ;
#4081 = CARTESIAN_POINT ( 'NONE',  ( 259.5989928075899797, 208.1782842209040041, -22.00000000000000000 ) ) ;
#4082 = VECTOR ( 'NONE', #3729, 1000.000000000000000 ) ;
#4083 = CARTESIAN_POINT ( 'NONE',  ( 335.7740057619919867, 206.3780000000000143, -5.000000000000000000 ) ) ;
#4084 = ORIENTED_EDGE ( 'NONE', *, *, #3968, .F. ) ;
#4085 = EDGE_LOOP ( 'NONE', ( #2174, #1871, #3816, #2214 ) ) ;
#4086 = CARTESIAN_POINT ( 'NONE',  ( 263.3990014167200115, 195.3783112489269911, -5.000000000000000000 ) ) ;
#4087 = CARTESIAN_POINT ( 'NONE',  ( 294.3989928075900480, 210.3752842209040068, -17.00000000000000000 ) ) ;
#4088 = DIRECTION ( 'NONE',  ( 0.000000000000000000, 0.000000000000000000, 1.000000000000000000 ) ) ;
#4089 = EDGE_CURVE ( 'NONE', #2753, #1978, #2924, .T. ) ;
#4090 = CARTESIAN_POINT ( 'NONE',  ( 339.1527225921830677, 128.6283155986110103, -5.000000000000000000 ) ) ;
#4091 = DIRECTION ( 'NONE',  ( 0.000000000000000000, 0.000000000000000000, 1.000000000000000000 ) ) ;
#4092 = CARTESIAN_POINT ( 'NONE',  ( 257.2977337494999688, 133.1783062885320135, -5.000000000000000000 ) ) ;
#4093 = CIRCLE ( 'NONE', #2388, 2.750000000000002665 ) ;
#4094 = FACE_OUTER_BOUND ( 'NONE', #98, .T. ) ;
#4095 = ORIENTED_EDGE ( 'NONE', *, *, #3318, .T. ) ;
#4096 = FACE_OUTER_BOUND ( 'NONE', #267, .T. ) ;
#4097 = CARTESIAN_POINT ( 'NONE',  ( 341.8989928075779972, 131.5792914133139675, -5.000000000000000000 ) ) ;
#4098 = CIRCLE ( 'NONE', #2177, 3.374900000006609169 ) ;
#4099 = EDGE_CURVE ( 'NONE', #3655, #583, #1759, .T. ) ;
#4100 = VECTOR ( 'NONE', #3885, 1000.000000000000227 ) ;
#4101 = CARTESIAN_POINT ( 'NONE',  ( 309.7990185291079683, 145.6782963859750168, -17.00000000000000000 ) ) ;
#4102 = ORIENTED_EDGE ( 'NONE', *, *, #3284, .F. ) ;
#4103 = EDGE_CURVE ( 'NONE', #1941, #2227, #309, .T. ) ;
#4104 = LINE ( 'NONE', #1365, #1874 ) ;
#4105 = DIRECTION ( 'NONE',  ( 0.000000000000000000, -1.579021708578474814E-08, -0.9999999999999998890 ) ) ;
#4106 = ORIENTED_EDGE ( 'NONE', *, *, #1338, .T. ) ;
#4107 = ORIENTED_EDGE ( 'NONE', *, *, #2986, .T. ) ;
#4108 = EDGE_CURVE ( 'NONE', #2547, #2917, #775, .T. ) ;
#4109 = LINE ( 'NONE', #3100, #2308 ) ;
#4110 = EDGE_CURVE ( 'NONE', #1148, #3541, #486, .T. ) ;
#4111 = CARTESIAN_POINT ( 'NONE',  ( 262.2977337495020151, 210.4782842208930163, 0.000000000000000000 ) ) ;
#4112 = COORDINATED_UNIVERSAL_TIME_OFFSET ( 0, 0, .AHEAD. ) ;
#4113 = EDGE_CURVE ( 'NONE', #1285, #3222, #4221, .T. ) ;
#4114 = DIRECTION ( 'NONE',  ( 0.000000000000000000, 0.000000000000000000, 1.000000000000000000 ) ) ;
#4115 = CARTESIAN_POINT ( 'NONE',  ( 341.8176080111219903, 206.3780000000000143, -5.000000000000000000 ) ) ;
#4116 = PLANE ( 'NONE',  #2584 ) ;
#4117 = CARTESIAN_POINT ( 'NONE',  ( 304.7989928075899684, 213.1782842209040041, -5.000000000000000000 ) ) ;
#4118 = VERTEX_POINT ( 'NONE', #2154 ) ;
#4119 = DIRECTION ( 'NONE',  ( 0.7071070623102297947, -0.7071065000627535513, 0.000000000000000000 ) ) ;
#4120 = CARTESIAN_POINT ( 'NONE',  ( 299.6002207981839547, 191.7225312084636926, -5.000000000000000000 ) ) ;
#4121 = DIRECTION ( 'NONE',  ( 0.000000000000000000, 0.000000000000000000, -1.000000000000000000 ) ) ;
#4122 = ORIENTED_EDGE ( 'NONE', *, *, #1702, .T. ) ;
#4123 = DIRECTION ( 'NONE',  ( 0.000000000000000000, 0.000000000000000000, -1.000000000000000000 ) ) ;
#4124 = CARTESIAN_POINT ( 'NONE',  ( 289.3989928075899911, 213.1782842209040041, -17.00000000000000000 ) ) ;
#4125 = LINE ( 'NONE', #788, #3030 ) ;
#4126 = VERTEX_POINT ( 'NONE', #2133 ) ;
#4127 = ORIENTED_EDGE ( 'NONE', *, *, #1673, .F. ) ;
#4128 = CARTESIAN_POINT ( 'NONE',  ( 257.2977337495979668, 130.8782861682230134, 0.000000000000000000 ) ) ;
#4129 = DIRECTION ( 'NONE',  ( 0.000000000000000000, 0.000000000000000000, 1.000000000000000000 ) ) ;
#4130 = PLANE ( 'NONE',  #4297 ) ;
#4131 = LINE ( 'NONE', #1084, #2651 ) ;
#4132 = DIRECTION ( 'NONE',  ( 0.000000000000000000, 0.000000000000000000, -1.000000000000000000 ) ) ;
#4133 = CARTESIAN_POINT ( 'NONE',  ( 291.1107506312469582, 123.1782976234140108, 0.000000000000000000 ) ) ;
#4134 = DIRECTION ( 'NONE',  ( 1.000000000000000000, 0.000000000000000000, 0.000000000000000000 ) ) ;
#4135 = DIRECTION ( 'NONE',  ( -1.000000000000000000, -8.609409375067459859E-13, 0.000000000000000000 ) ) ;
#4136 = CIRCLE ( 'NONE', #948, 1.480499935150147994 ) ;
#4137 = EDGE_CURVE ( 'NONE', #204, #3556, #4179, .T. ) ;
#4138 = CIRCLE ( 'NONE', #1156, 3.374900000006619827 ) ;
#4139 = PLANE ( 'NONE',  #2595 ) ;
#4140 = EDGE_LOOP ( 'NONE', ( #4399, #3672, #614, #711, #2390, #1459 ) ) ;
#4141 = CARTESIAN_POINT ( 'NONE',  ( 262.2977337495979668, 130.8782861682300052, -5.000000000000000000 ) ) ;
#4142 = VECTOR ( 'NONE', #3409, 1000.000000000000000 ) ;
#4143 = AXIS2_PLACEMENT_3D ( 'NONE', #1002, #3945, #2404 ) ;
#4144 = DIRECTION ( 'NONE',  ( 1.000000000000000000, -3.083782076735418764E-16, 0.000000000000000000 ) ) ;
#4145 = CARTESIAN_POINT ( 'NONE',  ( 339.5989928075899797, 208.1782842209049988, -22.00000000000000000 ) ) ;
#4146 = VECTOR ( 'NONE', #4053, 1000.000000000000000 ) ;
#4147 = CARTESIAN_POINT ( 'NONE',  ( 341.8989928075779972, 131.5792914133139675, -5.000000000000000000 ) ) ;
#4148 = ORIENTED_EDGE ( 'NONE', *, *, #3888, .F. ) ;
#4149 = VECTOR ( 'NONE', #1602, 1000.000000000000000 ) ;
#4150 = ORIENTED_EDGE ( 'NONE', *, *, #2386, .T. ) ;
#4151 = CARTESIAN_POINT ( 'NONE',  ( 256.0622005464662152, 124.6427504860714492, -25.00000000000000000 ) ) ;
#4152 = AXIS2_PLACEMENT_3D ( 'NONE', #2975, #3642, #1314 ) ;
#4153 = EDGE_CURVE ( 'NONE', #2190, #16, #1839, .T. ) ;
#4154 = CARTESIAN_POINT ( 'NONE',  ( 260.0477337495220240, 128.6282870831379910, -22.00000000000000000 ) ) ;
#4155 = EDGE_CURVE ( 'NONE', #925, #1625, #1937, .T. ) ;
#4156 = CARTESIAN_POINT ( 'NONE',  ( 254.5977337495149868, 213.1782842209040041, -5.000000000000000000 ) ) ;
#4157 = CARTESIAN_POINT ( 'NONE',  ( 282.0996114831159503, 210.4782842208930163, -5.000000000000000000 ) ) ;
#4158 = DIRECTION ( 'NONE',  ( 0.000000000000000000, 1.000000000000000000, 0.000000000000000000 ) ) ;
#4159 = EDGE_CURVE ( 'NONE', #4305, #1491, #1420, .T. ) ;
#4160 = ADVANCED_FACE ( 'NONE', ( #1439 ), #3473, .F. ) ;
#4161 = CARTESIAN_POINT ( 'NONE',  ( 254.5977337495149868, 213.1782842209040041, -22.00000000000000000 ) ) ;
#4162 = DIRECTION ( 'NONE',  ( 0.7071070623102297947, -0.7071065000627535513, 0.000000000000000000 ) ) ;
#4163 = VECTOR ( 'NONE', #1363, 1000.000000000000000 ) ;
#4164 = CARTESIAN_POINT ( 'NONE',  ( 329.5989950341020176, 129.5792914133149907, -5.000000000000000000 ) ) ;
#4165 = FACE_OUTER_BOUND ( 'NONE', #955, .T. ) ;
#4166 = AXIS2_PLACEMENT_3D ( 'NONE', #2579, #4010, #226 ) ;
#4167 = LINE ( 'NONE', #2197, #3741 ) ;
#4168 = ORIENTED_EDGE ( 'NONE', *, *, #3094, .F. ) ;
#4169 = LINE ( 'NONE', #1456, #3002 ) ;
#4170 = CARTESIAN_POINT ( 'NONE',  ( 309.7989928075899684, 190.6782839424210181, -17.00000000000000000 ) ) ;
#4171 = VECTOR ( 'NONE', #952, 1000.000000000000000 ) ;
#4172 = CARTESIAN_POINT ( 'NONE',  ( 304.7990274744070121, 123.1783030654479916, -5.000000000000000000 ) ) ;
#4173 = ORIENTED_EDGE ( 'NONE', *, *, #4397, .T. ) ;
#4174 = EDGE_LOOP ( 'NONE', ( #880, #1029, #3367, #1347 ) ) ;
#4175 = CIRCLE ( 'NONE', #3599, 5.000000000000004441 ) ;
#4176 = DIRECTION ( 'NONE',  ( 0.000000000000000000, 0.000000000000000000, 1.000000000000000000 ) ) ;
#4177 = PERSON_AND_ORGANIZATION_ROLE ( 'classification_officer' ) ;
#4178 = CARTESIAN_POINT ( 'NONE',  ( 263.3990014167189884, 197.3783112489269911, -3.500000000000000000 ) ) ;
#4179 = LINE ( 'NONE', #1773, #797 ) ;
#4180 = DIRECTION ( 'NONE',  ( -3.975690058647770398E-07, 0.9999999999999210631, -1.457737887719004127E-30 ) ) ;
#4181 = CARTESIAN_POINT ( 'NONE',  ( 339.5989928075869670, 210.3752842209040068, -25.00000000000000000 ) ) ;
#4182 = CARTESIAN_POINT ( 'NONE',  ( 314.7108161019630188, 210.4782842208930163, 0.000000000000000000 ) ) ;
#4183 = DIRECTION ( 'NONE',  ( 0.000000000000000000, 0.000000000000000000, 1.000000000000000000 ) ) ;
#4184 = ADVANCED_FACE ( 'NONE', ( #2817 ), #3821, .T. ) ;
#4185 = CARTESIAN_POINT ( 'NONE',  ( 304.7989928075899684, 213.1782842209040041, -5.000000000000000000 ) ) ;
#4186 = CARTESIAN_POINT ( 'NONE',  ( 341.9027234966480364, 128.6283155986120050, -5.000000000000000000 ) ) ;
#4187 = VERTEX_POINT ( 'NONE', #2839 ) ;
#4188 = CARTESIAN_POINT ( 'NONE',  ( 259.5977337495879738, 128.1782850948149814, 0.000000000000000000 ) ) ;
#4189 = DIRECTION ( 'NONE',  ( 0.000000000000000000, 0.000000000000000000, 1.000000000000000000 ) ) ;
#4190 = CARTESIAN_POINT ( 'NONE',  ( 341.8989928075779972, 128.4851041553519906, -5.000000000000000000 ) ) ;
#4191 = PLANE ( 'NONE',  #2255 ) ;
#4192 = ORIENTED_EDGE ( 'NONE', *, *, #4054, .F. ) ;
#4193 = ORIENTED_EDGE ( 'NONE', *, *, #4153, .F. ) ;
#4194 = CARTESIAN_POINT ( 'NONE',  ( 264.5989928075869670, 125.8782870831380052, -22.00000000000000000 ) ) ;
#4195 = ORIENTED_EDGE ( 'NONE', *, *, #3268, .T. ) ;
#4196 = CARTESIAN_POINT ( 'NONE',  ( 259.5977337495879738, 128.1782850948149814, 0.000000000000000000 ) ) ;
#4197 = EDGE_CURVE ( 'NONE', #566, #2756, #1795, .T. ) ;
#4198 = DIRECTION ( 'NONE',  ( -3.068063101763788440E-06, -0.9999999999952934315, 0.000000000000000000 ) ) ;
#4199 = CARTESIAN_POINT ( 'NONE',  ( 264.5989928075869670, 125.8782870831380052, -5.000000000000000000 ) ) ;
#4200 = CARTESIAN_POINT ( 'NONE',  ( 306.2634589016572590, 210.3752842209040068, -20.53553390593273065 ) ) ;
#4201 = DIRECTION ( 'NONE',  ( 1.000000000000000000, 0.000000000000000000, 0.000000000000000000 ) ) ;
#4202 = DIRECTION ( 'NONE',  ( 0.7071067811865483499, 0.000000000000000000, -0.7071067811865469066 ) ) ;
#4203 = ORIENTED_EDGE ( 'NONE', *, *, #3255, .T. ) ;
#4204 = VERTEX_POINT ( 'NONE', #3438 ) ;
#4205 = CARTESIAN_POINT ( 'NONE',  ( 341.8989611935510311, 205.4973235846480009, -5.000000000000000000 ) ) ;
#4206 = AXIS2_PLACEMENT_3D ( 'NONE', #1536, #1292, #3668 ) ;
#4207 = DIRECTION ( 'NONE',  ( 1.000000000000000000, 0.000000000000000000, 0.000000000000000000 ) ) ;
#4208 = VECTOR ( 'NONE', #1205, 1000.000000000000000 ) ;
#4209 = LOCAL_TIME ( 18, 22, 4.000000000000000000, #684 ) ;
#4210 = DIRECTION ( 'NONE',  ( 0.7071067811865763275, 0.000000000000000000, -0.7071067811865187069 ) ) ;
#4211 = ORIENTED_EDGE ( 'NONE', *, *, #144, .F. ) ;
#4212 = ORIENTED_EDGE ( 'NONE', *, *, #2526, .F. ) ;
#4213 = CIRCLE ( 'NONE', #2437, 5.000000000000011546 ) ;
#4214 = EDGE_CURVE ( 'NONE', #2968, #4267, #4131, .T. ) ;
#4215 = FACE_OUTER_BOUND ( 'NONE', #3421, .T. ) ;
#4216 = VECTOR ( 'NONE', #340, 1000.000000000000227 ) ;
#4217 = CIRCLE ( 'NONE', #387, 5.000000000000004441 ) ;
#4218 = AXIS2_PLACEMENT_3D ( 'NONE', #646, #298, #2006 ) ;
#4219 = DIRECTION ( 'NONE',  ( 7.075485213376739605E-07, 0.9999999999997496447, 0.000000000000000000 ) ) ;
#4220 = ORIENTED_EDGE ( 'NONE', *, *, #3903, .T. ) ;
#4221 = LINE ( 'NONE', #441, #515 ) ;
#4222 = VECTOR ( 'NONE', #1727, 1000.000000000000000 ) ;
#4223 = CIRCLE ( 'NONE', #2875, 2.749999999999919176 ) ;
#4224 = EDGE_CURVE ( 'NONE', #2145, #2190, #2721, .T. ) ;
#4225 = DIRECTION ( 'NONE',  ( -8.609409375067459859E-13, 1.000000000000000000, 0.000000000000000000 ) ) ;
#4226 = DIRECTION ( 'NONE',  ( 3.975690041881600240E-07, -0.9999999999999210631, 6.918569856557630267E-16 ) ) ;
#4227 = DIRECTION ( 'NONE',  ( -1.000000000000000000, 0.000000000000000000, 0.000000000000000000 ) ) ;
#4228 = DIRECTION ( 'NONE',  ( 0.000000000000000000, 0.000000000000000000, 1.000000000000000000 ) ) ;
#4229 = VERTEX_POINT ( 'NONE', #420 ) ;
#4230 = CARTESIAN_POINT ( 'NONE',  ( 308.0872707651380438, 210.4782842208930163, 0.000000000000000000 ) ) ;
#4231 = EDGE_LOOP ( 'NONE', ( #1181, #4203 ) ) ;
#4232 = EDGE_CURVE ( 'NONE', #1005, #4291, #1556, .T. ) ;
#4233 = ORIENTED_EDGE ( 'NONE', *, *, #1048, .F. ) ;
#4234 = CARTESIAN_POINT ( 'NONE',  ( 314.7108161019630188, 213.1782842209040041, 0.000000000000000000 ) ) ;
#4235 = CARTESIAN_POINT ( 'NONE',  ( 259.5989928075869670, 210.3752842209040068, -22.00000000000000000 ) ) ;
#4236 = CARTESIAN_POINT ( 'NONE',  ( 339.6026927744260320, 213.1782842209040041, 0.000000000000000000 ) ) ;
#4237 = ORIENTED_EDGE ( 'NONE', *, *, #2386, .F. ) ;
#4238 = ORIENTED_EDGE ( 'NONE', *, *, #2773, .T. ) ;
#4239 = CARTESIAN_POINT ( 'NONE',  ( 341.7465582586999631, 208.6417188259970033, -22.00000000000000000 ) ) ;
#4240 = EDGE_CURVE ( 'NONE', #370, #3344, #913, .T. ) ;
#4241 = DIRECTION ( 'NONE',  ( 0.000000000000000000, 0.000000000000000000, 1.000000000000000000 ) ) ;
#4242 = VERTEX_POINT ( 'NONE', #2265 ) ;
#4243 = EDGE_CURVE ( 'NONE', #2537, #1067, #1243, .T. ) ;
#4244 = VERTEX_POINT ( 'NONE', #3213 ) ;
#4245 = EDGE_CURVE ( 'NONE', #3873, #1655, #243, .T. ) ;
#4246 = CARTESIAN_POINT ( 'NONE',  ( 262.2977337495020151, 205.4782842208930163, 0.000000000000000000 ) ) ;
#4247 = ORIENTED_EDGE ( 'NONE', *, *, #547, .T. ) ;
#4248 = EDGE_LOOP ( 'NONE', ( #892, #1683, #3206, #986 ) ) ;
#4249 = CARTESIAN_POINT ( 'NONE',  ( 259.5977337495879738, 128.1782850948149814, -25.00000000000000000 ) ) ;
#4250 = CARTESIAN_POINT ( 'NONE',  ( 336.8989928076139790, 205.4795432790280074, -3.500000000000000000 ) ) ;
#4251 = LINE ( 'NONE', #4164, #4289 ) ;
#4252 = ORIENTED_EDGE ( 'NONE', *, *, #3171, .F. ) ;
#4253 = DIRECTION ( 'NONE',  ( 0.000000000000000000, 0.000000000000000000, 1.000000000000000000 ) ) ;
#4254 = ORIENTED_EDGE ( 'NONE', *, *, #4372, .F. ) ;
#4255 = VERTEX_POINT ( 'NONE', #1288 ) ;
#4256 = CARTESIAN_POINT ( 'NONE',  ( 257.2977337495049710, 207.7282842208930163, -5.000000000000000000 ) ) ;
#4257 = ADVANCED_FACE ( 'NONE', ( #2283 ), #3542, .F. ) ;
#4258 = CARTESIAN_POINT ( 'NONE',  ( 329.5989950341020176, 129.5792914133149907, -5.000000000000000000 ) ) ;
#4259 = DIRECTION ( 'NONE',  ( 0.000000000000000000, 0.000000000000000000, 1.000000000000000000 ) ) ;
#4260 = ORIENTED_EDGE ( 'NONE', *, *, #3245, .T. ) ;
#4261 = ORIENTED_EDGE ( 'NONE', *, *, #2578, .T. ) ;
#4262 = ORIENTED_EDGE ( 'NONE', *, *, #3443, .F. ) ;
#4263 = ORIENTED_EDGE ( 'NONE', *, *, #1132, .T. ) ;
#4264 = ORIENTED_EDGE ( 'NONE', *, *, #814, .F. ) ;
#4265 = DIRECTION ( 'NONE',  ( 8.609409375067459859E-13, -1.000000000000000000, 0.000000000000000000 ) ) ;
#4266 = VERTEX_POINT ( 'NONE', #3957 ) ;
#4267 = VERTEX_POINT ( 'NONE', #570 ) ;
#4268 = CARTESIAN_POINT ( 'NONE',  ( 264.5989928075869670, 210.4782842208930163, -5.000000000000000000 ) ) ;
#4269 = CARTESIAN_POINT ( 'NONE',  ( 257.4019928075900339, 208.1782842209040041, -22.00000000000000000 ) ) ;
#4270 = DIRECTION ( 'NONE',  ( 0.000000000000000000, -1.000000000000000000, 0.000000000000000000 ) ) ;
#4271 = ORIENTED_EDGE ( 'NONE', *, *, #3835, .F. ) ;
#4272 = ORIENTED_EDGE ( 'NONE', *, *, #3582, .F. ) ;
#4273 = CARTESIAN_POINT ( 'NONE',  ( 332.7234746446408735, 128.6332666870839887, -5.000000000000000000 ) ) ;
#4274 = EDGE_CURVE ( 'NONE', #2310, #3550, #4334, .T. ) ;
#4275 = DIRECTION ( 'NONE',  ( -1.000000000000000000, 0.000000000000000000, 0.000000000000000000 ) ) ;
#4276 = CARTESIAN_POINT ( 'NONE',  ( 257.4019928075891812, 191.7225491000616842, -22.00000000000000000 ) ) ;
#4277 = ORIENTED_EDGE ( 'NONE', *, *, #870, .T. ) ;
#4278 = ORIENTED_EDGE ( 'NONE', *, *, #934, .T. ) ;
#4279 = CIRCLE ( 'NONE', #21, 5.000000000000004441 ) ;
#4280 = VECTOR ( 'NONE', #1897, 1000.000000000000000 ) ;
#4281 = CC_DESIGN_APPROVAL ( #1353, ( #3710 ) ) ;
#4282 = CIRCLE ( 'NONE', #3781, 4.999999999999980460 ) ;
#4283 = VERTEX_POINT ( 'NONE', #1266 ) ;
#4284 = VERTEX_POINT ( 'NONE', #1907 ) ;
#4285 = EDGE_LOOP ( 'NONE', ( #1913, #568, #790, #1585 ) ) ;
#4286 = FACE_OUTER_BOUND ( 'NONE', #2343, .T. ) ;
#4287 = PLANE ( 'NONE',  #4069 ) ;
#4288 = EDGE_CURVE ( 'NONE', #1634, #808, #1858, .T. ) ;
#4289 = VECTOR ( 'NONE', #2138, 1000.000000000000000 ) ;
#4290 = AXIS2_PLACEMENT_3D ( 'NONE', #3086, #52, #2423 ) ;
#4291 = VERTEX_POINT ( 'NONE', #529 ) ;
#4292 = ADVANCED_FACE ( 'NONE', ( #178 ), #4287, .T. ) ;
#4293 = AXIS2_PLACEMENT_3D ( 'NONE', #4311, #956, #1330 ) ;
#4294 = ORIENTED_EDGE ( 'NONE', *, *, #1142, .F. ) ;
#4295 = CARTESIAN_POINT ( 'NONE',  ( 344.6026947622719945, 203.1782838797809916, -5.000000000000000000 ) ) ;
#4296 = CARTESIAN_POINT ( 'NONE',  ( 344.6026927744260320, 208.1782862087490003, 0.000000000000000000 ) ) ;
#4297 = AXIS2_PLACEMENT_3D ( 'NONE', #1733, #3770, #2112 ) ;
#4298 = ADVANCED_FACE ( 'NONE', ( #1886 ), #2885, .F. ) ;
#4299 = EDGE_CURVE ( 'NONE', #1099, #2993, #3564, .T. ) ;
#4300 = LINE ( 'NONE', #2956, #3451 ) ;
#4301 = EDGE_LOOP ( 'NONE', ( #2911, #3578, #2121, #4193, #867, #240, #285 ) ) ;
#4302 = EDGE_LOOP ( 'NONE', ( #3766, #3992, #2331, #2490, #257, #4272, #858 ) ) ;
#4303 = CARTESIAN_POINT ( 'NONE',  ( 341.8989664093870715, 192.3779999999999859, -5.000000000000000000 ) ) ;
#4304 = CARTESIAN_POINT ( 'NONE',  ( 334.6026953589549748, 210.4782842208930163, -22.00000000000000000 ) ) ;
#4305 = VERTEX_POINT ( 'NONE', #2617 ) ;
#4306 = VERTEX_POINT ( 'NONE', #593 ) ;
#4307 = AXIS2_PLACEMENT_3D ( 'NONE', #2695, #1298, #2610 ) ;
#4308 = CARTESIAN_POINT ( 'NONE',  ( 334.5989928075509852, 123.1783149129909987, -22.00000000000000000 ) ) ;
#4309 = ORIENTED_EDGE ( 'NONE', *, *, #418, .T. ) ;
#4310 = VERTEX_POINT ( 'NONE', #3998 ) ;
#4311 = CARTESIAN_POINT ( 'NONE',  ( 309.7989928075899684, 213.1782842209040041, -17.00000000000000000 ) ) ;
#4312 = CARTESIAN_POINT ( 'NONE',  ( 264.5990010913569677, 213.1782842208920101, -5.000000000000000000 ) ) ;
#4313 = VECTOR ( 'NONE', #2782, 1000.000000000000000 ) ;
#4314 = ORIENTED_EDGE ( 'NONE', *, *, #1136, .F. ) ;
#4315 = VERTEX_POINT ( 'NONE', #2241 ) ;
#4316 = FACE_BOUND ( 'NONE', #766, .T. ) ;
#4317 = FACE_OUTER_BOUND ( 'NONE', #4140, .T. ) ;
#4318 = VECTOR ( 'NONE', #2494, 1000.000000000000000 ) ;
#4319 = APPROVAL ( #400, 'UNSPECIFIED' ) ;
#4320 = ORIENTED_EDGE ( 'NONE', *, *, #12, .F. ) ;
#4321 = CARTESIAN_POINT ( 'NONE',  ( 341.8176080111219903, 206.3780000000000143, -3.500000000000000000 ) ) ;
#4322 = ORIENTED_EDGE ( 'NONE', *, *, #1204, .T. ) ;
#4323 = EDGE_LOOP ( 'NONE', ( #1290, #3610, #3394, #3174, #1755, #2720, #1305, #365, #494, #2944, #1852, #2811, #1622, #4195, #532, #1552, #3140, #2370 ) ) ;
#4324 = DIRECTION ( 'NONE',  ( -1.000000000000000000, 2.631639762092139926E-14, 0.000000000000000000 ) ) ;
#4325 = DIRECTION ( 'NONE',  ( 0.000000000000000000, 0.000000000000000000, 1.000000000000000000 ) ) ;
#4326 = EDGE_CURVE ( 'NONE', #2683, #2227, #270, .T. ) ;
#4327 = CARTESIAN_POINT ( 'NONE',  ( 257.2977337495939878, 133.9783020997919891, -22.00000000000000000 ) ) ;
#4328 = ORIENTED_EDGE ( 'NONE', *, *, #2484, .F. ) ;
#4329 = VERTEX_POINT ( 'NONE', #1215 ) ;
#4330 = LINE ( 'NONE', #3052, #690 ) ;
#4331 = EDGE_LOOP ( 'NONE', ( #3719, #180, #2215, #3928 ) ) ;
#4332 = ORIENTED_EDGE ( 'NONE', *, *, #567, .T. ) ;
#4333 = DIRECTION ( 'NONE',  ( 1.000000000000000000, -1.130693106965140228E-14, 0.000000000000000000 ) ) ;
#4334 = LINE ( 'NONE', #931, #655 ) ;
#4335 = ORIENTED_EDGE ( 'NONE', *, *, #3615, .T. ) ;
#4336 = EDGE_CURVE ( 'NONE', #2129, #3942, #2503, .T. ) ;
#4337 = ORIENTED_EDGE ( 'NONE', *, *, #791, .F. ) ;
#4338 = LINE ( 'NONE', #964, #3005 ) ;
#4339 = PLANE ( 'NONE',  #3011 ) ;
#4340 = CARTESIAN_POINT ( 'NONE',  ( 254.5977337495230017, 203.1783063018060034, -5.000000000000000000 ) ) ;
#4341 = LINE ( 'NONE', #1293, #2247 ) ;
#4342 = VERTEX_POINT ( 'NONE', #2950 ) ;
#4343 = DIRECTION ( 'NONE',  ( 1.000000000000000000, -1.539508534629319852E-13, 0.000000000000000000 ) ) ;
#4344 = CARTESIAN_POINT ( 'NONE',  ( 299.6002301586469798, 168.1782836639370089, -25.00000000000000000 ) ) ;
#4345 = FACE_OUTER_BOUND ( 'NONE', #3529, .T. ) ;
#4346 = ORIENTED_EDGE ( 'NONE', *, *, #446, .F. ) ;
#4347 = CARTESIAN_POINT ( 'NONE',  ( 344.6027245799330103, 128.1783188901649737, 0.000000000000000000 ) ) ;
#4348 = EDGE_CURVE ( 'NONE', #4368, #2899, #3979, .T. ) ;
#4349 = ORIENTED_EDGE ( 'NONE', *, *, #1922, .F. ) ;
#4350 = ORIENTED_EDGE ( 'NONE', *, *, #4243, .T. ) ;
#4351 = LINE ( 'NONE', #617, #2443 ) ;
#4352 = COORDINATED_UNIVERSAL_TIME_OFFSET ( 0, 0, .AHEAD. ) ;
#4353 = CIRCLE ( 'NONE', #94, 4.999999999964366282 ) ;
#4354 = AXIS2_PLACEMENT_3D ( 'NONE', #717, #3134, #1164 ) ;
#4355 =( GEOMETRIC_REPRESENTATION_CONTEXT ( 3 ) GLOBAL_UNCERTAINTY_ASSIGNED_CONTEXT ( ( #1570 ) ) GLOBAL_UNIT_ASSIGNED_CONTEXT ( ( #2702, #374, #1688 ) ) REPRESENTATION_CONTEXT ( 'NONE', 'WORKASPACE' ) );
#4356 = ORIENTED_EDGE ( 'NONE', *, *, #252, .T. ) ;
#4357 = ORIENTED_EDGE ( 'NONE', *, *, #944, .T. ) ;
#4358 = CARTESIAN_POINT ( 'NONE',  ( 300.3990449729780039, 213.1782842209040041, 0.6497013181467868881 ) ) ;
#4359 = CARTESIAN_POINT ( 'NONE',  ( 334.2039745797910086, 128.6332666870839887, -3.500000000000000000 ) ) ;
#4360 = CARTESIAN_POINT ( 'NONE',  ( 262.2977337495979668, 130.8782861682300052, -3.500000000000000000 ) ) ;
#4361 = VECTOR ( 'NONE', #3739, 1000.000000000000000 ) ;
#4362 = VECTOR ( 'NONE', #2053, 1000.000000000000000 ) ;
#4363 = CARTESIAN_POINT ( 'NONE',  ( 336.8989928076139790, 205.4795432790280074, -5.000000000000000000 ) ) ;
#4364 = EDGE_CURVE ( 'NONE', #3202, #526, #3932, .T. ) ;
#4365 = CIRCLE ( 'NONE', #3720, 4.999999999999983125 ) ;
#4366 = AXIS2_PLACEMENT_3D ( 'NONE', #1626, #3612, #1994 ) ;
#4367 = CARTESIAN_POINT ( 'NONE',  ( 341.9027225921830109, 133.1782848660099887, -5.000000000000000000 ) ) ;
#4368 = VERTEX_POINT ( 'NONE', #2971 ) ;
#4369 = CARTESIAN_POINT ( 'NONE',  ( 344.6026993167175760, 191.7225491000543798, -5.000000000000000000 ) ) ;
#4370 = CARTESIAN_POINT ( 'NONE',  ( 334.5989928075509852, 123.1783149129909987, -5.000000000000000000 ) ) ;
#4371 = AXIS2_PLACEMENT_3D ( 'NONE', #68, #3753, #3148 ) ;
#4372 = EDGE_CURVE ( 'NONE', #859, #3281, #2637, .T. ) ;
#4373 = EDGE_CURVE ( 'NONE', #45, #3275, #1729, .T. ) ;
#4374 = CARTESIAN_POINT ( 'NONE',  ( 260.0477337495220240, 128.6282870831379910, -22.00000000000000000 ) ) ;
#4375 = ORIENTED_EDGE ( 'NONE', *, *, #732, .F. ) ;
#4376 = CARTESIAN_POINT ( 'NONE',  ( 341.8989928075779972, 128.4851041553519906, -3.500000000000000000 ) ) ;
#4377 = ORIENTED_EDGE ( 'NONE', *, *, #1987, .F. ) ;
#4378 = VERTEX_POINT ( 'NONE', #3751 ) ;
#4379 = DIRECTION ( 'NONE',  ( -6.889137694542789809E-14, 1.000000000000000000, 0.000000000000000000 ) ) ;
#4380 = AXIS2_PLACEMENT_3D ( 'NONE', #2077, #2774, #3216 ) ;
#4381 = ADVANCED_FACE ( 'NONE', ( #1351 ), #706, .T. ) ;
#4382 = EDGE_CURVE ( 'NONE', #1675, #2861, #2348, .T. ) ;
#4383 = VECTOR ( 'NONE', #1223, 1000.000000000000000 ) ;
#4384 = EDGE_CURVE ( 'NONE', #2145, #3340, #951, .T. ) ;
#4385 = ORIENTED_EDGE ( 'NONE', *, *, #2327, .T. ) ;
#4386 = DIRECTION ( 'NONE',  ( 0.000000000000000000, 0.000000000000000000, -1.000000000000000000 ) ) ;
#4387 = CARTESIAN_POINT ( 'NONE',  ( 339.5989928075869670, 210.3752842209040068, -22.00000000000000000 ) ) ;
#4388 = DIRECTION ( 'NONE',  ( 0.000000000000000000, 0.000000000000000000, -1.000000000000000000 ) ) ;
#4389 = CARTESIAN_POINT ( 'NONE',  ( 294.7990196434950008, 145.6782904224399999, -5.000000000000000000 ) ) ;
#4390 = LINE ( 'NONE', #2337, #4362 ) ;
#4391 = ORIENTED_EDGE ( 'NONE', *, *, #144, .T. ) ;
#4392 = AXIS2_PLACEMENT_3D ( 'NONE', #2209, #2541, #210 ) ;
#4393 = LINE ( 'NONE', #2693, #2864 ) ;
#4394 = DIRECTION ( 'NONE',  ( -1.000000000000000000, 0.000000000000000000, 0.000000000000000000 ) ) ;
#4395 = CYLINDRICAL_SURFACE ( 'NONE', #3663, 5.000000000000015987 ) ;
#4396 = ORIENTED_EDGE ( 'NONE', *, *, #252, .F. ) ;
#4397 = EDGE_CURVE ( 'NONE', #2692, #784, #3701, .T. ) ;
#4398 = FACE_OUTER_BOUND ( 'NONE', #3077, .T. ) ;
#4399 = ORIENTED_EDGE ( 'NONE', *, *, #2600, .T. ) ;
#4400 = VERTEX_POINT ( 'NONE', #3661 ) ;
#4401 = LINE ( 'NONE', #4128, #4222 ) ;
#4402 = DIRECTION ( 'NONE',  ( 1.290120858860669911E-12, -1.000000000000000000, 0.000000000000000000 ) ) ;
#4403 = CARTESIAN_POINT ( 'NONE',  ( 341.9026929533699786, 207.7282853142090175, -5.000000000000000000 ) ) ;
ENDSEC;
END-ISO-10303-21;
