ISO-10303-21;
HEADER;
FILE_DESCRIPTION (( 'STEP AP203' ),
    '1' );
FILE_NAME ('L_for_big.STEP',
    '2025-08-25T14:22:55',
    ( '' ),
    ( '' ),
    'SwSTEP 2.0',
    'SolidWorks 2023',
    '' );
FILE_SCHEMA (( 'CONFIG_CONTROL_DESIGN' ));
ENDSEC;

DATA;
#1 = ORIENTED_EDGE ( 'NONE', *, *, #651, .F. ) ;
#2 = CARTESIAN_POINT ( 'NONE',  ( 26.95565051579051996, 10.14086318004959963, 0.000000000000000000 ) ) ;
#3 = VECTOR ( 'NONE', #710, 1000.000000000000000 ) ;
#4 = ORIENTED_EDGE ( 'NONE', *, *, #1764, .F. ) ;
#5 = DIRECTION ( 'NONE',  ( 0.7003406701280765478, 0.7138087599382321180, 0.000000000000000000 ) ) ;
#6 = DIRECTION ( 'NONE',  ( -1.000000000000000000, 0.000000000000000000, -0.000000000000000000 ) ) ;
#7 = ADVANCED_FACE ( 'NONE', ( #1437 ), #1297, .F. ) ;
#8 = ORIENTED_EDGE ( 'NONE', *, *, #1789, .F. ) ;
#9 = FACE_OUTER_BOUND ( 'NONE', #16, .T. ) ;
#10 = DATE_AND_TIME ( #910, #33 ) ;
#11 = VERTEX_POINT ( 'NONE', #157 ) ;
#12 = CARTESIAN_POINT ( 'NONE',  ( -33.02856092426116419, -1.912567002295751939, 40.00000000000000000 ) ) ;
#13 = ORIENTED_EDGE ( 'NONE', *, *, #915, .T. ) ;
#14 = DIRECTION ( 'NONE',  ( -0.7138087599382321180, 0.7003406701280765478, 0.000000000000000000 ) ) ;
#15 = CARTESIAN_POINT ( 'NONE',  ( -27.78709651231129030, 25.91314956454337448, 40.00000000000000000 ) ) ;
#16 = EDGE_LOOP ( 'NONE', ( #1351, #536, #1632, #1550 ) ) ;
#17 = DIRECTION ( 'NONE',  ( 0.7138087599382321180, -0.7003406701280765478, 0.000000000000000000 ) ) ;
#18 = PERSON_AND_ORGANIZATION ( #1547, #1631 ) ;
#19 = ORIENTED_EDGE ( 'NONE', *, *, #871, .F. ) ;
#20 = CARTESIAN_POINT ( 'NONE',  ( 10.92429653619059948, 10.71817773362095672, 0.000000000000000000 ) ) ;
#21 = ADVANCED_FACE ( 'NONE', ( #728, #1305 ), #1167, .F. ) ;
#22 = ORIENTED_EDGE ( 'NONE', *, *, #189, .F. ) ;
#23 = DIRECTION ( 'NONE',  ( -4.624574187150074083E-16, -4.713508306133733791E-16, -1.000000000000000000 ) ) ;
#24 = DIRECTION ( 'NONE',  ( -0.000000000000000000, -0.000000000000000000, -1.000000000000000000 ) ) ;
#25 = ORIENTED_EDGE ( 'NONE', *, *, #285, .T. ) ;
#26 = DIRECTION ( 'NONE',  ( 2.782299630809220457E-32, 4.811659614929462074E-16, 1.000000000000000000 ) ) ;
#27 = AXIS2_PLACEMENT_3D ( 'NONE', #1268, #1653, #1845 ) ;
#28 = VECTOR ( 'NONE', #579, 1000.000000000000000 ) ;
#29 = ORIENTED_EDGE ( 'NONE', *, *, #176, .T. ) ;
#30 = PLANE ( 'NONE',  #930 ) ;
#31 = APPROVAL ( #1605, 'UNSPECIFIED' ) ;
#32 = VECTOR ( 'NONE', #1052, 1000.000000000000000 ) ;
#33 = LOCAL_TIME ( 15, 22, 55.00000000000000000, #1592 ) ;
#34 = CARTESIAN_POINT ( 'NONE',  ( 0.000000000000000000, -244.8289968688901297, 20.00000000000000355 ) ) ;
#35 = DIRECTION ( 'NONE',  ( 0.7003406701280762148, 0.7138087599382322290, 0.000000000000000000 ) ) ;
#36 = DIRECTION ( 'NONE',  ( 1.000000000000000000, 2.312964634635743943E-16, -0.000000000000000000 ) ) ;
#37 = ORIENTED_EDGE ( 'NONE', *, *, #1752, .F. ) ;
#38 = FACE_OUTER_BOUND ( 'NONE', #1650, .T. ) ;
#39 = ORIENTED_EDGE ( 'NONE', *, *, #1083, .T. ) ;
#40 = DIRECTION ( 'NONE',  ( 0.7003406701280765478, 0.7138087599382321180, 0.000000000000000000 ) ) ;
#41 = CARTESIAN_POINT ( 'NONE',  ( -27.78230275515328884, -0.000000000000000000, 40.00000000000000000 ) ) ;
#42 = PLANE ( 'NONE',  #1723 ) ;
#43 = DIRECTION ( 'NONE',  ( -0.000000000000000000, 1.000000000000000000, -0.000000000000000000 ) ) ;
#44 = ORIENTED_EDGE ( 'NONE', *, *, #1622, .T. ) ;
#45 = EDGE_CURVE ( 'NONE', #11, #1087, #203, .T. ) ;
#46 = CARTESIAN_POINT ( 'NONE',  ( 161.8603003662677224, -114.4295227326733055, 5.766289436291900827 ) ) ;
#47 = VERTEX_POINT ( 'NONE', #195 ) ;
#48 = CARTESIAN_POINT ( 'NONE',  ( -19.88061592102560482, 18.18208607553186695, 40.00000000000000000 ) ) ;
#49 = DIRECTION ( 'NONE',  ( -0.7003406701280762148, -0.7138087599382322290, 0.000000000000000000 ) ) ;
#50 = DIRECTION ( 'NONE',  ( -0.000000000000000000, -0.000000000000000000, 1.000000000000000000 ) ) ;
#51 = CC_DESIGN_PERSON_AND_ORGANIZATION_ASSIGNMENT ( #18, #1347, ( #515 ) ) ;
#52 = APPROVAL_STATUS ( 'not_yet_approved' ) ;
#53 = ORIENTED_EDGE ( 'NONE', *, *, #1373, .F. ) ;
#54 = CARTESIAN_POINT ( 'NONE',  ( 11.50769724484670675, 25.91314956454337448, 0.000000000000000000 ) ) ;
#55 = VERTEX_POINT ( 'NONE', #1476 ) ;
#56 = DIRECTION ( 'NONE',  ( -0.000000000000000000, -0.000000000000000000, -1.000000000000000000 ) ) ;
#57 = AXIS2_PLACEMENT_3D ( 'NONE', #455, #1635, #1031 ) ;
#58 = CARTESIAN_POINT ( 'NONE',  ( 161.8603003662677224, -102.4295227326732913, 34.60828766234036635 ) ) ;
#59 = VECTOR ( 'NONE', #483, 1000.000000000000000 ) ;
#60 = VECTOR ( 'NONE', #505, 1000.000000000000000 ) ;
#61 = LINE ( 'NONE', #1505, #1055 ) ;
#62 = EDGE_LOOP ( 'NONE', ( #975, #1735, #1126, #331 ) ) ;
#63 = LINE ( 'NONE', #929, #1145 ) ;
#64 = ADVANCED_FACE ( 'NONE', ( #746 ), #323, .F. ) ;
#65 = ORIENTED_EDGE ( 'NONE', *, *, #708, .F. ) ;
#66 = CARTESIAN_POINT ( 'NONE',  ( 4.352391152829474914E-14, -94.08685043545663973, 40.00000000000000000 ) ) ;
#67 = ORIENTED_EDGE ( 'NONE', *, *, #1314, .T. ) ;
#68 = CARTESIAN_POINT ( 'NONE',  ( -38.13969963373227756, -124.0868504354566397, 0.000000000000000000 ) ) ;
#69 = APPLICATION_CONTEXT ( 'configuration controlled 3d designs of mechanical parts and assemblies' ) ;
#70 = CARTESIAN_POINT ( 'NONE',  ( -30.33819442495325802, -124.0868504354566397, 40.00000000000000000 ) ) ;
#71 = APPROVAL_ROLE ( '' ) ;
#72 = VERTEX_POINT ( 'NONE', #1790 ) ;
#73 = CARTESIAN_POINT ( 'NONE',  ( 10.29660762865957757, -84.94294704226662418, 50.00000000000000000 ) ) ;
#74 = EDGE_LOOP ( 'NONE', ( #949, #667, #965, #735 ) ) ;
#75 = FACE_OUTER_BOUND ( 'NONE', #1738, .T. ) ;
#76 = FACE_OUTER_BOUND ( 'NONE', #1582, .T. ) ;
#77 = VERTEX_POINT ( 'NONE', #1324 ) ;
#78 = CARTESIAN_POINT ( 'NONE',  ( -27.78230275515328884, -254.1141075245653269, 40.00000000000000000 ) ) ;
#79 = ADVANCED_BREP_SHAPE_REPRESENTATION ( 'L_for_big', ( #664, #569 ), #485 ) ;
#80 = ADVANCED_FACE ( 'NONE', ( #924 ), #1798, .F. ) ;
#81 = DIRECTION ( 'NONE',  ( 0.04882839841130997421, -0.9988071823473169131, 0.000000000000000000 ) ) ;
#82 = ORIENTED_EDGE ( 'NONE', *, *, #1440, .F. ) ;
#83 = FACE_OUTER_BOUND ( 'NONE', #339, .T. ) ;
#84 = ORIENTED_EDGE ( 'NONE', *, *, #114, .F. ) ;
#85 = CARTESIAN_POINT ( 'NONE',  ( -0.000000000000000000, -244.8289968688901297, 40.00000000000000000 ) ) ;
#86 = CARTESIAN_POINT ( 'NONE',  ( -38.13969963373227756, -124.0868504354566397, 50.00000000000000000 ) ) ;
#87 = EDGE_CURVE ( 'NONE', #1015, #1590, #758, .T. ) ;
#88 = ORIENTED_EDGE ( 'NONE', *, *, #1555, .T. ) ;
#89 = PLANE ( 'NONE',  #148 ) ;
#90 = EDGE_CURVE ( 'NONE', #791, #1406, #897, .T. ) ;
#91 = VECTOR ( 'NONE', #1310, 1000.000000000000000 ) ;
#92 = DIRECTION ( 'NONE',  ( 0.07373153524080444665, -0.9972781260566352390, 0.000000000000000000 ) ) ;
#93 = VECTOR ( 'NONE', #307, 1000.000000000000000 ) ;
#94 = ORIENTED_EDGE ( 'NONE', *, *, #1766, .F. ) ;
#95 = VECTOR ( 'NONE', #1325, 1000.000000000000000 ) ;
#96 = DIRECTION ( 'NONE',  ( 1.000000000000000000, 0.000000000000000000, -2.312287093575036548E-16 ) ) ;
#97 = EDGE_LOOP ( 'NONE', ( #1001, #1371, #1758, #1462 ) ) ;
#98 = CARTESIAN_POINT ( 'NONE',  ( 0.000000000000000000, -266.1141075245653269, 0.000000000000000000 ) ) ;
#99 = ORIENTED_EDGE ( 'NONE', *, *, #1188, .T. ) ;
#100 = CARTESIAN_POINT ( 'NONE',  ( 11.50769724484670675, 25.91314956454337448, 40.00000000000000000 ) ) ;
#101 = DIRECTION ( 'NONE',  ( 1.000000000000000000, 2.312964634635743450E-16, 0.000000000000000000 ) ) ;
#102 = EDGE_LOOP ( 'NONE', ( #1611, #545, #1652, #1184 ) ) ;
#103 = FACE_OUTER_BOUND ( 'NONE', #563, .T. ) ;
#104 = ADVANCED_FACE ( 'NONE', ( #335 ), #1502, .F. ) ;
#105 = VERTEX_POINT ( 'NONE', #473 ) ;
#106 = PLANE ( 'NONE',  #750 ) ;
#107 = ORIENTED_EDGE ( 'NONE', *, *, #718, .F. ) ;
#108 = DIRECTION ( 'NONE',  ( 0.000000000000000000, 0.000000000000000000, 1.000000000000000000 ) ) ;
#109 = LINE ( 'NONE', #1410, #1148 ) ;
#110 = ADVANCED_FACE ( 'NONE', ( #1486 ), #604, .F. ) ;
#111 = LINE ( 'NONE', #998, #213 ) ;
#112 = VERTEX_POINT ( 'NONE', #68 ) ;
#113 = PLANE ( 'NONE',  #597 ) ;
#114 = EDGE_CURVE ( 'NONE', #988, #500, #187, .T. ) ;
#115 = EDGE_LOOP ( 'NONE', ( #228, #1729, #589, #1333 ) ) ;
#116 = FACE_OUTER_BOUND ( 'NONE', #1348, .T. ) ;
#117 = EDGE_CURVE ( 'NONE', #1702, #1182, #504, .T. ) ;
#118 = DIRECTION ( 'NONE',  ( -0.000000000000000000, -0.000000000000000000, -1.000000000000000000 ) ) ;
#119 = VECTOR ( 'NONE', #736, 1000.000000000000000 ) ;
#120 = VECTOR ( 'NONE', #1060, 1000.000000000000000 ) ;
#121 = CARTESIAN_POINT ( 'NONE',  ( -27.78709651231129030, 25.91314956454337448, 40.00000000000000000 ) ) ;
#122 = AXIS2_PLACEMENT_3D ( 'NONE', #1423, #567, #1690 ) ;
#123 = VECTOR ( 'NONE', #985, 1000.000000000000000 ) ;
#124 = ORIENTED_EDGE ( 'NONE', *, *, #781, .F. ) ;
#125 = CARTESIAN_POINT ( 'NONE',  ( 11.50769724484670853, 25.88589247543465177, 40.00000000000000000 ) ) ;
#126 = EDGE_CURVE ( 'NONE', #222, #1182, #612, .T. ) ;
#127 = ORIENTED_EDGE ( 'NONE', *, *, #1151, .F. ) ;
#128 = DIRECTION ( 'NONE',  ( 0.7138087599382323400, -0.7003406701280763258, 0.000000000000000000 ) ) ;
#129 = EDGE_CURVE ( 'NONE', #1754, #1614, #175, .T. ) ;
#130 = DIRECTION ( 'NONE',  ( 2.312964634635743450E-16, -1.000000000000000000, 0.000000000000000000 ) ) ;
#131 = UNCERTAINTY_MEASURE_WITH_UNIT (LENGTH_MEASURE( 1.000000000000000082E-05 ), #378, 'distance_accuracy_value', 'NONE');
#132 = CARTESIAN_POINT ( 'NONE',  ( 0.000000000000000000, 0.000000000000000000, 50.00000000000000000 ) ) ;
#133 = ORIENTED_EDGE ( 'NONE', *, *, #1682, .T. ) ;
#134 = CARTESIAN_POINT ( 'NONE',  ( 161.8603003662677224, -102.4295227326733055, 5.766289436291899051 ) ) ;
#135 = ORIENTED_EDGE ( 'NONE', *, *, #987, .F. ) ;
#136 = CARTESIAN_POINT ( 'NONE',  ( -43.23504978325509995, 10.14086318004959608, 50.00000000000000000 ) ) ;
#137 = ORIENTED_EDGE ( 'NONE', *, *, #818, .T. ) ;
#138 = LINE ( 'NONE', #1847, #3 ) ;
#139 = DIRECTION ( 'NONE',  ( -5.782411586589357392E-17, -1.000000000000000000, 0.000000000000000000 ) ) ;
#140 = VERTEX_POINT ( 'NONE', #1186 ) ;
#141 = DIRECTION ( 'NONE',  ( 1.000000000000000000, 0.000000000000000000, 0.000000000000000000 ) ) ;
#142 = ORIENTED_EDGE ( 'NONE', *, *, #1613, .T. ) ;
#143 = LINE ( 'NONE', #1277, #390 ) ;
#144 = ADVANCED_FACE ( 'NONE', ( #1762 ), #1335, .F. ) ;
#145 = ORIENTED_EDGE ( 'NONE', *, *, #1657, .F. ) ;
#146 = FACE_OUTER_BOUND ( 'NONE', #1587, .T. ) ;
#147 = CARTESIAN_POINT ( 'NONE',  ( -27.78230275515328884, -264.1141075245653269, 40.00000000000000000 ) ) ;
#148 = AXIS2_PLACEMENT_3D ( 'NONE', #258, #1827, #662 ) ;
#149 = ORIENTED_EDGE ( 'NONE', *, *, #1413, .T. ) ;
#150 = ADVANCED_FACE ( 'NONE', ( #1041 ), #1616, .F. ) ;
#151 = VECTOR ( 'NONE', #26, 1000.000000000000000 ) ;
#152 = CARTESIAN_POINT ( 'NONE',  ( 11.50769724484669609, 25.91314956454337448, 35.96354951250265941 ) ) ;
#153 = VECTOR ( 'NONE', #50, 1000.000000000000000 ) ;
#154 = EDGE_LOOP ( 'NONE', ( #1340, #885, #724, #22 ) ) ;
#155 = FACE_OUTER_BOUND ( 'NONE', #1840, .T. ) ;
#156 = VECTOR ( 'NONE', #118, 1000.000000000000000 ) ;
#157 = CARTESIAN_POINT ( 'NONE',  ( -30.33819442495325092, -102.4295227326733340, 34.60828766234036635 ) ) ;
#158 = CARTESIAN_POINT ( 'NONE',  ( -30.33819442495325802, -114.4295227326733482, 34.60828766234036635 ) ) ;
#159 = CARTESIAN_POINT ( 'NONE',  ( 11.50769724484671030, -266.1141075245653269, 50.00000000000000000 ) ) ;
#160 = EDGE_CURVE ( 'NONE', #341, #791, #1062, .T. ) ;
#161 = ORIENTED_EDGE ( 'NONE', *, *, #1327, .T. ) ;
#162 = DIRECTION ( 'NONE',  ( 0.000000000000000000, -0.000000000000000000, -1.000000000000000000 ) ) ;
#163 = EDGE_CURVE ( 'NONE', #140, #1817, #401, .T. ) ;
#164 = SECURITY_CLASSIFICATION_LEVEL ( 'unclassified' ) ;
#165 = ORIENTED_EDGE ( 'NONE', *, *, #1232, .F. ) ;
#166 = DIRECTION ( 'NONE',  ( 1.000000000000000000, 0.000000000000000000, 0.000000000000000000 ) ) ;
#167 = VERTEX_POINT ( 'NONE', #1409 ) ;
#168 = CARTESIAN_POINT ( 'NONE',  ( -16.13628799015146953, -16.44660122073130992, 40.00000000000000000 ) ) ;
#169 = DIRECTION ( 'NONE',  ( -1.000000000000000000, -2.312964634635743943E-16, -0.000000000000000000 ) ) ;
#170 = EDGE_CURVE ( 'NONE', #11, #1831, #937, .T. ) ;
#171 = ORIENTED_EDGE ( 'NONE', *, *, #1011, .T. ) ;
#172 = LINE ( 'NONE', #319, #151 ) ;
#173 = VERTEX_POINT ( 'NONE', #673 ) ;
#174 = CARTESIAN_POINT ( 'NONE',  ( 13.66180557504673665, -94.08685043545662552, 0.000000000000000000 ) ) ;
#175 = LINE ( 'NONE', #774, #1536 ) ;
#176 = EDGE_CURVE ( 'NONE', #1087, #1776, #532, .T. ) ;
#177 = DIRECTION ( 'NONE',  ( 1.156482317317871478E-16, -1.000000000000000000, 1.445602896647339656E-16 ) ) ;
#178 = DIRECTION ( 'NONE',  ( 0.000000000000000000, 0.000000000000000000, -1.000000000000000000 ) ) ;
#179 = ORIENTED_EDGE ( 'NONE', *, *, #1719, .F. ) ;
#180 = CARTESIAN_POINT ( 'NONE',  ( -43.23504978325509995, 10.14086318004959608, 40.00000000000000000 ) ) ;
#181 = AXIS2_PLACEMENT_3D ( 'NONE', #1703, #984, #266 ) ;
#182 = VECTOR ( 'NONE', #141, 1000.000000000000000 ) ;
#183 = ORIENTED_EDGE ( 'NONE', *, *, #837, .T. ) ;
#184 = DIRECTION ( 'NONE',  ( -0.000000000000000000, -0.000000000000000000, -1.000000000000000000 ) ) ;
#185 = VECTOR ( 'NONE', #139, 1000.000000000000000 ) ;
#186 = AXIS2_PLACEMENT_3D ( 'NONE', #168, #729, #14 ) ;
#187 = LINE ( 'NONE', #889, #1412 ) ;
#188 = DIRECTION ( 'NONE',  ( -0.9988071823473169131, 0.04882839841131002279, 0.000000000000000000 ) ) ;
#189 = EDGE_CURVE ( 'NONE', #656, #587, #1395, .T. ) ;
#190 = DIRECTION ( 'NONE',  ( -0.000000000000000000, 0.000000000000000000, 1.000000000000000000 ) ) ;
#191 = ORIENTED_EDGE ( 'NONE', *, *, #1405, .T. ) ;
#192 = DIRECTION ( 'NONE',  ( -0.000000000000000000, 0.000000000000000000, 1.000000000000000000 ) ) ;
#193 = VERTEX_POINT ( 'NONE', #1107 ) ;
#194 = LINE ( 'NONE', #1643, #1443 ) ;
#195 = CARTESIAN_POINT ( 'NONE',  ( 19.07591272891340139, 2.409799691038086777, 0.000000000000000000 ) ) ;
#196 = CARTESIAN_POINT ( 'NONE',  ( 0.000000000000000000, 0.000000000000000000, 40.00000000000000000 ) ) ;
#197 = CARTESIAN_POINT ( 'NONE',  ( 11.50769724484671030, -266.1141075245653269, 11.00000000000000355 ) ) ;
#198 = COORDINATED_UNIVERSAL_TIME_OFFSET ( 0, 0, .AHEAD. ) ;
#199 = VERTEX_POINT ( 'NONE', #539 ) ;
#200 = DIRECTION ( 'NONE',  ( -0.000000000000000000, -0.000000000000000000, -1.000000000000000000 ) ) ;
#201 = ORIENTED_EDGE ( 'NONE', *, *, #1149, .F. ) ;
#202 = LINE ( 'NONE', #20, #1295 ) ;
#203 = LINE ( 'NONE', #58, #963 ) ;
#204 = CARTESIAN_POINT ( 'NONE',  ( -38.13969963373227756, -124.0868504354566397, 40.00000000000000000 ) ) ;
#205 = ORIENTED_EDGE ( 'NONE', *, *, #1857, .T. ) ;
#206 = PLANE ( 'NONE',  #1658 ) ;
#207 = ADVANCED_FACE ( 'NONE', ( #116 ), #1805, .T. ) ;
#208 = ORIENTED_EDGE ( 'NONE', *, *, #1346, .T. ) ;
#209 = DIRECTION ( 'NONE',  ( 0.000000000000000000, 0.000000000000000000, -1.000000000000000000 ) ) ;
#210 = VECTOR ( 'NONE', #350, 1000.000000000000000 ) ;
#211 = DIRECTION ( 'NONE',  ( 0.000000000000000000, -1.000000000000000000, 0.000000000000000000 ) ) ;
#212 = VECTOR ( 'NONE', #1084, 1000.000000000000000 ) ;
#213 = VECTOR ( 'NONE', #1411, 1000.000000000000000 ) ;
#214 = DIRECTION ( 'NONE',  ( 1.000000000000000000, 0.000000000000000000, 0.000000000000000000 ) ) ;
#215 = CC_DESIGN_SECURITY_CLASSIFICATION ( #1058, ( #515 ) ) ;
#216 = PERSON_AND_ORGANIZATION ( #1547, #1631 ) ;
#217 = ORIENTED_EDGE ( 'NONE', *, *, #345, .T. ) ;
#218 = LINE ( 'NONE', #375, #902 ) ;
#219 = ORIENTED_EDGE ( 'NONE', *, *, #345, .F. ) ;
#220 = CARTESIAN_POINT ( 'NONE',  ( 26.95565051579051996, 10.14086318004959963, 40.00000000000000000 ) ) ;
#221 = ADVANCED_FACE ( 'NONE', ( #1818 ), #89, .F. ) ;
#222 = VERTEX_POINT ( 'NONE', #78 ) ;
#223 = DIRECTION ( 'NONE',  ( 0.7003406701280763258, -0.7138087599382322290, 0.000000000000000000 ) ) ;
#224 = CARTESIAN_POINT ( 'NONE',  ( 21.86030036626770467, -94.08685043545662552, 40.00000000000000000 ) ) ;
#225 = ORIENTED_EDGE ( 'NONE', *, *, #849, .T. ) ;
#226 = DIRECTION ( 'NONE',  ( 1.000000000000000000, 0.000000000000000000, 0.000000000000000000 ) ) ;
#227 = EDGE_CURVE ( 'NONE', #895, #356, #372, .T. ) ;
#228 = ORIENTED_EDGE ( 'NONE', *, *, #1637, .T. ) ;
#229 = PLANE ( 'NONE',  #512 ) ;
#230 = CARTESIAN_POINT ( 'NONE',  ( -38.13969963373228467, -94.08685043545665394, 40.00000000000000000 ) ) ;
#231 = EDGE_CURVE ( 'NONE', #72, #1760, #1252, .T. ) ;
#232 = ORIENTED_EDGE ( 'NONE', *, *, #1370, .T. ) ;
#233 = DIRECTION ( 'NONE',  ( 0.05780961752053426217, -0.9983276256430698714, 0.000000000000000000 ) ) ;
#234 = LINE ( 'NONE', #807, #1692 ) ;
#235 = ORIENTED_EDGE ( 'NONE', *, *, #1198, .T. ) ;
#236 = PLANE ( 'NONE',  #842 ) ;
#237 = EDGE_LOOP ( 'NONE', ( #281, #1106, #1472, #1082 ) ) ;
#238 = CARTESIAN_POINT ( 'NONE',  ( -32.81308575556880669, -24.08685043545662907, 5.954758981310552812 ) ) ;
#239 = DIRECTION ( 'NONE',  ( 1.000000000000000000, 0.000000000000000000, -0.000000000000000000 ) ) ;
#240 = VECTOR ( 'NONE', #223, 1000.000000000000114 ) ;
#241 = VECTOR ( 'NONE', #921, 1000.000000000000000 ) ;
#242 = CARTESIAN_POINT ( 'NONE',  ( 19.07591272891340139, 2.409799691038086777, 40.00000000000000000 ) ) ;
#243 = EDGE_CURVE ( 'NONE', #398, #439, #966, .T. ) ;
#244 = VECTOR ( 'NONE', #789, 1000.000000000000114 ) ;
#245 = VERTEX_POINT ( 'NONE', #524 ) ;
#246 = APPROVAL_PERSON_ORGANIZATION ( #353, #444, #71 ) ;
#247 = LINE ( 'NONE', #950, #450 ) ;
#248 = VERTEX_POINT ( 'NONE', #1668 ) ;
#249 = LINE ( 'NONE', #1076, #1023 ) ;
#250 = DIRECTION ( 'NONE',  ( -0.7003406701280762148, -0.7138087599382322290, -0.000000000000000000 ) ) ;
#251 = EDGE_CURVE ( 'NONE', #1774, #654, #1534, .T. ) ;
#252 = CARTESIAN_POINT ( 'NONE',  ( 21.86030036626770467, -94.08685043545662552, 50.00000000000000000 ) ) ;
#253 = ORIENTED_EDGE ( 'NONE', *, *, #276, .F. ) ;
#254 = CARTESIAN_POINT ( 'NONE',  ( -38.13969963373228467, -94.08685043545665394, 50.00000000000000000 ) ) ;
#255 = ORIENTED_EDGE ( 'NONE', *, *, #701, .F. ) ;
#256 = CARTESIAN_POINT ( 'NONE',  ( 21.86030036626770823, -124.0868504354566255, 0.000000000000000000 ) ) ;
#257 = EDGE_LOOP ( 'NONE', ( #942, #646, #1164, #637 ) ) ;
#258 = CARTESIAN_POINT ( 'NONE',  ( 161.8603003662677224, -102.4295227326733055, 5.766289436291899051 ) ) ;
#259 = CARTESIAN_POINT ( 'NONE',  ( -30.33819442495325802, -94.08685043545665394, 40.00000000000000000 ) ) ;
#260 = CARTESIAN_POINT ( 'NONE',  ( -27.78709651231129030, 25.88589247543464467, 50.00000000000000000 ) ) ;
#261 = ADVANCED_FACE ( 'NONE', ( #1117 ), #1696, .F. ) ;
#262 = ORIENTED_EDGE ( 'NONE', *, *, #1413, .F. ) ;
#263 = DIRECTION ( 'NONE',  ( 0.9988071823473169131, 0.04882839841130997421, -0.000000000000000000 ) ) ;
#264 = ADVANCED_FACE ( 'NONE', ( #831 ), #689, .F. ) ;
#265 = VERTEX_POINT ( 'NONE', #1077 ) ;
#266 = DIRECTION ( 'NONE',  ( 0.7138087599382321180, 0.7003406701280765478, 0.000000000000000000 ) ) ;
#267 = PLANE ( 'NONE',  #362 ) ;
#268 = VECTOR ( 'NONE', #1524, 1000.000000000000114 ) ;
#269 = VECTOR ( 'NONE', #17, 1000.000000000000000 ) ;
#270 = DIRECTION ( 'NONE',  ( -0.7138087599382321180, -0.7003406701280765478, 0.000000000000000000 ) ) ;
#271 = VECTOR ( 'NONE', #1799, 1000.000000000000000 ) ;
#272 = VERTEX_POINT ( 'NONE', #360 ) ;
#273 = DIRECTION ( 'NONE',  ( -0.000000000000000000, -0.000000000000000000, -1.000000000000000000 ) ) ;
#274 = VERTEX_POINT ( 'NONE', #797 ) ;
#275 = PLANE ( 'NONE',  #565 ) ;
#276 = EDGE_CURVE ( 'NONE', #1817, #936, #1374, .T. ) ;
#277 = LINE ( 'NONE', #1725, #1661 ) ;
#278 = DIRECTION ( 'NONE',  ( 0.000000000000000000, 0.000000000000000000, -1.000000000000000000 ) ) ;
#279 = ORIENTED_EDGE ( 'NONE', *, *, #987, .T. ) ;
#280 = CARTESIAN_POINT ( 'NONE',  ( 11.50769724484671030, -264.1141075245653269, 11.00000000000000355 ) ) ;
#281 = ORIENTED_EDGE ( 'NONE', *, *, #1201, .F. ) ;
#282 = EDGE_CURVE ( 'NONE', #681, #1087, #1069, .T. ) ;
#283 = VERTEX_POINT ( 'NONE', #1245 ) ;
#284 = CARTESIAN_POINT ( 'NONE',  ( -38.13969963373230598, -8.821577642845265576E-15, 0.000000000000000000 ) ) ;
#285 = EDGE_CURVE ( 'NONE', #265, #1769, #1100, .T. ) ;
#286 = CARTESIAN_POINT ( 'NONE',  ( -30.33819442495325802, 0.000000000000000000, 0.000000000000000000 ) ) ;
#287 = ORIENTED_EDGE ( 'NONE', *, *, #651, .T. ) ;
#288 = CARTESIAN_POINT ( 'NONE',  ( -30.33819442495325802, -4.948835115388308358E-15, 5.766289436291885728 ) ) ;
#289 = ORIENTED_EDGE ( 'NONE', *, *, #1663, .F. ) ;
#290 = LINE ( 'NONE', #1445, #479 ) ;
#291 = CARTESIAN_POINT ( 'NONE',  ( 161.8603003662677224, -102.4295227326732913, 34.60828766234036635 ) ) ;
#292 = CARTESIAN_POINT ( 'NONE',  ( 3.601216653561031489, 18.18208607553186695, 35.96354951250265941 ) ) ;
#293 = CARTESIAN_POINT ( 'NONE',  ( -43.23504978325509995, 10.14086318004959608, 0.000000000000000000 ) ) ;
#294 = EDGE_CURVE ( 'NONE', #696, #901, #957, .T. ) ;
#295 = AXIS2_PLACEMENT_3D ( 'NONE', #1195, #1494, #1365 ) ;
#296 = ORIENTED_EDGE ( 'NONE', *, *, #1138, .T. ) ;
#297 = AXIS2_PLACEMENT_3D ( 'NONE', #134, #1869, #1407 ) ;
#298 = CARTESIAN_POINT ( 'NONE',  ( -18.96213068699731252, -244.8289968688901297, 20.00000000000000355 ) ) ;
#299 = VECTOR ( 'NONE', #1535, 1000.000000000000000 ) ;
#300 = COORDINATED_UNIVERSAL_TIME_OFFSET ( 0, 0, .AHEAD. ) ;
#301 = ORIENTED_EDGE ( 'NONE', *, *, #243, .F. ) ;
#302 = CARTESIAN_POINT ( 'NONE',  ( -27.78709651231129030, 25.91314956454337448, 5.954758981310551036 ) ) ;
#303 = VECTOR ( 'NONE', #5, 1000.000000000000000 ) ;
#304 = ORIENTED_EDGE ( 'NONE', *, *, #90, .T. ) ;
#305 = CARTESIAN_POINT ( 'NONE',  ( -28.22056564355014530, -84.94294704226662418, 50.00000000000000000 ) ) ;
#306 = EDGE_CURVE ( 'NONE', #1858, #913, #434, .T. ) ;
#307 = DIRECTION ( 'NONE',  ( -0.000000000000000000, -0.000000000000000000, -1.000000000000000000 ) ) ;
#308 = EDGE_CURVE ( 'NONE', #1769, #1660, #993, .T. ) ;
#309 = ORIENTED_EDGE ( 'NONE', *, *, #282, .F. ) ;
#310 = CARTESIAN_POINT ( 'NONE',  ( -27.78230275515328884, -264.1141075245653269, 50.00000000000000000 ) ) ;
#311 = EDGE_CURVE ( 'NONE', #1672, #1800, #1457, .T. ) ;
#312 = ORIENTED_EDGE ( 'NONE', *, *, #1450, .T. ) ;
#313 = DIRECTION ( 'NONE',  ( 0.7003406701280763258, -0.7138087599382322290, 0.000000000000000000 ) ) ;
#314 = DIRECTION ( 'NONE',  ( -1.000000000000000000, 0.000000000000000000, 4.624574187150073097E-16 ) ) ;
#315 = CARTESIAN_POINT ( 'NONE',  ( -27.78709651231129030, 25.88589247543464467, 40.00000000000000000 ) ) ;
#316 = CARTESIAN_POINT ( 'NONE',  ( 13.66180557504673487, -114.4295227326733340, 40.00000000000000000 ) ) ;
#317 = EDGE_CURVE ( 'NONE', #431, #901, #1711, .T. ) ;
#318 = ORIENTED_EDGE ( 'NONE', *, *, #1420, .F. ) ;
#319 = CARTESIAN_POINT ( 'NONE',  ( 13.66180557504673665, -102.4295227326733198, 40.00000000000004974 ) ) ;
#320 = ORIENTED_EDGE ( 'NONE', *, *, #1731, .F. ) ;
#321 = CARTESIAN_POINT ( 'NONE',  ( -27.78709651231129030, 18.18208607553186695, 40.00000000000000000 ) ) ;
#322 = EDGE_CURVE ( 'NONE', #1378, #681, #143, .T. ) ;
#323 = PLANE ( 'NONE',  #811 ) ;
#324 = PRODUCT ( 'L_for_big', 'L_for_big', '', ( #1311 ) ) ;
#325 = CARTESIAN_POINT ( 'NONE',  ( 21.86030036626770467, -94.08685043545662552, 34.60828766234036635 ) ) ;
#326 = DIRECTION ( 'NONE',  ( -0.000000000000000000, -0.000000000000000000, -1.000000000000000000 ) ) ;
#327 = ORIENTED_EDGE ( 'NONE', *, *, #759, .F. ) ;
#328 = DIRECTION ( 'NONE',  ( 0.000000000000000000, 1.000000000000000000, 0.000000000000000000 ) ) ;
#329 = VECTOR ( 'NONE', #555, 1000.000000000000000 ) ;
#330 = VECTOR ( 'NONE', #1379, 1000.000000000000000 ) ;
#331 = ORIENTED_EDGE ( 'NONE', *, *, #607, .F. ) ;
#332 = DIRECTION ( 'NONE',  ( 1.000000000000000000, 0.000000000000000000, 0.000000000000000000 ) ) ;
#333 = VECTOR ( 'NONE', #873, 1000.000000000000000 ) ;
#334 = VECTOR ( 'NONE', #1488, 1000.000000000000000 ) ;
#335 = FACE_OUTER_BOUND ( 'NONE', #1492, .T. ) ;
#336 = LINE ( 'NONE', #1674, #1180 ) ;
#337 = LINE ( 'NONE', #1469, #333 ) ;
#338 = APPROVAL_ROLE ( '' ) ;
#339 = EDGE_LOOP ( 'NONE', ( #442, #922, #1315, #1620 ) ) ;
#340 = DIRECTION ( 'NONE',  ( 0.000000000000000000, 1.000000000000000000, 0.000000000000000000 ) ) ;
#341 = VERTEX_POINT ( 'NONE', #851 ) ;
#342 = CARTESIAN_POINT ( 'NONE',  ( -32.81308575556879248, 5.000914898016687538, 35.96354951250265941 ) ) ;
#343 = DIRECTION ( 'NONE',  ( 4.624574187150073097E-16, 0.000000000000000000, 1.000000000000000000 ) ) ;
#344 = LINE ( 'NONE', #352, #153 ) ;
#345 = EDGE_CURVE ( 'NONE', #893, #1672, #1595, .T. ) ;
#346 = PERSON_AND_ORGANIZATION ( #1547, #1631 ) ;
#347 = VERTEX_POINT ( 'NONE', #1570 ) ;
#348 = LINE ( 'NONE', #961, #212 ) ;
#349 = ORIENTED_EDGE ( 'NONE', *, *, #160, .F. ) ;
#350 = DIRECTION ( 'NONE',  ( -1.000000000000000000, -2.312964634635743943E-16, -0.000000000000000000 ) ) ;
#351 = DIRECTION ( 'NONE',  ( 1.000000000000000000, 0.000000000000000000, -0.000000000000000000 ) ) ;
#352 = CARTESIAN_POINT ( 'NONE',  ( -28.22056564355014530, -84.94294704226662418, 20.00000000000000355 ) ) ;
#353 = PERSON_AND_ORGANIZATION ( #1547, #1631 ) ;
#354 = ORIENTED_EDGE ( 'NONE', *, *, #871, .T. ) ;
#355 = PLANE ( 'NONE',  #932 ) ;
#356 = VERTEX_POINT ( 'NONE', #2 ) ;
#357 = DIRECTION ( 'NONE',  ( -1.000000000000000000, -0.000000000000000000, -0.000000000000000000 ) ) ;
#358 = AXIS2_PLACEMENT_3D ( 'NONE', #588, #192, #763 ) ;
#359 = ORIENTED_EDGE ( 'NONE', *, *, #1706, .T. ) ;
#360 = CARTESIAN_POINT ( 'NONE',  ( 17.18691424443119331, 4.335125069452646862, 5.954758981310552812 ) ) ;
#361 = VECTOR ( 'NONE', #1070, 1000.000000000000000 ) ;
#362 = AXIS2_PLACEMENT_3D ( 'NONE', #1422, #130, #1712 ) ;
#363 = DIRECTION ( 'NONE',  ( -0.7003406701280763258, 0.7138087599382322290, -0.000000000000000000 ) ) ;
#364 = EDGE_CURVE ( 'NONE', #445, #905, #1578, .T. ) ;
#365 = APPROVAL_DATE_TIME ( #1659, #444 ) ;
#366 = ORIENTED_EDGE ( 'NONE', *, *, #757, .F. ) ;
#367 = DIRECTION ( 'NONE',  ( -2.312287093575036548E-16, 0.000000000000000000, -1.000000000000000000 ) ) ;
#368 = ORIENTED_EDGE ( 'NONE', *, *, #1385, .F. ) ;
#369 = LINE ( 'NONE', #934, #1807 ) ;
#370 = PLANE ( 'NONE',  #1843 ) ;
#371 = VERTEX_POINT ( 'NONE', #548 ) ;
#372 = LINE ( 'NONE', #1259, #240 ) ;
#373 = CARTESIAN_POINT ( 'NONE',  ( -38.13969963373228467, -94.08685043545665394, 50.00000000000000000 ) ) ;
#374 = ORIENTED_EDGE ( 'NONE', *, *, #1520, .F. ) ;
#375 = CARTESIAN_POINT ( 'NONE',  ( 11.50769724484671030, -266.1141075245653269, 11.00000000000000355 ) ) ;
#376 = EDGE_LOOP ( 'NONE', ( #547, #405, #1175, #395 ) ) ;
#377 = CARTESIAN_POINT ( 'NONE',  ( 21.86030036626770467, -94.08685043545662552, 0.000000000000000000 ) ) ;
#378 =( LENGTH_UNIT ( ) NAMED_UNIT ( * ) SI_UNIT ( .MILLI., .METRE. ) );
#379 = ORIENTED_EDGE ( 'NONE', *, *, #1811, .F. ) ;
#380 = DIRECTION ( 'NONE',  ( 0.07373153524080448828, 0.9972781260566352390, -0.000000000000000000 ) ) ;
#381 = EDGE_CURVE ( 'NONE', #503, #772, #468, .T. ) ;
#382 = DIRECTION ( 'NONE',  ( 0.000000000000000000, 0.000000000000000000, -1.000000000000000000 ) ) ;
#383 = ORIENTED_EDGE ( 'NONE', *, *, #322, .F. ) ;
#384 = LINE ( 'NONE', #645, #1655 ) ;
#385 = ORIENTED_EDGE ( 'NONE', *, *, #45, .T. ) ;
#386 = DIRECTION ( 'NONE',  ( -0.000000000000000000, -0.000000000000000000, -1.000000000000000000 ) ) ;
#387 = CC_DESIGN_PERSON_AND_ORGANIZATION_ASSIGNMENT ( #1454, #769, ( #577 ) ) ;
#388 = ORIENTED_EDGE ( 'NONE', *, *, #1138, .F. ) ;
#389 = DIRECTION ( 'NONE',  ( -1.000000000000000000, -2.312964634635743450E-16, 0.000000000000000000 ) ) ;
#390 = VECTOR ( 'NONE', #1585, 1000.000000000000000 ) ;
#391 = EDGE_CURVE ( 'NONE', #1452, #248, #1436, .T. ) ;
#392 = VECTOR ( 'NONE', #1796, 1000.000000000000000 ) ;
#393 = FACE_BOUND ( 'NONE', #928, .T. ) ;
#394 = VECTOR ( 'NONE', #1791, 1000.000000000000000 ) ;
#395 = ORIENTED_EDGE ( 'NONE', *, *, #1225, .T. ) ;
#396 = CC_DESIGN_APPROVAL ( #444, ( #1058 ) ) ;
#397 = CARTESIAN_POINT ( 'NONE',  ( 17.18691424443119331, 20.09745976431968373, 5.954758981310552812 ) ) ;
#398 = VERTEX_POINT ( 'NONE', #840 ) ;
#399 = DIRECTION ( 'NONE',  ( 0.000000000000000000, 1.000000000000000000, 0.000000000000000000 ) ) ;
#400 = ORIENTED_EDGE ( 'NONE', *, *, #308, .T. ) ;
#401 = LINE ( 'NONE', #1544, #991 ) ;
#402 = ADVANCED_FACE ( 'NONE', ( #1304 ), #417, .T. ) ;
#403 = LINE ( 'NONE', #1697, #694 ) ;
#404 = CARTESIAN_POINT ( 'NONE',  ( 11.50769724484670853, 25.88589247543465177, 5.954758981310551036 ) ) ;
#405 = ORIENTED_EDGE ( 'NONE', *, *, #1532, .F. ) ;
#406 = CARTESIAN_POINT ( 'NONE',  ( 11.50769724484670853, 25.88589247543465177, 35.96354951250265941 ) ) ;
#407 = ORIENTED_EDGE ( 'NONE', *, *, #931, .F. ) ;
#408 = DIRECTION ( 'NONE',  ( 0.000000000000000000, 1.000000000000000000, 0.000000000000000000 ) ) ;
#409 = CARTESIAN_POINT ( 'NONE',  ( 17.18691424443120042, 20.09745976431967662, 35.96354951250265941 ) ) ;
#410 = EDGE_CURVE ( 'NONE', #971, #1552, #1739, .T. ) ;
#411 = DESIGN_CONTEXT ( 'detailed design', #1687, 'design' ) ;
#412 = PLANE ( 'NONE',  #967 ) ;
#413 = ADVANCED_FACE ( 'NONE', ( #715 ), #275, .F. ) ;
#414 = EDGE_LOOP ( 'NONE', ( #127, #1744, #1006, #1099 ) ) ;
#415 = DIRECTION ( 'NONE',  ( -0.000000000000000000, -0.000000000000000000, 1.000000000000000000 ) ) ;
#416 = ORIENTED_EDGE ( 'NONE', *, *, #285, .F. ) ;
#417 = PLANE ( 'NONE',  #181 ) ;
#418 = CARTESIAN_POINT ( 'NONE',  ( -27.78709651231128674, -264.1141075245653269, 40.00000000000000000 ) ) ;
#419 = VECTOR ( 'NONE', #380, 1000.000000000000000 ) ;
#420 = VECTOR ( 'NONE', #1161, 1000.000000000000114 ) ;
#421 = LINE ( 'NONE', #404, #1390 ) ;
#422 = VECTOR ( 'NONE', #24, 1000.000000000000000 ) ;
#423 = EDGE_CURVE ( 'NONE', #772, #72, #1284, .T. ) ;
#424 = ORIENTED_EDGE ( 'NONE', *, *, #1385, .T. ) ;
#425 = PLANE ( 'NONE',  #1024 ) ;
#426 = ORIENTED_EDGE ( 'NONE', *, *, #639, .F. ) ;
#427 = CARTESIAN_POINT ( 'NONE',  ( 11.50769724484671030, -264.1141075245653269, 30.00000000000000000 ) ) ;
#428 = VERTEX_POINT ( 'NONE', #582 ) ;
#429 = CARTESIAN_POINT ( 'NONE',  ( -19.88061592102560837, 18.18208607553186695, 5.954758981310551036 ) ) ;
#430 = FACE_OUTER_BOUND ( 'NONE', #1274, .T. ) ;
#431 = VERTEX_POINT ( 'NONE', #443 ) ;
#432 = DIRECTION ( 'NONE',  ( 1.000000000000000000, 0.000000000000000000, -0.000000000000000000 ) ) ;
#433 = ORIENTED_EDGE ( 'NONE', *, *, #1764, .T. ) ;
#434 = LINE ( 'NONE', #1853, #329 ) ;
#435 = EDGE_CURVE ( 'NONE', #1309, #804, #1730, .T. ) ;
#436 = EDGE_LOOP ( 'NONE', ( #796, #672, #864, #1401 ) ) ;
#437 = DIRECTION ( 'NONE',  ( -0.04882839841131002279, -0.9988071823473169131, 0.000000000000000000 ) ) ;
#438 = FACE_BOUND ( 'NONE', #999, .T. ) ;
#439 = VERTEX_POINT ( 'NONE', #1722 ) ;
#440 = LINE ( 'NONE', #1434, #691 ) ;
#441 = DATE_TIME_ROLE ( 'creation_date' ) ;
#442 = ORIENTED_EDGE ( 'NONE', *, *, #1685, .T. ) ;
#443 = CARTESIAN_POINT ( 'NONE',  ( -27.78230275515328884, -266.1141075245653269, 50.00000000000000000 ) ) ;
#444 = APPROVAL ( #927, 'UNSPECIFIED' ) ;
#445 = VERTEX_POINT ( 'NONE', #1165 ) ;
#446 = CARTESIAN_POINT ( 'NONE',  ( -32.81308575556878537, 20.76324959288373151, 49.99999999999999289 ) ) ;
#447 = LINE ( 'NONE', #1025, #93 ) ;
#448 = VECTOR ( 'NONE', #273, 1000.000000000000000 ) ;
#449 = ORIENTED_EDGE ( 'NONE', *, *, #1096, .F. ) ;
#450 = VECTOR ( 'NONE', #1813, 1000.000000000000000 ) ;
#451 = LINE ( 'NONE', #54, #782 ) ;
#452 = VECTOR ( 'NONE', #270, 1000.000000000000000 ) ;
#453 = PERSON_AND_ORGANIZATION_ROLE ( 'design_owner' ) ;
#454 = ORIENTED_EDGE ( 'NONE', *, *, #1475, .F. ) ;
#455 = CARTESIAN_POINT ( 'NONE',  ( 11.50769724484670853, 25.88589247543465177, 50.00000000000000000 ) ) ;
#456 = ORIENTED_EDGE ( 'NONE', *, *, #837, .F. ) ;
#457 = LINE ( 'NONE', #1588, #1120 ) ;
#458 = EDGE_CURVE ( 'NONE', #1767, #55, #290, .T. ) ;
#459 = CARTESIAN_POINT ( 'NONE',  ( -19.21902400622651186, 18.85640091176940203, 35.96354951250265941 ) ) ;
#460 = ORIENTED_EDGE ( 'NONE', *, *, #317, .F. ) ;
#461 = ADVANCED_FACE ( 'NONE', ( #155 ), #727, .F. ) ;
#462 = CARTESIAN_POINT ( 'NONE',  ( 17.18691424443120397, 4.335125069452637980, 35.96354951250265941 ) ) ;
#463 = EDGE_LOOP ( 'NONE', ( #962, #507, #1797, #740 ) ) ;
#464 = CARTESIAN_POINT ( 'NONE',  ( 13.66180557504673665, -94.08685043545662552, 40.00000000000000000 ) ) ;
#465 = CARTESIAN_POINT ( 'NONE',  ( 0.000000000000000000, 0.000000000000000000, 0.000000000000000000 ) ) ;
#466 = PLANE ( 'NONE',  #601 ) ;
#467 = CARTESIAN_POINT ( 'NONE',  ( 161.8603003662677224, -114.4295227326733055, 34.60828766234036635 ) ) ;
#468 =( BOUNDED_CURVE ( )  B_SPLINE_CURVE ( 3, ( #427, #1127, #1428, #573 ),
 .UNSPECIFIED., .F., .T. ) 
 B_SPLINE_CURVE_WITH_KNOTS ( ( 4, 4 ),
 ( 0.000000000000000000, 1.570796326794896558 ),
 .UNSPECIFIED. ) 
 CURVE ( )  GEOMETRIC_REPRESENTATION_ITEM ( )  RATIONAL_B_SPLINE_CURVE ( ( 1.000000000000000000, 0.8047378541243649375, 0.8047378541243649375, 1.000000000000000000 ) ) 
 REPRESENTATION_ITEM ( '' )  );
#469 = ORIENTED_EDGE ( 'NONE', *, *, #1742, .F. ) ;
#470 = CARTESIAN_POINT ( 'NONE',  ( -43.23504978325509995, 10.14086318004959608, 40.00000000000000000 ) ) ;
#471 = ORIENTED_EDGE ( 'NONE', *, *, #1201, .T. ) ;
#472 = DIRECTION ( 'NONE',  ( 1.000000000000000000, 0.000000000000000000, 0.000000000000000000 ) ) ;
#473 = CARTESIAN_POINT ( 'NONE',  ( -30.33819442495325802, -124.0868504354566397, 0.000000000000000000 ) ) ;
#474 = LINE ( 'NONE', #305, #1571 ) ;
#475 = DIRECTION ( 'NONE',  ( 1.000000000000000000, -0.000000000000000000, -0.000000000000000000 ) ) ;
#476 = ADVANCED_FACE ( 'NONE', ( #1750 ), #1047, .F. ) ;
#477 = EDGE_LOOP ( 'NONE', ( #183, #1826, #1142, #1397 ) ) ;
#478 = CARTESIAN_POINT ( 'NONE',  ( 11.50769724484670853, 25.88589247543465177, 40.00000000000000000 ) ) ;
#479 = VECTOR ( 'NONE', #1019, 1000.000000000000000 ) ;
#480 = EDGE_CURVE ( 'NONE', #1309, #1139, #194, .T. ) ;
#481 = AXIS2_PLACEMENT_3D ( 'NONE', #1171, #328, #490 ) ;
#482 = ORIENTED_EDGE ( 'NONE', *, *, #117, .F. ) ;
#483 = DIRECTION ( 'NONE',  ( -0.000000000000000000, -0.000000000000000000, -1.000000000000000000 ) ) ;
#484 = VECTOR ( 'NONE', #363, 1000.000000000000114 ) ;
#485 =( GEOMETRIC_REPRESENTATION_CONTEXT ( 3 ) GLOBAL_UNCERTAINTY_ASSIGNED_CONTEXT ( ( #131 ) ) GLOBAL_UNIT_ASSIGNED_CONTEXT ( ( #378, #879, #1208 ) ) REPRESENTATION_CONTEXT ( 'NONE', 'WORKASPACE' ) );
#486 = DIRECTION ( 'NONE',  ( -0.07373153524080443277, 0.9972781260566352390, 0.000000000000000000 ) ) ;
#487 = LINE ( 'NONE', #1129, #1359 ) ;
#488 = DATE_AND_TIME ( #1357, #1783 ) ;
#489 = ORIENTED_EDGE ( 'NONE', *, *, #520, .T. ) ;
#490 = DIRECTION ( 'NONE',  ( 0.000000000000000000, -0.000000000000000000, 1.000000000000000000 ) ) ;
#491 = ORIENTED_EDGE ( 'NONE', *, *, #1511, .T. ) ;
#492 = CARTESIAN_POINT ( 'NONE',  ( 161.8603003662677224, -114.4295227326733055, 5.766289436291900827 ) ) ;
#493 = EDGE_CURVE ( 'NONE', #439, #1518, #590, .T. ) ;
#494 = DIRECTION ( 'NONE',  ( 1.000000000000000000, 0.000000000000000000, 0.000000000000000000 ) ) ;
#495 = EDGE_CURVE ( 'NONE', #1214, #521, #1352, .T. ) ;
#496 = LINE ( 'NONE', #70, #271 ) ;
#497 = DATE_AND_TIME ( #919, #1244 ) ;
#498 = ORIENTED_EDGE ( 'NONE', *, *, #877, .F. ) ;
#499 = DIRECTION ( 'NONE',  ( 0.000000000000000000, -0.000000000000000000, 1.000000000000000000 ) ) ;
#500 = VERTEX_POINT ( 'NONE', #603 ) ;
#501 = DIRECTION ( 'NONE',  ( 1.000000000000000000, -0.000000000000000000, 0.000000000000000000 ) ) ;
#502 = CC_DESIGN_PERSON_AND_ORGANIZATION_ASSIGNMENT ( #1367, #1792, ( #515 ) ) ;
#503 = VERTEX_POINT ( 'NONE', #1761 ) ;
#504 = LINE ( 'NONE', #1608, #1051 ) ;
#505 = DIRECTION ( 'NONE',  ( 0.000000000000000000, -1.000000000000000000, 0.000000000000000000 ) ) ;
#506 = COORDINATED_UNIVERSAL_TIME_OFFSET ( 0, 0, .AHEAD. ) ;
#507 = ORIENTED_EDGE ( 'NONE', *, *, #1644, .F. ) ;
#508 = LINE ( 'NONE', #1388, #1027 ) ;
#509 = EDGE_LOOP ( 'NONE', ( #608, #1124, #940, #469 ) ) ;
#510 = CARTESIAN_POINT ( 'NONE',  ( -32.81308575556880669, 25.91314956454337448, 5.954758981310552812 ) ) ;
#511 = LINE ( 'NONE', #1531, #543 ) ;
#512 = AXIS2_PLACEMENT_3D ( 'NONE', #66, #1113, #802 ) ;
#513 = CARTESIAN_POINT ( 'NONE',  ( -28.22056564355014530, -84.94294704226662418, 20.00000000000000355 ) ) ;
#514 = AXIS2_PLACEMENT_3D ( 'NONE', #132, #278, #6 ) ;
#515 = PRODUCT_DEFINITION_FORMATION_WITH_SPECIFIED_SOURCE ( 'ANY', '', #324, .NOT_KNOWN. ) ;
#516 = CARTESIAN_POINT ( 'NONE',  ( -0.000000000000000000, -244.8289968688901297, 40.00000000000000000 ) ) ;
#517 = ADVANCED_FACE ( 'NONE', ( #888 ), #1607, .F. ) ;
#518 = ORIENTED_EDGE ( 'NONE', *, *, #1314, .F. ) ;
#519 = DIRECTION ( 'NONE',  ( -0.000000000000000000, -0.000000000000000000, -1.000000000000000000 ) ) ;
#520 = EDGE_CURVE ( 'NONE', #913, #112, #1173, .T. ) ;
#521 = VERTEX_POINT ( 'NONE', #174 ) ;
#522 = LINE ( 'NONE', #1651, #1115 ) ;
#523 = ORIENTED_EDGE ( 'NONE', *, *, #1450, .F. ) ;
#524 = CARTESIAN_POINT ( 'NONE',  ( -30.33819442495325802, -94.08685043545665394, 40.00000000000000000 ) ) ;
#525 = CARTESIAN_POINT ( 'NONE',  ( 0.000000000000000000, -244.8289968688901297, 50.00000000000000000 ) ) ;
#526 = ORIENTED_EDGE ( 'NONE', *, *, #958, .T. ) ;
#527 = CARTESIAN_POINT ( 'NONE',  ( -27.09876179310363753, 26.58746440078090600, 0.000000000000000000 ) ) ;
#528 = EDGE_LOOP ( 'NONE', ( #67, #1387, #1490, #39 ) ) ;
#529 = CARTESIAN_POINT ( 'NONE',  ( 0.000000000000000000, -94.08685043545662552, 40.00000000000000000 ) ) ;
#530 = EDGE_CURVE ( 'NONE', #500, #47, #202, .T. ) ;
#531 = ORIENTED_EDGE ( 'NONE', *, *, #1576, .F. ) ;
#532 = LINE ( 'NONE', #650, #748 ) ;
#533 = CARTESIAN_POINT ( 'NONE',  ( -27.78709651231129030, 25.91314956454337448, 0.000000000000000000 ) ) ;
#534 = ORIENTED_EDGE ( 'NONE', *, *, #1162, .F. ) ;
#535 = CARTESIAN_POINT ( 'NONE',  ( 13.66180557504674198, -7.899818285088135051E-16, 40.00000000000000000 ) ) ;
#536 = ORIENTED_EDGE ( 'NONE', *, *, #1271, .F. ) ;
#537 = CARTESIAN_POINT ( 'NONE',  ( 11.50769724484671030, -264.1141075245653269, 30.00000000000000000 ) ) ;
#538 = EDGE_LOOP ( 'NONE', ( #1160, #554, #1680, #1116 ) ) ;
#539 = CARTESIAN_POINT ( 'NONE',  ( -30.33819442495325092, -114.4295227326733482, 5.766289436291900827 ) ) ;
#540 = VECTOR ( 'NONE', #200, 1000.000000000000000 ) ;
#541 = PLANE ( 'NONE',  #1481 ) ;
#542 = VECTOR ( 'NONE', #854, 1000.000000000000000 ) ;
#543 = VECTOR ( 'NONE', #803, 1000.000000000000000 ) ;
#544 = CARTESIAN_POINT ( 'NONE',  ( -27.78230275515328884, -254.1141075245653269, 30.00000000000000000 ) ) ;
#545 = ORIENTED_EDGE ( 'NONE', *, *, #1383, .F. ) ;
#546 = CARTESIAN_POINT ( 'NONE',  ( 12.24702495408213565, -254.1141075245653269, 40.00000000000000000 ) ) ;
#547 = ORIENTED_EDGE ( 'NONE', *, *, #1822, .F. ) ;
#548 = CARTESIAN_POINT ( 'NONE',  ( 11.50769724484670675, 25.91314956454337448, 0.000000000000000000 ) ) ;
#549 = DIRECTION ( 'NONE',  ( 1.000000000000000000, 0.000000000000000000, -0.000000000000000000 ) ) ;
#550 = ADVANCED_FACE ( 'NONE', ( #1615 ), #1321, .F. ) ;
#551 = CARTESIAN_POINT ( 'NONE',  ( 17.18691424443119331, -24.08685043545662907, 5.954758981310552812 ) ) ;
#552 = EDGE_LOOP ( 'NONE', ( #1067, #1091, #1727, #354, #981, #65, #262, #1318, #1541, #1527 ) ) ;
#553 = CARTESIAN_POINT ( 'NONE',  ( -43.23504978325509995, 10.14086318004959608, 50.00000000000000000 ) ) ;
#554 = ORIENTED_EDGE ( 'NONE', *, *, #970, .T. ) ;
#555 = DIRECTION ( 'NONE',  ( -0.000000000000000000, -0.000000000000000000, -1.000000000000000000 ) ) ;
#556 = DIRECTION ( 'NONE',  ( -5.782411586589357392E-17, -1.000000000000000000, 0.000000000000000000 ) ) ;
#557 = ADVANCED_FACE ( 'NONE', ( #1194 ), #30, .T. ) ;
#558 = FACE_OUTER_BOUND ( 'NONE', #1312, .T. ) ;
#559 = ORIENTED_EDGE ( 'NONE', *, *, #129, .T. ) ;
#560 = DIRECTION ( 'NONE',  ( 1.000000000000000000, 0.000000000000000000, 0.000000000000000000 ) ) ;
#561 = VERTEX_POINT ( 'NONE', #342 ) ;
#562 = DIRECTION ( 'NONE',  ( -0.000000000000000000, 1.000000000000000000, -0.000000000000000000 ) ) ;
#563 = EDGE_LOOP ( 'NONE', ( #887, #534, #866, #1046, #598, #471, #1623, #1358, #704, #1255 ) ) ;
#564 = LINE ( 'NONE', #1121, #935 ) ;
#565 = AXIS2_PLACEMENT_3D ( 'NONE', #136, #128, #707 ) ;
#566 = AXIS2_PLACEMENT_3D ( 'NONE', #1341, #784, #1040 ) ;
#567 = DIRECTION ( 'NONE',  ( 0.000000000000000000, 1.000000000000000000, 0.000000000000000000 ) ) ;
#568 = AXIS2_PLACEMENT_3D ( 'NONE', #1641, #635, #499 ) ;
#569 = AXIS2_PLACEMENT_3D ( 'NONE', #777, #734, #1747 ) ;
#570 = ORIENTED_EDGE ( 'NONE', *, *, #1786, .T. ) ;
#571 = LINE ( 'NONE', #1709, #420 ) ;
#572 = ORIENTED_EDGE ( 'NONE', *, *, #1846, .T. ) ;
#573 = CARTESIAN_POINT ( 'NONE',  ( 12.24702495408213565, -254.1141075245653269, 40.00000000000000000 ) ) ;
#574 = ORIENTED_EDGE ( 'NONE', *, *, #1011, .F. ) ;
#575 = DIRECTION ( 'NONE',  ( 0.05780961752053426911, -0.9983276256430698714, 0.000000000000000000 ) ) ;
#576 = LINE ( 'NONE', #459, #1447 ) ;
#577 = PRODUCT_DEFINITION ( 'UNKNOWN', '', #515, #411 ) ;
#578 = ORIENTED_EDGE ( 'NONE', *, *, #675, .T. ) ;
#579 = DIRECTION ( 'NONE',  ( -0.000000000000000000, -0.000000000000000000, -1.000000000000000000 ) ) ;
#580 = APPROVAL_DATE_TIME ( #10, #31 ) ;
#581 = ORIENTED_EDGE ( 'NONE', *, *, #1657, .T. ) ;
#582 = CARTESIAN_POINT ( 'NONE',  ( 11.50769724484671030, 25.91314956454337448, 5.954758981310552812 ) ) ;
#583 = ADVANCED_FACE ( 'NONE', ( #756 ), #1334, .T. ) ;
#584 = EDGE_LOOP ( 'NONE', ( #737, #1683, #1102, #1237 ) ) ;
#585 = LINE ( 'NONE', #325, #95 ) ;
#586 = LINE ( 'NONE', #1602, #422 ) ;
#587 = VERTEX_POINT ( 'NONE', #744 ) ;
#588 = CARTESIAN_POINT ( 'NONE',  ( -32.81308575556879248, -24.08685043545662907, 35.96354951250265941 ) ) ;
#589 = ORIENTED_EDGE ( 'NONE', *, *, #1285, .F. ) ;
#590 = LINE ( 'NONE', #1215, #1112 ) ;
#591 = EDGE_CURVE ( 'NONE', #1452, #699, #1770, .T. ) ;
#592 = ORIENTED_EDGE ( 'NONE', *, *, #1811, .T. ) ;
#593 = CARTESIAN_POINT ( 'NONE',  ( -38.13969963373228467, -102.4295227326733482, 5.766289436291899051 ) ) ;
#594 = EDGE_CURVE ( 'NONE', #1569, #1548, #906, .T. ) ;
#595 = AXIS2_PLACEMENT_3D ( 'NONE', #291, #868, #1448 ) ;
#596 = DIRECTION ( 'NONE',  ( -0.000000000000000000, -0.000000000000000000, -1.000000000000000000 ) ) ;
#597 = AXIS2_PLACEMENT_3D ( 'NONE', #1125, #1701, #982 ) ;
#598 = ORIENTED_EDGE ( 'NONE', *, *, #227, .T. ) ;
#599 = VECTOR ( 'NONE', #81, 1000.000000000000000 ) ;
#600 = DIRECTION ( 'NONE',  ( -1.000000000000000000, 0.000000000000000000, 0.000000000000000000 ) ) ;
#601 = AXIS2_PLACEMENT_3D ( 'NONE', #1617, #898, #954 ) ;
#602 = ORIENTED_EDGE ( 'NONE', *, *, #668, .F. ) ;
#603 = CARTESIAN_POINT ( 'NONE',  ( 3.601216653561031489, 18.18208607553186695, 0.000000000000000000 ) ) ;
#604 = PLANE ( 'NONE',  #295 ) ;
#605 = CARTESIAN_POINT ( 'NONE',  ( -35.35531199637797783, 2.409799691038088554, 40.00000000000000000 ) ) ;
#606 = CARTESIAN_POINT ( 'NONE',  ( 0.000000000000000000, 0.000000000000000000, 0.000000000000000000 ) ) ;
#607 = EDGE_CURVE ( 'NONE', #428, #371, #914, .T. ) ;
#608 = ORIENTED_EDGE ( 'NONE', *, *, #1346, .F. ) ;
#609 = CARTESIAN_POINT ( 'NONE',  ( 0.000000000000000000, -254.1141075245653269, 30.00000000000000000 ) ) ;
#610 = ORIENTED_EDGE ( 'NONE', *, *, #1279, .T. ) ;
#611 = DIRECTION ( 'NONE',  ( 0.04882839841130997421, -0.9988071823473169131, 0.000000000000000000 ) ) ;
#612 = LINE ( 'NONE', #41, #1354 ) ;
#613 = DIRECTION ( 'NONE',  ( -0.000000000000000000, -0.000000000000000000, -1.000000000000000000 ) ) ;
#614 = EDGE_CURVE ( 'NONE', #1021, #1406, #620, .T. ) ;
#615 = DIRECTION ( 'NONE',  ( 0.000000000000000000, -1.000000000000000000, 0.000000000000000000 ) ) ;
#616 = EDGE_CURVE ( 'NONE', #656, #830, #1788, .T. ) ;
#617 = VERTEX_POINT ( 'NONE', #923 ) ;
#618 = CARTESIAN_POINT ( 'NONE',  ( -27.78709651231129030, 25.88589247543464467, 35.96354951250265941 ) ) ;
#619 = ORIENTED_EDGE ( 'NONE', *, *, #759, .T. ) ;
#620 = LINE ( 'NONE', #1777, #120 ) ;
#621 = DIRECTION ( 'NONE',  ( 1.000000000000000000, 0.000000000000000000, 0.000000000000000000 ) ) ;
#622 = CARTESIAN_POINT ( 'NONE',  ( 10.92429653619059948, 10.71817773362095672, 5.954758981310551036 ) ) ;
#623 = PERSON_AND_ORGANIZATION_ROLE ( 'classification_officer' ) ;
#624 = ORIENTED_EDGE ( 'NONE', *, *, #1731, .T. ) ;
#625 = DIRECTION ( 'NONE',  ( 0.000000000000000000, 0.000000000000000000, -1.000000000000000000 ) ) ;
#626 = AXIS2_PLACEMENT_3D ( 'NONE', #916, #314, #343 ) ;
#627 = VECTOR ( 'NONE', #184, 1000.000000000000000 ) ;
#628 = EDGE_LOOP ( 'NONE', ( #847, #191, #1251, #1464, #107, #743 ) ) ;
#629 = DIRECTION ( 'NONE',  ( -0.000000000000000000, -0.000000000000000000, -1.000000000000000000 ) ) ;
#630 = VECTOR ( 'NONE', #1646, 1000.000000000000000 ) ;
#631 = LOCAL_TIME ( 15, 22, 55.00000000000000000, #643 ) ;
#632 = DIRECTION ( 'NONE',  ( -1.000000000000000000, -2.312964634635743943E-16, -0.000000000000000000 ) ) ;
#633 = DIRECTION ( 'NONE',  ( 1.000000000000000000, 0.000000000000000000, 0.000000000000000000 ) ) ;
#634 = ORIENTED_EDGE ( 'NONE', *, *, #311, .T. ) ;
#635 = DIRECTION ( 'NONE',  ( 0.000000000000000000, 1.000000000000000000, 0.000000000000000000 ) ) ;
#636 = CC_DESIGN_PERSON_AND_ORGANIZATION_ASSIGNMENT ( #1508, #453, ( #324 ) ) ;
#637 = ORIENTED_EDGE ( 'NONE', *, *, #117, .T. ) ;
#638 = DIRECTION ( 'NONE',  ( -0.000000000000000000, 1.000000000000000000, -0.000000000000000000 ) ) ;
#639 = EDGE_CURVE ( 'NONE', #654, #1529, #522, .T. ) ;
#640 = DIRECTION ( 'NONE',  ( 1.156482317317871478E-16, -1.000000000000000000, 0.000000000000000000 ) ) ;
#641 = ADVANCED_FACE ( 'NONE', ( #75 ), #106, .T. ) ;
#642 = CARTESIAN_POINT ( 'NONE',  ( -27.78709651231129030, 25.88589247543464467, 40.00000000000000000 ) ) ;
#643 = COORDINATED_UNIVERSAL_TIME_OFFSET ( 0, 0, .AHEAD. ) ;
#644 = ORIENTED_EDGE ( 'NONE', *, *, #322, .T. ) ;
#645 = CARTESIAN_POINT ( 'NONE',  ( 4.352391152829474914E-14, -94.08685043545663973, 40.00000000000000000 ) ) ;
#646 = ORIENTED_EDGE ( 'NONE', *, *, #294, .F. ) ;
#647 = LINE ( 'NONE', #537, #1085 ) ;
#648 = DIRECTION ( 'NONE',  ( -0.000000000000000000, -0.000000000000000000, -1.000000000000000000 ) ) ;
#649 = EDGE_LOOP ( 'NONE', ( #1509, #688, #572, #161, #1844, #460, #1565, #287, #25, #400, #137, #149, #1444 ) ) ;
#650 = CARTESIAN_POINT ( 'NONE',  ( -38.13969963373228467, -102.4295227326733482, 5.766289436291899051 ) ) ;
#651 = EDGE_CURVE ( 'NONE', #1139, #265, #1363, .T. ) ;
#652 = LINE ( 'NONE', #1366, #299 ) ;
#653 = ADVANCED_FACE ( 'NONE', ( #1673 ), #229, .F. ) ;
#654 = VERTEX_POINT ( 'NONE', #85 ) ;
#655 = DIRECTION ( 'NONE',  ( 0.000000000000000000, 1.000000000000000000, 0.000000000000000000 ) ) ;
#656 = VERTEX_POINT ( 'NONE', #1694 ) ;
#657 = AXIS2_PLACEMENT_3D ( 'NONE', #34, #788, #1204 ) ;
#658 = FACE_OUTER_BOUND ( 'NONE', #528, .T. ) ;
#659 = CARTESIAN_POINT ( 'NONE',  ( 11.50769724484671030, -264.1141075245653269, 50.00000000000000000 ) ) ;
#660 = VECTOR ( 'NONE', #560, 1000.000000000000000 ) ;
#661 = ORIENTED_EDGE ( 'NONE', *, *, #1495, .F. ) ;
#662 = DIRECTION ( 'NONE',  ( 0.000000000000000000, 1.000000000000000000, -1.445602896647339656E-16 ) ) ;
#663 = VECTOR ( 'NONE', #214, 1000.000000000000000 ) ;
#664 = MANIFOLD_SOLID_BREP ( 'Cut-Extrude3', #1715 ) ;
#665 = VECTOR ( 'NONE', #1253, 1000.000000000000000 ) ;
#666 = CARTESIAN_POINT ( 'NONE',  ( -19.21902400622651186, 18.85640091176940203, 40.00000000000000000 ) ) ;
#667 = ORIENTED_EDGE ( 'NONE', *, *, #1405, .F. ) ;
#668 = EDGE_CURVE ( 'NONE', #1776, #1378, #943, .T. ) ;
#669 = DIRECTION ( 'NONE',  ( 1.000000000000000000, -0.000000000000000000, 0.000000000000000000 ) ) ;
#670 = ORIENTED_EDGE ( 'NONE', *, *, #1461, .F. ) ;
#671 = CARTESIAN_POINT ( 'NONE',  ( 11.50769724484671030, -266.1141075245653269, 11.00000000000000355 ) ) ;
#672 = ORIENTED_EDGE ( 'NONE', *, *, #1232, .T. ) ;
#673 = CARTESIAN_POINT ( 'NONE',  ( -38.13969963373228467, -94.08685043545665394, 0.000000000000000000 ) ) ;
#674 = DIRECTION ( 'NONE',  ( -4.624574187150074083E-16, -4.713508306133730833E-16, -1.000000000000000000 ) ) ;
#675 = EDGE_CURVE ( 'NONE', #1767, #503, #647, .T. ) ;
#676 = ORIENTED_EDGE ( 'NONE', *, *, #480, .F. ) ;
#677 = LINE ( 'NONE', #1528, #1415 ) ;
#678 = EDGE_CURVE ( 'NONE', #699, #706, #1258, .T. ) ;
#679 = ORIENTED_EDGE ( 'NONE', *, *, #1048, .F. ) ;
#680 = DIRECTION ( 'NONE',  ( 5.782411586589358625E-16, -1.000000000000000000, 1.445602896647339656E-16 ) ) ;
#681 = VERTEX_POINT ( 'NONE', #1832 ) ;
#682 = DIRECTION ( 'NONE',  ( -0.000000000000000000, 0.000000000000000000, -1.000000000000000000 ) ) ;
#683 = LINE ( 'NONE', #978, #665 ) ;
#684 = CARTESIAN_POINT ( 'NONE',  ( 2.870084966805460610E-14, -124.0868504354566255, 0.000000000000000000 ) ) ;
#685 = ORIENTED_EDGE ( 'NONE', *, *, #827, .T. ) ;
#686 = LINE ( 'NONE', #1265, #660 ) ;
#687 = AXIS2_PLACEMENT_3D ( 'NONE', #465, #1779, #621 ) ;
#688 = ORIENTED_EDGE ( 'NONE', *, *, #493, .T. ) ;
#689 = PLANE ( 'NONE',  #27 ) ;
#690 = EDGE_CURVE ( 'NONE', #248, #356, #812, .T. ) ;
#691 = VECTOR ( 'NONE', #415, 1000.000000000000000 ) ;
#692 = VECTOR ( 'NONE', #178, 1000.000000000000000 ) ;
#693 = LINE ( 'NONE', #533, #875 ) ;
#694 = VECTOR ( 'NONE', #1835, 1000.000000000000000 ) ;
#695 = DIRECTION ( 'NONE',  ( 0.000000000000000000, -1.000000000000000000, 0.000000000000000000 ) ) ;
#696 = VERTEX_POINT ( 'NONE', #1551 ) ;
#697 = CARTESIAN_POINT ( 'NONE',  ( -27.78709651231129030, 25.88589247543464467, 5.954758981310551036 ) ) ;
#698 = PRODUCT_RELATED_PRODUCT_CATEGORY ( 'detail', '', ( #324 ) ) ;
#699 = VERTEX_POINT ( 'NONE', #377 ) ;
#700 = DIRECTION ( 'NONE',  ( 0.07373153524080448828, 0.9972781260566352390, -0.000000000000000000 ) ) ;
#701 = EDGE_CURVE ( 'NONE', #245, #1018, #369, .T. ) ;
#702 = DIRECTION ( 'NONE',  ( 0.000000000000000000, 4.811659614929462074E-16, 1.000000000000000000 ) ) ;
#703 = CARTESIAN_POINT ( 'NONE',  ( 161.8603003662677224, -114.4295227326733055, 34.60828766234036635 ) ) ;
#704 = ORIENTED_EDGE ( 'NONE', *, *, #1048, .T. ) ;
#705 = LINE ( 'NONE', #288, #1504 ) ;
#706 = VERTEX_POINT ( 'NONE', #256 ) ;
#707 = DIRECTION ( 'NONE',  ( 0.7003406701280762148, 0.7138087599382322290, 0.000000000000000000 ) ) ;
#708 = EDGE_CURVE ( 'NONE', #77, #1021, #1230, .T. ) ;
#709 = ORIENTED_EDGE ( 'NONE', *, *, #1225, .F. ) ;
#710 = DIRECTION ( 'NONE',  ( -0.000000000000000000, -0.000000000000000000, -1.000000000000000000 ) ) ;
#711 = LINE ( 'NONE', #254, #721 ) ;
#712 = ORIENTED_EDGE ( 'NONE', *, *, #231, .F. ) ;
#713 = DIRECTION ( 'NONE',  ( -0.000000000000000000, 0.000000000000000000, -1.000000000000000000 ) ) ;
#714 = EDGE_LOOP ( 'NONE', ( #1028, #379, #1793, #1044 ) ) ;
#715 = FACE_OUTER_BOUND ( 'NONE', #801, .T. ) ;
#716 = ORIENTED_EDGE ( 'NONE', *, *, #639, .T. ) ;
#717 = LINE ( 'NONE', #446, #1421 ) ;
#718 = EDGE_CURVE ( 'NONE', #1660, #1452, #1514, .T. ) ;
#719 = AXIS2_PLACEMENT_3D ( 'NONE', #671, #1098, #953 ) ;
#720 = DIRECTION ( 'NONE',  ( -1.000000000000000000, -2.312964634635743943E-16, -0.000000000000000000 ) ) ;
#721 = VECTOR ( 'NONE', #1289, 1000.000000000000000 ) ;
#722 = EDGE_CURVE ( 'NONE', #398, #956, #249, .T. ) ;
#723 = VECTOR ( 'NONE', #1755, 1000.000000000000000 ) ;
#724 = ORIENTED_EDGE ( 'NONE', *, *, #1344, .F. ) ;
#725 = FACE_OUTER_BOUND ( 'NONE', #154, .T. ) ;
#726 = ORIENTED_EDGE ( 'NONE', *, *, #1466, .T. ) ;
#727 = PLANE ( 'NONE',  #1205 ) ;
#728 = FACE_BOUND ( 'NONE', #1852, .T. ) ;
#729 = DIRECTION ( 'NONE',  ( 0.7003406701280765478, 0.7138087599382321180, -0.000000000000000000 ) ) ;
#730 = CARTESIAN_POINT ( 'NONE',  ( 11.50769724484671030, -264.1141075245653269, 11.00000000000000355 ) ) ;
#731 = EDGE_CURVE ( 'NONE', #428, #1672, #1803, .T. ) ;
#732 = ORIENTED_EDGE ( 'NONE', *, *, #1034, .T. ) ;
#733 = LINE ( 'NONE', #1768, #813 ) ;
#734 = DIRECTION ( 'NONE',  ( 0.000000000000000000, 0.000000000000000000, 1.000000000000000000 ) ) ;
#735 = ORIENTED_EDGE ( 'NONE', *, *, #1364, .T. ) ;
#736 = DIRECTION ( 'NONE',  ( -0.000000000000000000, -0.000000000000000000, -1.000000000000000000 ) ) ;
#737 = ORIENTED_EDGE ( 'NONE', *, *, #731, .F. ) ;
#738 = CARTESIAN_POINT ( 'NONE',  ( 2.870084966805460610E-14, -124.0868504354566255, 0.000000000000000000 ) ) ;
#739 = DIRECTION ( 'NONE',  ( -1.000000000000000000, 0.000000000000000000, -0.000000000000000000 ) ) ;
#740 = ORIENTED_EDGE ( 'NONE', *, *, #1525, .T. ) ;
#741 = DIRECTION ( 'NONE',  ( 0.000000000000000000, -1.000000000000000000, 0.000000000000000000 ) ) ;
#742 = ADVANCED_FACE ( 'NONE', ( #1088 ), #1522, .F. ) ;
#743 = ORIENTED_EDGE ( 'NONE', *, *, #308, .F. ) ;
#744 = CARTESIAN_POINT ( 'NONE',  ( 21.86030036626770823, -114.4295227326733340, 34.60828766234036635 ) ) ;
#745 = ADVANCED_FACE ( 'NONE', ( #658 ), #1815, .F. ) ;
#746 = FACE_OUTER_BOUND ( 'NONE', #1009, .T. ) ;
#747 = LINE ( 'NONE', #861, #817 ) ;
#748 = VECTOR ( 'NONE', #1234, 1000.000000000000000 ) ;
#749 = CARTESIAN_POINT ( 'NONE',  ( 26.95565051579051996, 10.14086318004959963, 50.00000000000000000 ) ) ;
#750 = AXIS2_PLACEMENT_3D ( 'NONE', #1105, #399, #795 ) ;
#751 = ORIENTED_EDGE ( 'NONE', *, *, #594, .F. ) ;
#752 = AXIS2_PLACEMENT_3D ( 'NONE', #1656, #917, #1063 ) ;
#753 = CARTESIAN_POINT ( 'NONE',  ( -27.78709651231129030, 25.88589247543464467, 40.00000000000000000 ) ) ;
#754 = APPROVAL_PERSON_ORGANIZATION ( #1737, #776, #1647 ) ;
#755 = ORIENTED_EDGE ( 'NONE', *, *, #1848, .F. ) ;
#756 = FACE_OUTER_BOUND ( 'NONE', #960, .T. ) ;
#757 = EDGE_CURVE ( 'NONE', #1577, #617, #1530, .T. ) ;
#758 = LINE ( 'NONE', #766, #1503 ) ;
#759 = EDGE_CURVE ( 'NONE', #1214, #1452, #1824, .T. ) ;
#760 = LINE ( 'NONE', #738, #1543 ) ;
#761 = LINE ( 'NONE', #730, #1629 ) ;
#762 = VERTEX_POINT ( 'NONE', #1140 ) ;
#763 = DIRECTION ( 'NONE',  ( 1.000000000000000000, 0.000000000000000000, 0.000000000000000000 ) ) ;
#764 = ORIENTED_EDGE ( 'NONE', *, *, #1344, .T. ) ;
#765 = DIRECTION ( 'NONE',  ( 0.7138087599382321180, -0.7003406701280765478, 0.000000000000000000 ) ) ;
#766 = CARTESIAN_POINT ( 'NONE',  ( -43.23504978325509995, 10.14086318004959608, 35.96354951250265941 ) ) ;
#767 = DIRECTION ( 'NONE',  ( 0.000000000000000000, 0.000000000000000000, -1.000000000000000000 ) ) ;
#768 = CARTESIAN_POINT ( 'NONE',  ( -38.13969963373228467, -94.08685043545665394, 40.00000000000000000 ) ) ;
#769 = PERSON_AND_ORGANIZATION_ROLE ( 'creator' ) ;
#770 = ORIENTED_EDGE ( 'NONE', *, *, #1166, .F. ) ;
#771 = PLANE ( 'NONE',  #1053 ) ;
#772 = VERTEX_POINT ( 'NONE', #546 ) ;
#773 = CARTESIAN_POINT ( 'NONE',  ( 11.50769724484670675, 25.91314956454337448, 40.00000000000000000 ) ) ;
#774 = CARTESIAN_POINT ( 'NONE',  ( 13.66180557504674198, -7.899818285088135051E-16, 34.60828766234036635 ) ) ;
#775 = FACE_OUTER_BOUND ( 'NONE', #1032, .T. ) ;
#776 = APPROVAL ( #52, 'UNSPECIFIED' ) ;
#777 = CARTESIAN_POINT ( 'NONE',  ( 0.000000000000000000, 0.000000000000000000, 0.000000000000000000 ) ) ;
#778 = VERTEX_POINT ( 'NONE', #1000 ) ;
#779 = FACE_OUTER_BOUND ( 'NONE', #257, .T. ) ;
#780 = AXIS2_PLACEMENT_3D ( 'NONE', #513, #1092, #233 ) ;
#781 = EDGE_CURVE ( 'NONE', #439, #992, #1567, .T. ) ;
#782 = VECTOR ( 'NONE', #1192, 1000.000000000000000 ) ;
#783 = ORIENTED_EDGE ( 'NONE', *, *, #1789, .T. ) ;
#784 = DIRECTION ( 'NONE',  ( -0.9972781260566352390, 0.07373153524080448828, 0.000000000000000000 ) ) ;
#785 = VECTOR ( 'NONE', #980, 1000.000000000000000 ) ;
#786 = ORIENTED_EDGE ( 'NONE', *, *, #1706, .F. ) ;
#787 = AXIS2_PLACEMENT_3D ( 'NONE', #1403, #549, #1278 ) ;
#788 = DIRECTION ( 'NONE',  ( 0.9979327696187672014, -0.06426653344483951313, 0.000000000000000000 ) ) ;
#789 = DIRECTION ( 'NONE',  ( -0.7003406701280763258, 0.7138087599382322290, 0.000000000000000000 ) ) ;
#790 = DATE_AND_TIME ( #1017, #1212 ) ;
#791 = VERTEX_POINT ( 'NONE', #152 ) ;
#792 = CARTESIAN_POINT ( 'NONE',  ( -27.78709651231129030, 25.91314956454337448, 40.00000000000000000 ) ) ;
#793 = ADVANCED_FACE ( 'NONE', ( #1153 ), #1282, .T. ) ;
#794 = ORIENTED_EDGE ( 'NONE', *, *, #1327, .F. ) ;
#795 = DIRECTION ( 'NONE',  ( 0.000000000000000000, -0.000000000000000000, 1.000000000000000000 ) ) ;
#796 = ORIENTED_EDGE ( 'NONE', *, *, #170, .T. ) ;
#797 = CARTESIAN_POINT ( 'NONE',  ( -35.35531199637797783, 2.409799691038088554, 0.000000000000000000 ) ) ;
#798 = LINE ( 'NONE', #1246, #1870 ) ;
#799 = ORIENTED_EDGE ( 'NONE', *, *, #591, .T. ) ;
#800 = CARTESIAN_POINT ( 'NONE',  ( 8.151616192722809018, -8.308378042582866385, 40.00000000000000000 ) ) ;
#801 = EDGE_LOOP ( 'NONE', ( #1300, #1634, #1003, #1229, #135, #124, #301, #1810, #983, #1521 ) ) ;
#802 = DIRECTION ( 'NONE',  ( 1.000000000000000000, 4.625929269271485914E-16, 0.000000000000000000 ) ) ;
#803 = DIRECTION ( 'NONE',  ( 2.312964634635743943E-16, -1.000000000000000000, 0.000000000000000000 ) ) ;
#804 = VERTEX_POINT ( 'NONE', #280 ) ;
#805 = CARTESIAN_POINT ( 'NONE',  ( -38.13969963373228467, -102.4295227326733340, 34.60828766234036635 ) ) ;
#806 = EDGE_CURVE ( 'NONE', #347, #791, #1851, .T. ) ;
#807 = CARTESIAN_POINT ( 'NONE',  ( 11.50769724484671030, -264.1141075245653269, 50.00000000000000000 ) ) ;
#808 = ORIENTED_EDGE ( 'NONE', *, *, #1487, .T. ) ;
#809 = LINE ( 'NONE', #1398, #1328 ) ;
#810 = EDGE_LOOP ( 'NONE', ( #1202, #225, #171, #426 ) ) ;
#811 = AXIS2_PLACEMENT_3D ( 'NONE', #1467, #351, #1645 ) ;
#812 = LINE ( 'NONE', #220, #1838 ) ;
#813 = VECTOR ( 'NONE', #600, 1000.000000000000000 ) ;
#814 = EDGE_CURVE ( 'NONE', #778, #895, #829, .T. ) ;
#815 = DIRECTION ( 'NONE',  ( 0.000000000000000000, -1.000000000000000000, 0.000000000000000000 ) ) ;
#816 = VECTOR ( 'NONE', #326, 1000.000000000000000 ) ;
#817 = VECTOR ( 'NONE', #35, 1000.000000000000114 ) ;
#818 = EDGE_CURVE ( 'NONE', #1660, #1257, #571, .T. ) ;
#819 = DIRECTION ( 'NONE',  ( 0.7138087599382321180, -0.7003406701280765478, 0.000000000000000000 ) ) ;
#820 = ORIENTED_EDGE ( 'NONE', *, *, #1825, .T. ) ;
#821 = PLANE ( 'NONE',  #1240 ) ;
#822 = ORIENTED_EDGE ( 'NONE', *, *, #458, .F. ) ;
#823 = DIRECTION ( 'NONE',  ( -0.000000000000000000, -0.000000000000000000, -1.000000000000000000 ) ) ;
#824 = DIRECTION ( 'NONE',  ( -0.06426653344483949926, -0.9979327696187670904, 0.000000000000000000 ) ) ;
#825 = DIRECTION ( 'NONE',  ( 5.564599261618440914E-32, -4.811659614929462074E-16, -1.000000000000000000 ) ) ;
#826 = CARTESIAN_POINT ( 'NONE',  ( -27.78709651231129030, 25.91314956454337448, 40.00000000000000000 ) ) ;
#827 = EDGE_CURVE ( 'NONE', #1548, #500, #686, .T. ) ;
#828 = ORIENTED_EDGE ( 'NONE', *, *, #1619, .T. ) ;
#829 = LINE ( 'NONE', #125, #448 ) ;
#830 = VERTEX_POINT ( 'NONE', #1591 ) ;
#831 = FACE_OUTER_BOUND ( 'NONE', #1700, .T. ) ;
#832 = CARTESIAN_POINT ( 'NONE',  ( -32.81308575556879248, 20.76324959288371375, 35.96354951250265941 ) ) ;
#833 = ADVANCED_FACE ( 'NONE', ( #725 ), #1841, .F. ) ;
#834 = DIRECTION ( 'NONE',  ( 1.765855789138282250E-16, -1.000000000000000000, 0.000000000000000000 ) ) ;
#835 = ORIENTED_EDGE ( 'NONE', *, *, #1525, .F. ) ;
#836 = FACE_OUTER_BOUND ( 'NONE', #876, .T. ) ;
#837 = EDGE_CURVE ( 'NONE', #199, #1190, #705, .T. ) ;
#838 = VECTOR ( 'NONE', #824, 1000.000000000000114 ) ;
#839 = ORIENTED_EDGE ( 'NONE', *, *, #410, .F. ) ;
#840 = CARTESIAN_POINT ( 'NONE',  ( -27.78709651231129030, 25.88589247543464467, 50.00000000000000000 ) ) ;
#841 = ADVANCED_FACE ( 'NONE', ( #9 ), #425, .F. ) ;
#842 = AXIS2_PLACEMENT_3D ( 'NONE', #1662, #96, #367 ) ;
#843 = VECTOR ( 'NONE', #1707, 1000.000000000000000 ) ;
#844 = FACE_OUTER_BOUND ( 'NONE', #463, .T. ) ;
#845 = APPROVAL_PERSON_ORGANIZATION ( #346, #31, #338 ) ;
#846 = LINE ( 'NONE', #703, #1839 ) ;
#847 = ORIENTED_EDGE ( 'NONE', *, *, #1704, .T. ) ;
#848 = CARTESIAN_POINT ( 'NONE',  ( -28.22056564355014530, -84.94294704226662418, 40.00000000000000000 ) ) ;
#849 = EDGE_CURVE ( 'NONE', #445, #1030, #440, .T. ) ;
#850 = ORIENTED_EDGE ( 'NONE', *, *, #1057, .T. ) ;
#851 = CARTESIAN_POINT ( 'NONE',  ( -27.78709651231129385, 25.91314956454337448, 35.96354951250265941 ) ) ;
#852 = ORIENTED_EDGE ( 'NONE', *, *, #163, .T. ) ;
#853 = DIRECTION ( 'NONE',  ( 2.312964634635743450E-16, -1.000000000000000000, 0.000000000000000000 ) ) ;
#854 = DIRECTION ( 'NONE',  ( -0.000000000000000000, 1.000000000000000000, -0.000000000000000000 ) ) ;
#855 = EDGE_LOOP ( 'NONE', ( #952, #318, #1598, #388 ) ) ;
#856 = DIRECTION ( 'NONE',  ( -0.000000000000000000, -0.000000000000000000, -1.000000000000000000 ) ) ;
#857 = ORIENTED_EDGE ( 'NONE', *, *, #722, .F. ) ;
#858 = DIRECTION ( 'NONE',  ( -0.05780961752053426911, 0.9983276256430699824, 0.000000000000000000 ) ) ;
#859 = ADVANCED_FACE ( 'NONE', ( #865 ), #1859, .F. ) ;
#860 = ORIENTED_EDGE ( 'NONE', *, *, #410, .T. ) ;
#861 = CARTESIAN_POINT ( 'NONE',  ( -43.23504978325509995, 10.14086318004959608, 5.954758981310551036 ) ) ;
#862 = ADVANCED_FACE ( 'NONE', ( #836 ), #113, .F. ) ;
#863 = FACE_OUTER_BOUND ( 'NONE', #649, .T. ) ;
#864 = ORIENTED_EDGE ( 'NONE', *, *, #282, .T. ) ;
#865 = FACE_OUTER_BOUND ( 'NONE', #115, .T. ) ;
#866 = ORIENTED_EDGE ( 'NONE', *, *, #1563, .T. ) ;
#867 = DIRECTION ( 'NONE',  ( 0.7003406701280763258, -0.7138087599382322290, 0.000000000000000000 ) ) ;
#868 = DIRECTION ( 'NONE',  ( -0.000000000000000000, 0.000000000000000000, 1.000000000000000000 ) ) ;
#869 = LINE ( 'NONE', #315, #968 ) ;
#870 = VECTOR ( 'NONE', #250, 1000.000000000000114 ) ;
#871 = EDGE_CURVE ( 'NONE', #1670, #1406, #1133, .T. ) ;
#872 = VECTOR ( 'NONE', #856, 1000.000000000000000 ) ;
#873 = DIRECTION ( 'NONE',  ( 0.07373153524080444665, -0.9972781260566352390, 0.000000000000000000 ) ) ;
#874 = VECTOR ( 'NONE', #596, 1000.000000000000000 ) ;
#875 = VECTOR ( 'NONE', #1580, 1000.000000000000000 ) ;
#876 = EDGE_LOOP ( 'NONE', ( #1220, #217, #634, #1484 ) ) ;
#877 = EDGE_CURVE ( 'NONE', #1018, #913, #1583, .T. ) ;
#878 = DIRECTION ( 'NONE',  ( -1.000000000000000000, 0.000000000000000000, 0.000000000000000000 ) ) ;
#879 =( NAMED_UNIT ( * ) PLANE_ANGLE_UNIT ( ) SI_UNIT ( $, .RADIAN. ) );
#880 = ORIENTED_EDGE ( 'NONE', *, *, #1846, .F. ) ;
#881 = DIRECTION ( 'NONE',  ( -1.156482317317871478E-16, 1.000000000000000000, -0.000000000000000000 ) ) ;
#882 = EDGE_LOOP ( 'NONE', ( #84, #142, #1441, #685 ) ) ;
#883 = DIRECTION ( 'NONE',  ( -1.000000000000000000, -2.312964634635743450E-16, 0.000000000000000000 ) ) ;
#884 = CARTESIAN_POINT ( 'NONE',  ( -38.13969963373227756, -114.4295227326733482, 5.766289436291906156 ) ) ;
#885 = ORIENTED_EDGE ( 'NONE', *, *, #1370, .F. ) ;
#886 = FACE_OUTER_BOUND ( 'NONE', #1054, .T. ) ;
#887 = ORIENTED_EDGE ( 'NONE', *, *, #1122, .F. ) ;
#888 = FACE_OUTER_BOUND ( 'NONE', #1293, .T. ) ;
#889 = CARTESIAN_POINT ( 'NONE',  ( 3.601216653561031489, 18.18208607553186695, 40.00000000000000000 ) ) ;
#890 = CARTESIAN_POINT ( 'NONE',  ( 10.29660762865957757, -84.94294704226662418, 50.00000000000000000 ) ) ;
#891 = DIRECTION ( 'NONE',  ( -2.312964634635743943E-16, 1.000000000000000000, 0.000000000000000000 ) ) ;
#892 = CC_DESIGN_DATE_AND_TIME_ASSIGNMENT ( #497, #1072, ( #1058 ) ) ;
#893 = VERTEX_POINT ( 'NONE', #697 ) ;
#894 = FACE_OUTER_BOUND ( 'NONE', #810, .T. ) ;
#895 = VERTEX_POINT ( 'NONE', #1442 ) ;
#896 = DIRECTION ( 'NONE',  ( 0.000000000000000000, -0.000000000000000000, 1.000000000000000000 ) ) ;
#897 = LINE ( 'NONE', #1353, #1688 ) ;
#898 = DIRECTION ( 'NONE',  ( -2.312964634635744436E-16, 1.000000000000000000, -4.811659614929462074E-16 ) ) ;
#899 = CARTESIAN_POINT ( 'NONE',  ( 11.50769724484670675, 25.88589247543465177, 35.96354951250265941 ) ) ;
#900 = VECTOR ( 'NONE', #625, 1000.000000000000000 ) ;
#901 = VERTEX_POINT ( 'NONE', #1275 ) ;
#902 = VECTOR ( 'NONE', #1369, 1000.000000000000000 ) ;
#903 = FACE_OUTER_BOUND ( 'NONE', #1594, .T. ) ;
#904 = VECTOR ( 'NONE', #648, 1000.000000000000000 ) ;
#905 = VERTEX_POINT ( 'NONE', #848 ) ;
#906 = LINE ( 'NONE', #48, #59 ) ;
#907 = DIRECTION ( 'NONE',  ( 0.9972781260566352390, 0.07373153524080443277, -0.000000000000000000 ) ) ;
#908 = DIRECTION ( 'NONE',  ( -1.000000000000000000, -2.312964634635743943E-16, -0.000000000000000000 ) ) ;
#909 = LINE ( 'NONE', #467, #1118 ) ;
#910 = CALENDAR_DATE ( 2025, 25, 8 ) ;
#911 = ORIENTED_EDGE ( 'NONE', *, *, #1576, .T. ) ;
#912 = PLANE ( 'NONE',  #1144 ) ;
#913 = VERTEX_POINT ( 'NONE', #1425 ) ;
#914 = LINE ( 'NONE', #773, #1478 ) ;
#915 = EDGE_CURVE ( 'NONE', #901, #1182, #1471, .T. ) ;
#916 = CARTESIAN_POINT ( 'NONE',  ( -32.81308575556880669, -24.08685043545662907, 5.954758981310552812 ) ) ;
#917 = DIRECTION ( 'NONE',  ( 0.000000000000000000, 1.000000000000000000, 0.000000000000000000 ) ) ;
#918 = ADVANCED_FACE ( 'NONE', ( #38 ), #1319, .T. ) ;
#919 = CALENDAR_DATE ( 2025, 25, 8 ) ;
#920 = ORIENTED_EDGE ( 'NONE', *, *, #1455, .F. ) ;
#921 = DIRECTION ( 'NONE',  ( -0.7138087599382321180, -0.7003406701280765478, 0.000000000000000000 ) ) ;
#922 = ORIENTED_EDGE ( 'NONE', *, *, #1364, .F. ) ;
#923 = CARTESIAN_POINT ( 'NONE',  ( -32.81308575556880669, 20.76324959288370309, 5.954758981310551924 ) ) ;
#924 = FACE_OUTER_BOUND ( 'NONE', #509, .T. ) ;
#925 = LINE ( 'NONE', #959, #663 ) ;
#926 = AXIS2_PLACEMENT_3D ( 'NONE', #1740, #1216, #640 ) ;
#927 = APPROVAL_STATUS ( 'not_yet_approved' ) ;
#928 = EDGE_LOOP ( 'NONE', ( #456, #1749, #1664, #145 ) ) ;
#929 = CARTESIAN_POINT ( 'NONE',  ( -27.78230275515328884, -266.1141075245653269, 11.00000000000000355 ) ) ;
#930 = AXIS2_PLACEMENT_3D ( 'NONE', #1473, #1501, #332 ) ;
#931 = EDGE_CURVE ( 'NONE', #1073, #140, #1463, .T. ) ;
#932 = AXIS2_PLACEMENT_3D ( 'NONE', #792, #655, #1510 ) ;
#933 = ORIENTED_EDGE ( 'NONE', *, *, #1532, .T. ) ;
#934 = CARTESIAN_POINT ( 'NONE',  ( -30.33819442495325802, 0.000000000000000000, 40.00000000000000000 ) ) ;
#935 = VECTOR ( 'NONE', #1828, 1000.000000000000000 ) ;
#936 = VERTEX_POINT ( 'NONE', #462 ) ;
#937 = LINE ( 'NONE', #1516, #1080 ) ;
#938 = DIRECTION ( 'NONE',  ( -0.000000000000000000, -0.000000000000000000, -1.000000000000000000 ) ) ;
#939 = SHAPE_DEFINITION_REPRESENTATION ( #1064, #79 ) ;
#940 = ORIENTED_EDGE ( 'NONE', *, *, #757, .T. ) ;
#941 = CARTESIAN_POINT ( 'NONE',  ( -19.88061592102560482, 18.18208607553186695, 40.00000000000000000 ) ) ;
#942 = ORIENTED_EDGE ( 'NONE', *, *, #915, .F. ) ;
#943 = LINE ( 'NONE', #1372, #1264 ) ;
#944 = LINE ( 'NONE', #230, #904 ) ;
#945 = ADVANCED_FACE ( 'NONE', ( #886 ), #912, .F. ) ;
#946 = ORIENTED_EDGE ( 'NONE', *, *, #87, .F. ) ;
#947 = CARTESIAN_POINT ( 'NONE',  ( 10.92429653619059948, 10.71817773362095672, 35.96354951250265941 ) ) ;
#948 = CARTESIAN_POINT ( 'NONE',  ( -28.22056564355014530, -84.94294704226662418, 50.00000000000000000 ) ) ;
#949 = ORIENTED_EDGE ( 'NONE', *, *, #1786, .F. ) ;
#950 = CARTESIAN_POINT ( 'NONE',  ( -27.78709651231129030, 25.91314956454337448, 40.00000000000000000 ) ) ;
#951 = ADVANCED_FACE ( 'NONE', ( #1029 ), #1785, .F. ) ;
#952 = ORIENTED_EDGE ( 'NONE', *, *, #364, .F. ) ;
#953 = DIRECTION ( 'NONE',  ( 1.000000000000000000, 0.000000000000000000, -0.000000000000000000 ) ) ;
#954 = DIRECTION ( 'NONE',  ( 0.000000000000000000, 4.811659614929462074E-16, 1.000000000000000000 ) ) ;
#955 = EDGE_CURVE ( 'NONE', #992, #1860, #1453, .T. ) ;
#956 = VERTEX_POINT ( 'NONE', #753 ) ;
#957 = LINE ( 'NONE', #1861, #1141 ) ;
#958 = EDGE_CURVE ( 'NONE', #762, #1754, #172, .T. ) ;
#959 = CARTESIAN_POINT ( 'NONE',  ( -27.78709651231129030, 18.18208607553186695, 40.00000000000000000 ) ) ;
#960 = EDGE_LOOP ( 'NONE', ( #320, #1458, #1603, #407, #491, #359, #679, #751 ) ) ;
#961 = CARTESIAN_POINT ( 'NONE',  ( -19.21902400622651186, 18.85640091176940203, 0.000000000000000000 ) ) ;
#962 = ORIENTED_EDGE ( 'NONE', *, *, #1188, .F. ) ;
#963 = VECTOR ( 'NONE', #632, 1000.000000000000000 ) ;
#964 = DIRECTION ( 'NONE',  ( 0.000000000000000000, -1.000000000000000000, 0.000000000000000000 ) ) ;
#965 = ORIENTED_EDGE ( 'NONE', *, *, #231, .T. ) ;
#966 = LINE ( 'NONE', #1833, #870 ) ;
#967 = AXIS2_PLACEMENT_3D ( 'NONE', #260, #834, #986 ) ;
#968 = VECTOR ( 'NONE', #1449, 1000.000000000000000 ) ;
#969 = CARTESIAN_POINT ( 'NONE',  ( 2.870084966805460610E-14, -124.0868504354566255, 40.00000000000000000 ) ) ;
#970 = EDGE_CURVE ( 'NONE', #1139, #431, #733, .T. ) ;
#971 = VERTEX_POINT ( 'NONE', #1483 ) ;
#972 = PLANE ( 'NONE',  #514 ) ;
#973 = ORIENTED_EDGE ( 'NONE', *, *, #163, .F. ) ;
#974 = CARTESIAN_POINT ( 'NONE',  ( 21.86030036626769757, 2.528105082484597956E-15, 0.000000000000000000 ) ) ;
#975 = ORIENTED_EDGE ( 'NONE', *, *, #1279, .F. ) ;
#976 = CARTESIAN_POINT ( 'NONE',  ( 21.86030036626770823, -114.4295227326733340, 50.00000000000000000 ) ) ;
#977 = EDGE_CURVE ( 'NONE', #199, #1378, #1491, .T. ) ;
#978 = CARTESIAN_POINT ( 'NONE',  ( 161.8603003662677224, -102.4295227326732913, 34.60828766234036635 ) ) ;
#979 = ADVANCED_FACE ( 'NONE', ( #894 ), #1066, .F. ) ;
#980 = DIRECTION ( 'NONE',  ( 0.000000000000000000, -1.000000000000000000, 0.000000000000000000 ) ) ;
#981 = ORIENTED_EDGE ( 'NONE', *, *, #614, .F. ) ;
#982 = DIRECTION ( 'NONE',  ( -0.000000000000000000, 0.000000000000000000, -1.000000000000000000 ) ) ;
#983 = ORIENTED_EDGE ( 'NONE', *, *, #1461, .T. ) ;
#984 = DIRECTION ( 'NONE',  ( 0.7003406701280765478, -0.7138087599382321180, 0.000000000000000000 ) ) ;
#985 = DIRECTION ( 'NONE',  ( 5.782411586589357392E-17, 1.000000000000000000, -1.445602896647339656E-16 ) ) ;
#986 = DIRECTION ( 'NONE',  ( 1.000000000000000000, 1.765855789138282250E-16, 0.000000000000000000 ) ) ;
#987 = EDGE_CURVE ( 'NONE', #992, #1281, #1349, .T. ) ;
#988 = VERTEX_POINT ( 'NONE', #1332 ) ;
#989 = CARTESIAN_POINT ( 'NONE',  ( 2.870084966805460610E-14, -124.0868504354566255, 40.00000000000000000 ) ) ;
#990 = EDGE_CURVE ( 'NONE', #371, #895, #451, .T. ) ;
#991 = VECTOR ( 'NONE', #1402, 1000.000000000000000 ) ;
#992 = VERTEX_POINT ( 'NONE', #470 ) ;
#993 = LINE ( 'NONE', #1143, #1262 ) ;
#994 = AXIS2_PLACEMENT_3D ( 'NONE', #321, #1624, #896 ) ;
#995 = VECTOR ( 'NONE', #1261, 1000.000000000000000 ) ;
#996 = CARTESIAN_POINT ( 'NONE',  ( 13.66180557504674198, -7.899818285088135051E-16, 0.000000000000000000 ) ) ;
#997 = AXIS2_PLACEMENT_3D ( 'NONE', #196, #767, #1343 ) ;
#998 = CARTESIAN_POINT ( 'NONE',  ( 17.18691424443120397, 20.09745976431967662, 50.00000000000000000 ) ) ;
#999 = EDGE_LOOP ( 'NONE', ( #383, #602, #1667, #309 ) ) ;
#1000 = CARTESIAN_POINT ( 'NONE',  ( 11.50769724484670675, 25.88589247543465177, 5.954758981310551036 ) ) ;
#1001 = ORIENTED_EDGE ( 'NONE', *, *, #1285, .T. ) ;
#1002 = DIRECTION ( 'NONE',  ( 0.04882839841131002973, 0.9988071823473169131, -0.000000000000000000 ) ) ;
#1003 = ORIENTED_EDGE ( 'NONE', *, *, #1071, .T. ) ;
#1004 = LINE ( 'NONE', #284, #1393 ) ;
#1005 = CARTESIAN_POINT ( 'NONE',  ( -30.33819442495325802, -94.08685043545665394, 0.000000000000000000 ) ) ;
#1006 = ORIENTED_EDGE ( 'NONE', *, *, #381, .F. ) ;
#1007 = CARTESIAN_POINT ( 'NONE',  ( 161.8603003662677224, -114.4295227326733055, 5.766289436291900827 ) ) ;
#1008 = ADVANCED_FACE ( 'NONE', ( #903 ), #1045, .F. ) ;
#1009 = EDGE_LOOP ( 'NONE', ( #1111, #424, #670, #709 ) ) ;
#1010 = CARTESIAN_POINT ( 'NONE',  ( 10.92429653619059948, 10.71817773362095672, 40.00000000000000000 ) ) ;
#1011 = EDGE_CURVE ( 'NONE', #1030, #1529, #1745, .T. ) ;
#1012 = ORIENTED_EDGE ( 'NONE', *, *, #114, .T. ) ;
#1013 = CARTESIAN_POINT ( 'NONE',  ( 10.29660762865957757, -84.94294704226662418, 20.00000000000000355 ) ) ;
#1014 = FACE_OUTER_BOUND ( 'NONE', #1222, .T. ) ;
#1015 = VERTEX_POINT ( 'NONE', #618 ) ;
#1016 = CARTESIAN_POINT ( 'NONE',  ( 11.50769724484670675, 25.91314956454337448, 40.00000000000000000 ) ) ;
#1017 = CALENDAR_DATE ( 2025, 25, 8 ) ;
#1018 = VERTEX_POINT ( 'NONE', #1775 ) ;
#1019 = DIRECTION ( 'NONE',  ( 0.000000000000000000, 0.000000000000000000, -1.000000000000000000 ) ) ;
#1020 = VECTOR ( 'NONE', #1382, 1000.000000000000000 ) ;
#1021 = VERTEX_POINT ( 'NONE', #478 ) ;
#1022 = PLANE ( 'NONE',  #186 ) ;
#1023 = VECTOR ( 'NONE', #823, 1000.000000000000000 ) ;
#1024 = AXIS2_PLACEMENT_3D ( 'NONE', #1575, #263, #1559 ) ;
#1025 = CARTESIAN_POINT ( 'NONE',  ( 19.07591272891340139, 2.409799691038086777, 40.00000000000000000 ) ) ;
#1026 = ADVANCED_FACE ( 'NONE', ( #1056 ), #771, .F. ) ;
#1027 = VECTOR ( 'NONE', #519, 1000.000000000000000 ) ;
#1028 = ORIENTED_EDGE ( 'NONE', *, *, #1198, .F. ) ;
#1029 = FACE_OUTER_BOUND ( 'NONE', #414, .T. ) ;
#1030 = VERTEX_POINT ( 'NONE', #1801 ) ;
#1031 = DIRECTION ( 'NONE',  ( 0.7003406701280762148, -0.7138087599382322290, 0.000000000000000000 ) ) ;
#1032 = EDGE_LOOP ( 'NONE', ( #296, #783, #433, #82 ) ) ;
#1033 = DIRECTION ( 'NONE',  ( -2.312287093575037041E-16, 2.356754153066866895E-16, -1.000000000000000000 ) ) ;
#1034 = EDGE_CURVE ( 'NONE', #1529, #1132, #677, .T. ) ;
#1035 = CARTESIAN_POINT ( 'NONE',  ( 161.8603003662677224, -102.4295227326733055, 5.766289436291899051 ) ) ;
#1036 = EDGE_CURVE ( 'NONE', #248, #1552, #1360, .T. ) ;
#1037 = VERTEX_POINT ( 'NONE', #1821 ) ;
#1038 = DIRECTION ( 'NONE',  ( 0.000000000000000000, 0.000000000000000000, 1.000000000000000000 ) ) ;
#1039 = ORIENTED_EDGE ( 'NONE', *, *, #276, .T. ) ;
#1040 = DIRECTION ( 'NONE',  ( -0.07373153524080448828, -0.9972781260566352390, 0.000000000000000000 ) ) ;
#1041 = FACE_OUTER_BOUND ( 'NONE', #1693, .T. ) ;
#1042 = CARTESIAN_POINT ( 'NONE',  ( 21.86030036626770467, -94.08685043545662552, 5.766289436291899051 ) ) ;
#1043 = LINE ( 'NONE', #1451, #1296 ) ;
#1044 = ORIENTED_EDGE ( 'NONE', *, *, #1217, .F. ) ;
#1045 = PLANE ( 'NONE',  #358 ) ;
#1046 = ORIENTED_EDGE ( 'NONE', *, *, #990, .T. ) ;
#1047 = PLANE ( 'NONE',  #57 ) ;
#1048 = EDGE_CURVE ( 'NONE', #1548, #274, #348, .T. ) ;
#1049 = DIRECTION ( 'NONE',  ( 0.000000000000000000, -1.000000000000000000, 0.000000000000000000 ) ) ;
#1050 = CARTESIAN_POINT ( 'NONE',  ( 26.95565051579051996, 10.14086318004959963, 50.00000000000000000 ) ) ;
#1051 = VECTOR ( 'NONE', #1771, 1000.000000000000000 ) ;
#1052 = DIRECTION ( 'NONE',  ( 0.000000000000000000, 1.000000000000000000, 0.000000000000000000 ) ) ;
#1053 = AXIS2_PLACEMENT_3D ( 'NONE', #1633, #340, #1499 ) ;
#1054 = EDGE_LOOP ( 'NONE', ( #133, #1157, #644, #165 ) ) ;
#1055 = VECTOR ( 'NONE', #633, 1000.000000000000000 ) ;
#1056 = FACE_OUTER_BOUND ( 'NONE', #882, .T. ) ;
#1057 = EDGE_CURVE ( 'NONE', #245, #1303, #384, .T. ) ;
#1058 = SECURITY_CLASSIFICATION ( '', '', #164 ) ;
#1059 = ORIENTED_EDGE ( 'NONE', *, *, #364, .T. ) ;
#1060 = DIRECTION ( 'NONE',  ( -0.000000000000000000, -0.000000000000000000, -1.000000000000000000 ) ) ;
#1061 = ADVANCED_FACE ( 'NONE', ( #1228 ), #236, .F. ) ;
#1062 = LINE ( 'NONE', #1636, #1654 ) ;
#1063 = DIRECTION ( 'NONE',  ( 0.000000000000000000, -0.000000000000000000, 1.000000000000000000 ) ) ;
#1064 = PRODUCT_DEFINITION_SHAPE ( 'NONE', 'NONE',  #577 ) ;
#1065 = ORIENTED_EDGE ( 'NONE', *, *, #806, .F. ) ;
#1066 = PLANE ( 'NONE',  #1691 ) ;
#1067 = ORIENTED_EDGE ( 'NONE', *, *, #814, .F. ) ;
#1068 = CARTESIAN_POINT ( 'NONE',  ( -19.21902400622651186, 18.85640091176940203, 40.00000000000000000 ) ) ;
#1069 = LINE ( 'NONE', #805, #1020 ) ;
#1070 = DIRECTION ( 'NONE',  ( -1.000000000000000000, 0.000000000000000000, 0.000000000000000000 ) ) ;
#1071 = EDGE_CURVE ( 'NONE', #893, #167, #508, .T. ) ;
#1072 = DATE_TIME_ROLE ( 'classification_date' ) ;
#1073 = VERTEX_POINT ( 'NONE', #941 ) ;
#1074 = LINE ( 'NONE', #527, #1597 ) ;
#1075 = EDGE_LOOP ( 'NONE', ( #232, #828, #526, #559 ) ) ;
#1076 = CARTESIAN_POINT ( 'NONE',  ( -27.78709651231129030, 25.88589247543464467, 50.00000000000000000 ) ) ;
#1077 = CARTESIAN_POINT ( 'NONE',  ( 11.50769724484671030, -264.1141075245653269, 50.00000000000000000 ) ) ;
#1078 = ADVANCED_FACE ( 'NONE', ( #1830, #83 ), #821, .F. ) ;
#1079 = LINE ( 'NONE', #1384, #1751 ) ;
#1080 = VECTOR ( 'NONE', #815, 1000.000000000000000 ) ;
#1081 = CALENDAR_DATE ( 2025, 25, 8 ) ;
#1082 = ORIENTED_EDGE ( 'NONE', *, *, #1373, .T. ) ;
#1083 = EDGE_CURVE ( 'NONE', #1732, #55, #63, .T. ) ;
#1084 = DIRECTION ( 'NONE',  ( -0.7003406701280765478, -0.7138087599382321180, 0.000000000000000000 ) ) ;
#1085 = VECTOR ( 'NONE', #501, 1000.000000000000000 ) ;
#1086 = VECTOR ( 'NONE', #615, 1000.000000000000000 ) ;
#1087 = VERTEX_POINT ( 'NONE', #1794 ) ;
#1088 = FACE_OUTER_BOUND ( 'NONE', #538, .T. ) ;
#1089 = FACE_OUTER_BOUND ( 'NONE', #1097, .T. ) ;
#1090 = VECTOR ( 'NONE', #1336, 1000.000000000000000 ) ;
#1091 = ORIENTED_EDGE ( 'NONE', *, *, #1166, .T. ) ;
#1092 = DIRECTION ( 'NONE',  ( -0.9983276256430699824, -0.05780961752053426911, 0.000000000000000000 ) ) ;
#1093 = LINE ( 'NONE', #1375, #599 ) ;
#1094 = ORIENTED_EDGE ( 'NONE', *, *, #1475, .T. ) ;
#1095 = DIRECTION ( 'NONE',  ( -0.000000000000000000, 0.000000000000000000, 1.000000000000000000 ) ) ;
#1096 = EDGE_CURVE ( 'NONE', #1276, #341, #247, .T. ) ;
#1097 = EDGE_LOOP ( 'NONE', ( #592, #312, #1012, #1795, #53, #839, #726, #1039 ) ) ;
#1098 = DIRECTION ( 'NONE',  ( 0.000000000000000000, 0.000000000000000000, 1.000000000000000000 ) ) ;
#1099 = ORIENTED_EDGE ( 'NONE', *, *, #675, .F. ) ;
#1100 = LINE ( 'NONE', #1675, #419 ) ;
#1101 = CARTESIAN_POINT ( 'NONE',  ( -27.78709651231129030, 25.88589247543464467, 50.00000000000000000 ) ) ;
#1102 = ORIENTED_EDGE ( 'NONE', *, *, #1563, .F. ) ;
#1103 = LINE ( 'NONE', #684, #995 ) ;
#1104 = ORIENTED_EDGE ( 'NONE', *, *, #955, .T. ) ;
#1105 = CARTESIAN_POINT ( 'NONE',  ( -27.78709651231129030, 25.91314956454337448, 40.00000000000000000 ) ) ;
#1106 = ORIENTED_EDGE ( 'NONE', *, *, #690, .F. ) ;
#1107 = CARTESIAN_POINT ( 'NONE',  ( 21.86030036626770823, -102.4295227326733340, 5.766289436291899051 ) ) ;
#1108 = FACE_OUTER_BOUND ( 'NONE', #74, .T. ) ;
#1109 = ORIENTED_EDGE ( 'NONE', *, *, #1719, .T. ) ;
#1110 = CARTESIAN_POINT ( 'NONE',  ( 26.95565051579051996, 10.14086318004959963, 50.00000000000000000 ) ) ;
#1111 = ORIENTED_EDGE ( 'NONE', *, *, #1096, .T. ) ;
#1112 = VECTOR ( 'NONE', #611, 1000.000000000000000 ) ;
#1113 = DIRECTION ( 'NONE',  ( 4.625929269271485914E-16, -1.000000000000000000, 0.000000000000000000 ) ) ;
#1114 = ADVANCED_FACE ( 'NONE', ( #103 ), #206, .F. ) ;
#1115 = VECTOR ( 'NONE', #1681, 1000.000000000000000 ) ;
#1116 = ORIENTED_EDGE ( 'NONE', *, *, #1131, .T. ) ;
#1117 = FACE_OUTER_BOUND ( 'NONE', #1648, .T. ) ;
#1118 = VECTOR ( 'NONE', #169, 1000.000000000000000 ) ;
#1119 = ADVANCED_FACE ( 'NONE', ( #779 ), #1671, .F. ) ;
#1120 = VECTOR ( 'NONE', #1033, 1000.000000000000000 ) ;
#1121 = CARTESIAN_POINT ( 'NONE',  ( -27.78230275515328884, -254.1141075245653269, 40.00000000000000000 ) ) ;
#1122 = EDGE_CURVE ( 'NONE', #167, #1281, #1074, .T. ) ;
#1123 = DIRECTION ( 'NONE',  ( 1.000000000000000000, 0.000000000000000000, 0.000000000000000000 ) ) ;
#1124 = ORIENTED_EDGE ( 'NONE', *, *, #1586, .T. ) ;
#1125 = CARTESIAN_POINT ( 'NONE',  ( -27.78709651231129030, 25.91314956454337448, 40.00000000000000000 ) ) ;
#1126 = ORIENTED_EDGE ( 'NONE', *, *, #990, .F. ) ;
#1127 = CARTESIAN_POINT ( 'NONE',  ( 11.50769724484671208, -264.1141075245653269, 35.85786437626904899 ) ) ;
#1128 = ADVANCED_FACE ( 'NONE', ( #1649 ), #355, .T. ) ;
#1129 = CARTESIAN_POINT ( 'NONE',  ( 21.86030036626770467, -102.4295227326733198, 50.00000000000000711 ) ) ;
#1130 = FACE_OUTER_BOUND ( 'NONE', #1716, .T. ) ;
#1131 = EDGE_CURVE ( 'NONE', #1732, #1309, #218, .T. ) ;
#1132 = VERTEX_POINT ( 'NONE', #73 ) ;
#1133 = LINE ( 'NONE', #406, #1717 ) ;
#1134 = ORIENTED_EDGE ( 'NONE', *, *, #1083, .F. ) ;
#1135 = CARTESIAN_POINT ( 'NONE',  ( 11.50769724484671030, -266.1141075245653269, 11.00000000000000355 ) ) ;
#1136 = CARTESIAN_POINT ( 'NONE',  ( 13.66180557504674198, -5.738816943897122159E-15, 5.766289436291885728 ) ) ;
#1137 = FACE_BOUND ( 'NONE', #1368, .T. ) ;
#1138 = EDGE_CURVE ( 'NONE', #905, #1774, #809, .T. ) ;
#1139 = VERTEX_POINT ( 'NONE', #1248 ) ;
#1140 = CARTESIAN_POINT ( 'NONE',  ( 13.66180557504673132, -102.4295227326733340, 5.766289436291899051 ) ) ;
#1141 = VECTOR ( 'NONE', #166, 1000.000000000000000 ) ;
#1142 = ORIENTED_EDGE ( 'NONE', *, *, #668, .T. ) ;
#1143 = CARTESIAN_POINT ( 'NONE',  ( 21.86030036626770467, -94.08685043545662552, 50.00000000000000000 ) ) ;
#1144 = AXIS2_PLACEMENT_3D ( 'NONE', #46, #1211, #1604 ) ;
#1145 = VECTOR ( 'NONE', #1519, 1000.000000000000000 ) ;
#1146 = ORIENTED_EDGE ( 'NONE', *, *, #423, .T. ) ;
#1147 = DIRECTION ( 'NONE',  ( 0.000000000000000000, 0.000000000000000000, -1.000000000000000000 ) ) ;
#1148 = VECTOR ( 'NONE', #702, 1000.000000000000000 ) ;
#1149 = EDGE_CURVE ( 'NONE', #105, #112, #1103, .T. ) ;
#1150 = LINE ( 'NONE', #286, #843 ) ;
#1151 = EDGE_CURVE ( 'NONE', #222, #1767, #1720, .T. ) ;
#1152 = ORIENTED_EDGE ( 'NONE', *, *, #1857, .F. ) ;
#1153 = FACE_OUTER_BOUND ( 'NONE', #62, .T. ) ;
#1154 = VERTEX_POINT ( 'NONE', #1005 ) ;
#1155 = CARTESIAN_POINT ( 'NONE',  ( 26.95565051579051996, 10.14086318004959963, 40.00000000000000000 ) ) ;
#1156 = ADVANCED_FACE ( 'NONE', ( #558 ), #1713, .T. ) ;
#1157 = ORIENTED_EDGE ( 'NONE', *, *, #977, .T. ) ;
#1158 = CARTESIAN_POINT ( 'NONE',  ( 10.29660762865957757, -84.94294704226662418, 40.00000000000000000 ) ) ;
#1159 = CARTESIAN_POINT ( 'NONE',  ( -38.13969963373230598, -8.821577642845265576E-15, 40.00000000000000000 ) ) ;
#1160 = ORIENTED_EDGE ( 'NONE', *, *, #480, .T. ) ;
#1161 = DIRECTION ( 'NONE',  ( 0.04882839841131002973, 0.9988071823473169131, -0.000000000000000000 ) ) ;
#1162 = EDGE_CURVE ( 'NONE', #1800, #167, #1865, .T. ) ;
#1163 = APPLICATION_PROTOCOL_DEFINITION ( 'international standard', 'config_control_design', 1994, #1687 ) ;
#1164 = ORIENTED_EDGE ( 'NONE', *, *, #1663, .T. ) ;
#1165 = CARTESIAN_POINT ( 'NONE',  ( -18.96213068699731252, -244.8289968688901297, 40.00000000000000000 ) ) ;
#1166 = EDGE_CURVE ( 'NONE', #778, #1172, #421, .T. ) ;
#1167 = PLANE ( 'NONE',  #926 ) ;
#1168 = CARTESIAN_POINT ( 'NONE',  ( 13.66180557504673132, -102.4295227326733198, 34.60828766234036635 ) ) ;
#1169 = LINE ( 'NONE', #316, #692 ) ;
#1170 = ORIENTED_EDGE ( 'NONE', *, *, #381, .T. ) ;
#1171 = CARTESIAN_POINT ( 'NONE',  ( 0.000000000000000000, -94.08685043545662552, 40.00000000000000000 ) ) ;
#1172 = VERTEX_POINT ( 'NONE', #397 ) ;
#1173 = LINE ( 'NONE', #1485, #627 ) ;
#1174 = VECTOR ( 'NONE', #562, 1000.000000000000000 ) ;
#1175 = ORIENTED_EDGE ( 'NONE', *, *, #1322, .F. ) ;
#1176 = FACE_OUTER_BOUND ( 'NONE', #102, .T. ) ;
#1177 = AXIS2_PLACEMENT_3D ( 'NONE', #98, #1400, #1665 ) ;
#1178 = AXIS2_PLACEMENT_3D ( 'NONE', #1159, #36, #891 ) ;
#1179 = CARTESIAN_POINT ( 'NONE',  ( 11.50769724484670675, 25.91314956454337448, 5.954758981310551036 ) ) ;
#1180 = VECTOR ( 'NONE', #908, 1000.000000000000000 ) ;
#1181 = ADVANCED_FACE ( 'NONE', ( #430 ), #1556, .F. ) ;
#1182 = VERTEX_POINT ( 'NONE', #147 ) ;
#1183 = DIRECTION ( 'NONE',  ( -1.000000000000000000, -2.312964634635743943E-16, -0.000000000000000000 ) ) ;
#1184 = ORIENTED_EDGE ( 'NONE', *, *, #718, .T. ) ;
#1185 = CARTESIAN_POINT ( 'NONE',  ( -27.78230275515328884, -266.1141075245653269, 50.00000000000000000 ) ) ;
#1186 = CARTESIAN_POINT ( 'NONE',  ( -19.88061592102560837, 18.18208607553186695, 35.96354951250265941 ) ) ;
#1187 = LINE ( 'NONE', #1459, #1090 ) ;
#1188 = EDGE_CURVE ( 'NONE', #1154, #105, #1150, .T. ) ;
#1189 = CARTESIAN_POINT ( 'NONE',  ( -27.78709651231129030, 25.91314956454337448, 35.96354951250265941 ) ) ;
#1190 = VERTEX_POINT ( 'NONE', #1549 ) ;
#1191 = ADVANCED_FACE ( 'NONE', ( #1137, #863 ), #972, .F. ) ;
#1192 = DIRECTION ( 'NONE',  ( 0.000000000000000000, -1.000000000000000000, 0.000000000000000000 ) ) ;
#1193 = ORIENTED_EDGE ( 'NONE', *, *, #1036, .F. ) ;
#1194 = FACE_OUTER_BOUND ( 'NONE', #376, .T. ) ;
#1195 = CARTESIAN_POINT ( 'NONE',  ( 161.8603003662677224, -102.4295227326733055, 5.766289436291899051 ) ) ;
#1196 = CARTESIAN_POINT ( 'NONE',  ( -27.78709651231129030, 25.91314956454337448, 0.000000000000000000 ) ) ;
#1197 = LINE ( 'NONE', #1618, #816 ) ;
#1198 = EDGE_CURVE ( 'NONE', #272, #1172, #1299, .T. ) ;
#1199 = ORIENTED_EDGE ( 'NONE', *, *, #806, .T. ) ;
#1200 = CARTESIAN_POINT ( 'NONE',  ( -18.96213068699731252, -244.8289968688901297, 50.00000000000000000 ) ) ;
#1201 = EDGE_CURVE ( 'NONE', #356, #47, #1837, .T. ) ;
#1202 = ORIENTED_EDGE ( 'NONE', *, *, #1420, .T. ) ;
#1203 = DIRECTION ( 'NONE',  ( -0.000000000000000000, -0.000000000000000000, -1.000000000000000000 ) ) ;
#1204 = DIRECTION ( 'NONE',  ( 0.06426653344483949926, 0.9979327696187670904, 0.000000000000000000 ) ) ;
#1205 = AXIS2_PLACEMENT_3D ( 'NONE', #1185, #472, #209 ) ;
#1206 = LINE ( 'NONE', #1808, #60 ) ;
#1207 = VECTOR ( 'NONE', #638, 1000.000000000000000 ) ;
#1208 =( NAMED_UNIT ( * ) SI_UNIT ( $, .STERADIAN. ) SOLID_ANGLE_UNIT ( ) );
#1209 = ORIENTED_EDGE ( 'NONE', *, *, #317, .T. ) ;
#1210 = VECTOR ( 'NONE', #92, 1000.000000000000000 ) ;
#1211 = DIRECTION ( 'NONE',  ( 2.312964634635744436E-16, -1.000000000000000000, 0.000000000000000000 ) ) ;
#1212 = LOCAL_TIME ( 15, 22, 55.00000000000000000, #198 ) ;
#1213 = ADVANCED_FACE ( 'NONE', ( #1130 ), #412, .F. ) ;
#1214 = VERTEX_POINT ( 'NONE', #1439 ) ;
#1215 = CARTESIAN_POINT ( 'NONE',  ( -43.23504978325509995, 10.14086318004959608, 50.00000000000000000 ) ) ;
#1216 = DIRECTION ( 'NONE',  ( -1.000000000000000000, -1.156482317317871478E-16, 0.000000000000000000 ) ) ;
#1217 = EDGE_CURVE ( 'NONE', #1172, #1670, #111, .T. ) ;
#1218 = LINE ( 'NONE', #666, #394 ) ;
#1219 = APPROVAL_DATE_TIME ( #790, #776 ) ;
#1220 = ORIENTED_EDGE ( 'NONE', *, *, #1071, .F. ) ;
#1221 = DIRECTION ( 'NONE',  ( 5.782411586589357392E-17, 1.000000000000000000, 0.000000000000000000 ) ) ;
#1222 = EDGE_LOOP ( 'NONE', ( #911, #1376, #1263, #880, #1338, #205 ) ) ;
#1223 = CARTESIAN_POINT ( 'NONE',  ( 11.50769724484670853, 25.88589247543465177, 50.00000000000000000 ) ) ;
#1224 = DIRECTION ( 'NONE',  ( -0.000000000000000000, -0.000000000000000000, -1.000000000000000000 ) ) ;
#1225 = EDGE_CURVE ( 'NONE', #1276, #956, #1432, .T. ) ;
#1226 = DIRECTION ( 'NONE',  ( -0.000000000000000000, -0.000000000000000000, -1.000000000000000000 ) ) ;
#1227 = ORIENTED_EDGE ( 'NONE', *, *, #1704, .F. ) ;
#1228 = FACE_OUTER_BOUND ( 'NONE', #714, .T. ) ;
#1229 = ORIENTED_EDGE ( 'NONE', *, *, #1122, .T. ) ;
#1230 = LINE ( 'NONE', #1223, #1539 ) ;
#1231 = CARTESIAN_POINT ( 'NONE',  ( -35.35531199637797783, 2.409799691038088554, 40.00000000000000000 ) ) ;
#1232 = EDGE_CURVE ( 'NONE', #1831, #681, #846, .T. ) ;
#1233 = ORIENTED_EDGE ( 'NONE', *, *, #1555, .F. ) ;
#1234 = DIRECTION ( 'NONE',  ( -0.000000000000000000, -4.811659614929462074E-16, -1.000000000000000000 ) ) ;
#1235 = LINE ( 'NONE', #204, #1210 ) ;
#1236 = VECTOR ( 'NONE', #867, 1000.000000000000114 ) ;
#1237 = ORIENTED_EDGE ( 'NONE', *, *, #311, .F. ) ;
#1238 = DIRECTION ( 'NONE',  ( 0.06426653344483951313, 0.9979327696187670904, 0.000000000000000000 ) ) ;
#1239 = AXIS2_PLACEMENT_3D ( 'NONE', #1016, #432, #713 ) ;
#1240 = AXIS2_PLACEMENT_3D ( 'NONE', #535, #1538, #1221 ) ;
#1241 = ORIENTED_EDGE ( 'NONE', *, *, #1151, .T. ) ;
#1242 = CARTESIAN_POINT ( 'NONE',  ( 11.50769724484671030, -266.1141075245653269, 50.00000000000000000 ) ) ;
#1243 = FACE_BOUND ( 'NONE', #855, .T. ) ;
#1244 = LOCAL_TIME ( 15, 22, 55.00000000000000000, #506 ) ;
#1245 = CARTESIAN_POINT ( 'NONE',  ( 21.86030036626770823, -102.4295227326733198, 34.60828766234036635 ) ) ;
#1246 = CARTESIAN_POINT ( 'NONE',  ( -16.13628799015146953, -16.44660122073130992, 0.000000000000000000 ) ) ;
#1247 = ORIENTED_EDGE ( 'NONE', *, *, #391, .F. ) ;
#1248 = CARTESIAN_POINT ( 'NONE',  ( 11.50769724484671030, -266.1141075245653269, 50.00000000000000000 ) ) ;
#1249 = ORIENTED_EDGE ( 'NONE', *, *, #1254, .T. ) ;
#1250 = DIRECTION ( 'NONE',  ( -0.000000000000000000, 1.000000000000000000, -0.000000000000000000 ) ) ;
#1251 = ORIENTED_EDGE ( 'NONE', *, *, #678, .F. ) ;
#1252 = LINE ( 'NONE', #1684, #1836 ) ;
#1253 = DIRECTION ( 'NONE',  ( -1.000000000000000000, -2.312964634635743943E-16, -0.000000000000000000 ) ) ;
#1254 = EDGE_CURVE ( 'NONE', #1214, #1760, #1280, .T. ) ;
#1255 = ORIENTED_EDGE ( 'NONE', *, *, #1487, .F. ) ;
#1256 = DIRECTION ( 'NONE',  ( -1.000000000000000000, -4.625929269271485914E-16, 0.000000000000000000 ) ) ;
#1257 = VERTEX_POINT ( 'NONE', #1110 ) ;
#1258 = LINE ( 'NONE', #974, #330 ) ;
#1259 = CARTESIAN_POINT ( 'NONE',  ( 18.80403432306771805, 18.44924122263246247, 0.000000000000000000 ) ) ;
#1260 = CARTESIAN_POINT ( 'NONE',  ( -32.81308575556880669, 5.000914898016674215, 5.954758981310551924 ) ) ;
#1261 = DIRECTION ( 'NONE',  ( -1.000000000000000000, -2.312964634635743450E-16, 0.000000000000000000 ) ) ;
#1262 = VECTOR ( 'NONE', #881, 1000.000000000000000 ) ;
#1263 = ORIENTED_EDGE ( 'NONE', *, *, #306, .F. ) ;
#1264 = VECTOR ( 'NONE', #680, 1000.000000000000000 ) ;
#1265 = CARTESIAN_POINT ( 'NONE',  ( -27.78709651231129030, 18.18208607553186695, 0.000000000000000000 ) ) ;
#1266 = VECTOR ( 'NONE', #695, 1000.000000000000000 ) ;
#1267 = ORIENTED_EDGE ( 'NONE', *, *, #126, .T. ) ;
#1268 = CARTESIAN_POINT ( 'NONE',  ( 161.8603003662677224, -102.4295227326732913, 34.60828766234036635 ) ) ;
#1269 = AXIS2_PLACEMENT_3D ( 'NONE', #1849, #1581, #1573 ) ;
#1270 = VECTOR ( 'NONE', #1609, 1000.000000000000000 ) ;
#1271 = EDGE_CURVE ( 'NONE', #1518, #1303, #711, .T. ) ;
#1272 = CARTESIAN_POINT ( 'NONE',  ( -32.81308575556879248, 5.000914898016691090, 40.00000000000001421 ) ) ;
#1273 = DIRECTION ( 'NONE',  ( 0.000000000000000000, 0.000000000000000000, -1.000000000000000000 ) ) ;
#1274 = EDGE_LOOP ( 'NONE', ( #624, #1850, #523, #235, #770, #610, #1391, #219, #94, #366 ) ) ;
#1275 = CARTESIAN_POINT ( 'NONE',  ( -27.78230275515328884, -264.1141075245653269, 50.00000000000000000 ) ) ;
#1276 = VERTEX_POINT ( 'NONE', #826 ) ;
#1277 = CARTESIAN_POINT ( 'NONE',  ( -38.13969963373227756, -114.4295227326733482, 5.766289436291900827 ) ) ;
#1278 = DIRECTION ( 'NONE',  ( -0.000000000000000000, 0.000000000000000000, -1.000000000000000000 ) ) ;
#1279 = EDGE_CURVE ( 'NONE', #778, #428, #1404, .T. ) ;
#1280 = LINE ( 'NONE', #1856, #185 ) ;
#1281 = VERTEX_POINT ( 'NONE', #293 ) ;
#1282 = PLANE ( 'NONE',  #1239 ) ;
#1283 = ORIENTED_EDGE ( 'NONE', *, *, #678, .T. ) ;
#1284 = LINE ( 'NONE', #1561, #1474 ) ;
#1285 = EDGE_CURVE ( 'NONE', #193, #762, #1307, .T. ) ;
#1286 = EDGE_LOOP ( 'NONE', ( #1394, #1152, #1456, #1418 ) ) ;
#1287 = DIRECTION ( 'NONE',  ( 2.312964634635743943E-16, -1.000000000000000000, 0.000000000000000000 ) ) ;
#1288 = EDGE_CURVE ( 'NONE', #140, #561, #576, .T. ) ;
#1289 = DIRECTION ( 'NONE',  ( -0.000000000000000000, -0.000000000000000000, -1.000000000000000000 ) ) ;
#1290 = ORIENTED_EDGE ( 'NONE', *, *, #126, .F. ) ;
#1291 = CARTESIAN_POINT ( 'NONE',  ( 11.50769724484670675, 25.91314956454337448, 40.00000000000000000 ) ) ;
#1292 = VECTOR ( 'NONE', #1294, 1000.000000000000000 ) ;
#1293 = EDGE_LOOP ( 'NONE', ( #88, #1170, #1146, #1227, #416 ) ) ;
#1294 = DIRECTION ( 'NONE',  ( -0.000000000000000000, 1.000000000000000000, -0.000000000000000000 ) ) ;
#1295 = VECTOR ( 'NONE', #313, 1000.000000000000114 ) ;
#1296 = VECTOR ( 'NONE', #43, 1000.000000000000000 ) ;
#1297 = PLANE ( 'NONE',  #595 ) ;
#1298 = CARTESIAN_POINT ( 'NONE',  ( 21.86030036626770823, -124.0868504354566255, 50.00000000000000000 ) ) ;
#1299 = LINE ( 'NONE', #551, #542 ) ;
#1300 = ORIENTED_EDGE ( 'NONE', *, *, #1742, .T. ) ;
#1301 = DIRECTION ( 'NONE',  ( 1.000000000000000000, 2.312964634635744436E-16, 0.000000000000000000 ) ) ;
#1302 = ADVANCED_FACE ( 'NONE', ( #438, #1014 ), #1765, .F. ) ;
#1303 = VERTEX_POINT ( 'NONE', #768 ) ;
#1304 = FACE_OUTER_BOUND ( 'NONE', #237, .T. ) ;
#1305 = FACE_OUTER_BOUND ( 'NONE', #628, .T. ) ;
#1306 = LINE ( 'NONE', #1438, #303 ) ;
#1307 = LINE ( 'NONE', #1035, #1507 ) ;
#1308 = ADVANCED_FACE ( 'NONE', ( #1773 ), #1460, .F. ) ;
#1309 = VERTEX_POINT ( 'NONE', #197 ) ;
#1310 = DIRECTION ( 'NONE',  ( -0.000000000000000000, -0.000000000000000000, -1.000000000000000000 ) ) ;
#1311 = MECHANICAL_CONTEXT ( 'NONE', #69, 'mechanical' ) ;
#1312 = EDGE_LOOP ( 'NONE', ( #822, #578, #1414, #518 ) ) ;
#1313 = CARTESIAN_POINT ( 'NONE',  ( -27.78230275515328884, -266.1141075245653269, 50.00000000000000000 ) ) ;
#1314 = EDGE_CURVE ( 'NONE', #55, #804, #761, .T. ) ;
#1315 = ORIENTED_EDGE ( 'NONE', *, *, #1254, .F. ) ;
#1316 = DIRECTION ( 'NONE',  ( -1.000000000000000000, 0.000000000000000000, 0.000000000000000000 ) ) ;
#1317 = LINE ( 'NONE', #749, #874 ) ;
#1318 = ORIENTED_EDGE ( 'NONE', *, *, #1383, .T. ) ;
#1319 = PLANE ( 'NONE',  #481 ) ;
#1320 = ORIENTED_EDGE ( 'NONE', *, *, #189, .T. ) ;
#1321 = PLANE ( 'NONE',  #994 ) ;
#1322 = EDGE_CURVE ( 'NONE', #1276, #347, #1743, .T. ) ;
#1323 = VECTOR ( 'NONE', #408, 1000.000000000000000 ) ;
#1324 = CARTESIAN_POINT ( 'NONE',  ( 11.50769724484670853, 25.88589247543465177, 50.00000000000000000 ) ) ;
#1325 = DIRECTION ( 'NONE',  ( -1.156482317317871478E-16, 1.000000000000000000, -0.000000000000000000 ) ) ;
#1326 = VECTOR ( 'NONE', #1203, 1000.000000000000000 ) ;
#1327 = EDGE_CURVE ( 'NONE', #1858, #696, #337, .T. ) ;
#1328 = VECTOR ( 'NONE', #669, 1000.000000000000000 ) ;
#1329 = LINE ( 'NONE', #1189, #1086 ) ;
#1330 = CC_DESIGN_APPROVAL ( #31, ( #577 ) ) ;
#1331 = ORIENTED_EDGE ( 'NONE', *, *, #1752, .T. ) ;
#1332 = CARTESIAN_POINT ( 'NONE',  ( 3.601216653561032377, 18.18208607553186695, 5.954758981310551036 ) ) ;
#1333 = ORIENTED_EDGE ( 'NONE', *, *, #1557, .F. ) ;
#1334 = PLANE ( 'NONE',  #1780 ) ;
#1335 = PLANE ( 'NONE',  #687 ) ;
#1336 = DIRECTION ( 'NONE',  ( -1.000000000000000000, -4.625929269271485914E-16, 0.000000000000000000 ) ) ;
#1337 = CARTESIAN_POINT ( 'NONE',  ( 11.50769724484670853, 25.88589247543465177, 50.00000000000000000 ) ) ;
#1338 = ORIENTED_EDGE ( 'NONE', *, *, #1271, .T. ) ;
#1339 = DIRECTION ( 'NONE',  ( 1.000000000000000000, 0.000000000000000000, 0.000000000000000000 ) ) ;
#1340 = ORIENTED_EDGE ( 'NONE', *, *, #616, .T. ) ;
#1341 = CARTESIAN_POINT ( 'NONE',  ( 21.86030036626770823, -124.0868504354566255, 50.00000000000000000 ) ) ;
#1342 = DIRECTION ( 'NONE',  ( -5.782411586589357392E-17, -1.000000000000000000, 0.000000000000000000 ) ) ;
#1343 = DIRECTION ( 'NONE',  ( -1.000000000000000000, 0.000000000000000000, -0.000000000000000000 ) ) ;
#1344 = EDGE_CURVE ( 'NONE', #587, #1614, #909, .T. ) ;
#1345 = DIRECTION ( 'NONE',  ( 1.000000000000000000, 0.000000000000000000, 0.000000000000000000 ) ) ;
#1346 = EDGE_CURVE ( 'NONE', #561, #1590, #1043, .T. ) ;
#1347 = PERSON_AND_ORGANIZATION_ROLE ( 'creator' ) ;
#1348 = EDGE_LOOP ( 'NONE', ( #1708, #1065, #933, #1558 ) ) ;
#1349 = LINE ( 'NONE', #180, #540 ) ;
#1350 = ADVANCED_FACE ( 'NONE', ( #1589 ), #1630, .F. ) ;
#1351 = ORIENTED_EDGE ( 'NONE', *, *, #1506, .T. ) ;
#1352 = LINE ( 'NONE', #464, #1389 ) ;
#1353 = CARTESIAN_POINT ( 'NONE',  ( 11.50769724484670675, 25.91314956454337448, 35.96354951250265941 ) ) ;
#1354 = VECTOR ( 'NONE', #1049, 1000.000000000000000 ) ;
#1355 = LINE ( 'NONE', #642, #1479 ) ;
#1356 = VECTOR ( 'NONE', #1416, 1000.000000000000000 ) ;
#1357 = CALENDAR_DATE ( 2025, 25, 8 ) ;
#1358 = ORIENTED_EDGE ( 'NONE', *, *, #827, .F. ) ;
#1359 = VECTOR ( 'NONE', #825, 1000.000000000000000 ) ;
#1360 = LINE ( 'NONE', #800, #241 ) ;
#1361 = VECTOR ( 'NONE', #177, 1000.000000000000000 ) ;
#1362 = EDGE_LOOP ( 'NONE', ( #201, #835, #1497, #489 ) ) ;
#1363 = LINE ( 'NONE', #1242, #1207 ) ;
#1364 = EDGE_CURVE ( 'NONE', #1760, #1037, #586, .T. ) ;
#1365 = DIRECTION ( 'NONE',  ( 0.000000000000000000, 1.000000000000000000, -1.445602896647339656E-16 ) ) ;
#1366 = CARTESIAN_POINT ( 'NONE',  ( 17.18691424443120042, -24.08685043545662907, 35.96354951250265941 ) ) ;
#1367 = PERSON_AND_ORGANIZATION ( #1547, #1631 ) ;
#1368 = EDGE_LOOP ( 'NONE', ( #574, #179, #4, #1560 ) ) ;
#1369 = DIRECTION ( 'NONE',  ( 1.000000000000000000, -0.000000000000000000, -0.000000000000000000 ) ) ;
#1370 = EDGE_CURVE ( 'NONE', #1614, #830, #1169, .T. ) ;
#1371 = ORIENTED_EDGE ( 'NONE', *, *, #1619, .F. ) ;
#1372 = CARTESIAN_POINT ( 'NONE',  ( -38.13969963373228467, -102.4295227326733482, 5.766289436291899051 ) ) ;
#1373 = EDGE_CURVE ( 'NONE', #1552, #47, #447, .T. ) ;
#1374 = LINE ( 'NONE', #947, #268 ) ;
#1375 = CARTESIAN_POINT ( 'NONE',  ( -43.23504978325509995, 10.14086318004959608, 40.00000000000000000 ) ) ;
#1376 = ORIENTED_EDGE ( 'NONE', *, *, #520, .F. ) ;
#1377 = DIRECTION ( 'NONE',  ( -0.7003406701280763258, -0.7138087599382322290, 0.000000000000000000 ) ) ;
#1378 = VERTEX_POINT ( 'NONE', #884 ) ;
#1379 = DIRECTION ( 'NONE',  ( 1.156482317317871478E-16, -1.000000000000000000, 0.000000000000000000 ) ) ;
#1380 = LINE ( 'NONE', #659, #334 ) ;
#1381 = EDGE_LOOP ( 'NONE', ( #99, #1814, #531, #1408 ) ) ;
#1382 = DIRECTION ( 'NONE',  ( -5.782411586589351722E-16, 1.000000000000000000, -0.000000000000000000 ) ) ;
#1383 = EDGE_CURVE ( 'NONE', #1257, #248, #1317, .T. ) ;
#1384 = CARTESIAN_POINT ( 'NONE',  ( 3.601216653561031489, 18.18208607553186695, 40.00000000000000000 ) ) ;
#1385 = EDGE_CURVE ( 'NONE', #341, #1015, #1329, .T. ) ;
#1386 = VECTOR ( 'NONE', #1002, 1000.000000000000114 ) ;
#1387 = ORIENTED_EDGE ( 'NONE', *, *, #435, .F. ) ;
#1388 = CARTESIAN_POINT ( 'NONE',  ( -27.78709651231129030, 25.88589247543464467, 40.00000000000000000 ) ) ;
#1389 = VECTOR ( 'NONE', #56, 1000.000000000000000 ) ;
#1390 = VECTOR ( 'NONE', #1726, 1000.000000000000114 ) ;
#1391 = ORIENTED_EDGE ( 'NONE', *, *, #731, .T. ) ;
#1392 = CARTESIAN_POINT ( 'NONE',  ( 21.86030036626770467, -94.08685043545662552, 50.00000000000000000 ) ) ;
#1393 = VECTOR ( 'NONE', #1287, 1000.000000000000000 ) ;
#1394 = ORIENTED_EDGE ( 'NONE', *, *, #1778, .T. ) ;
#1395 = LINE ( 'NONE', #976, #1746 ) ;
#1396 = LINE ( 'NONE', #1272, #1695 ) ;
#1397 = ORIENTED_EDGE ( 'NONE', *, *, #977, .F. ) ;
#1398 = CARTESIAN_POINT ( 'NONE',  ( -0.000000000000000000, -84.94294704226662418, 40.00000000000000000 ) ) ;
#1399 = ORIENTED_EDGE ( 'NONE', *, *, #1288, .T. ) ;
#1400 = DIRECTION ( 'NONE',  ( 0.000000000000000000, 1.000000000000000000, 0.000000000000000000 ) ) ;
#1401 = ORIENTED_EDGE ( 'NONE', *, *, #45, .F. ) ;
#1402 = DIRECTION ( 'NONE',  ( 1.000000000000000000, -0.000000000000000000, 0.000000000000000000 ) ) ;
#1403 = CARTESIAN_POINT ( 'NONE',  ( -30.33819442495325802, 0.000000000000000000, 40.00000000000000000 ) ) ;
#1404 = LINE ( 'NONE', #1179, #32 ) ;
#1405 = EDGE_CURVE ( 'NONE', #72, #706, #1197, .T. ) ;
#1406 = VERTEX_POINT ( 'NONE', #899 ) ;
#1407 = DIRECTION ( 'NONE',  ( 0.000000000000000000, 4.811659614929462074E-16, 1.000000000000000000 ) ) ;
#1408 = ORIENTED_EDGE ( 'NONE', *, *, #1778, .F. ) ;
#1409 = CARTESIAN_POINT ( 'NONE',  ( -27.78709651231129030, 25.88589247543464467, 0.000000000000000000 ) ) ;
#1410 = CARTESIAN_POINT ( 'NONE',  ( -30.33819442495325802, -102.4295227326733340, 40.00000000000004974 ) ) ;
#1411 = DIRECTION ( 'NONE',  ( 2.312287093575037041E-16, -2.356754153066866895E-16, 1.000000000000000000 ) ) ;
#1412 = VECTOR ( 'NONE', #1224, 1000.000000000000000 ) ;
#1413 = EDGE_CURVE ( 'NONE', #1257, #77, #1480, .T. ) ;
#1414 = ORIENTED_EDGE ( 'NONE', *, *, #1864, .F. ) ;
#1415 = VECTOR ( 'NONE', #1238, 1000.000000000000227 ) ;
#1416 = DIRECTION ( 'NONE',  ( -1.000000000000000000, -2.312964634635743450E-16, 0.000000000000000000 ) ) ;
#1417 = AXIS2_PLACEMENT_3D ( 'NONE', #606, #190, #1489 ) ;
#1418 = ORIENTED_EDGE ( 'NONE', *, *, #1644, .T. ) ;
#1419 = CARTESIAN_POINT ( 'NONE',  ( -27.78709651231129030, 25.91314956454337448, 40.00000000000000000 ) ) ;
#1420 = EDGE_CURVE ( 'NONE', #654, #445, #1669, .T. ) ;
#1421 = VECTOR ( 'NONE', #23, 1000.000000000000000 ) ;
#1422 = CARTESIAN_POINT ( 'NONE',  ( 2.870084966805460610E-14, -124.0868504354566255, 40.00000000000000000 ) ) ;
#1423 = CARTESIAN_POINT ( 'NONE',  ( 0.000000000000000000, -264.1141075245653269, 0.000000000000000000 ) ) ;
#1424 = ORIENTED_EDGE ( 'NONE', *, *, #1498, .F. ) ;
#1425 = CARTESIAN_POINT ( 'NONE',  ( -38.13969963373227756, -124.0868504354566397, 40.00000000000000000 ) ) ;
#1426 = CC_DESIGN_DATE_AND_TIME_ASSIGNMENT ( #488, #441, ( #577 ) ) ;
#1427 = ORIENTED_EDGE ( 'NONE', *, *, #1511, .F. ) ;
#1428 = CARTESIAN_POINT ( 'NONE',  ( 11.81393680905025256, -259.9719719008343759, 40.00000000000000000 ) ) ;
#1429 = ADVANCED_FACE ( 'NONE', ( #775 ), #1517, .F. ) ;
#1430 = ORIENTED_EDGE ( 'NONE', *, *, #1685, .F. ) ;
#1431 = LINE ( 'NONE', #1136, #123 ) ;
#1432 = LINE ( 'NONE', #121, #1266 ) ;
#1433 = ORIENTED_EDGE ( 'NONE', *, *, #1506, .F. ) ;
#1434 = CARTESIAN_POINT ( 'NONE',  ( -18.96213068699731252, -244.8289968688901297, 20.00000000000000355 ) ) ;
#1435 = ORIENTED_EDGE ( 'NONE', *, *, #423, .F. ) ;
#1436 = LINE ( 'NONE', #1155, #1386 ) ;
#1437 = FACE_OUTER_BOUND ( 'NONE', #436, .T. ) ;
#1438 = CARTESIAN_POINT ( 'NONE',  ( -19.21902400622651186, 18.85640091176940203, 5.954758981310551036 ) ) ;
#1439 = CARTESIAN_POINT ( 'NONE',  ( 13.66180557504673665, -94.08685043545662552, 40.00000000000000000 ) ) ;
#1440 = EDGE_CURVE ( 'NONE', #905, #1537, #344, .T. ) ;
#1441 = ORIENTED_EDGE ( 'NONE', *, *, #594, .T. ) ;
#1442 = CARTESIAN_POINT ( 'NONE',  ( 11.50769724484670853, 25.88589247543465177, 0.000000000000000000 ) ) ;
#1443 = VECTOR ( 'NONE', #1465, 1000.000000000000000 ) ;
#1444 = ORIENTED_EDGE ( 'NONE', *, *, #1545, .T. ) ;
#1445 = CARTESIAN_POINT ( 'NONE',  ( -27.78230275515328884, -264.1141075245653269, 50.00000000000000000 ) ) ;
#1446 = VECTOR ( 'NONE', #1250, 1000.000000000000000 ) ;
#1447 = VECTOR ( 'NONE', #1734, 1000.000000000000000 ) ;
#1448 = DIRECTION ( 'NONE',  ( 1.000000000000000000, 0.000000000000000000, 0.000000000000000000 ) ) ;
#1449 = DIRECTION ( 'NONE',  ( -1.000000000000000000, -1.765855789138282250E-16, -0.000000000000000000 ) ) ;
#1450 = EDGE_CURVE ( 'NONE', #272, #988, #1638, .T. ) ;
#1451 = CARTESIAN_POINT ( 'NONE',  ( -32.81308575556879248, -24.08685043545662907, 35.96354951250265941 ) ) ;
#1452 = VERTEX_POINT ( 'NONE', #224 ) ;
#1453 = LINE ( 'NONE', #1612, #269 ) ;
#1454 = PERSON_AND_ORGANIZATION ( #1547, #1631 ) ;
#1455 = EDGE_CURVE ( 'NONE', #431, #1732, #1496, .T. ) ;
#1456 = ORIENTED_EDGE ( 'NONE', *, *, #1057, .F. ) ;
#1457 = LINE ( 'NONE', #1419, #119 ) ;
#1458 = ORIENTED_EDGE ( 'NONE', *, *, #1586, .F. ) ;
#1459 = CARTESIAN_POINT ( 'NONE',  ( 4.352391152829474914E-14, -94.08685043545663973, 0.000000000000000000 ) ) ;
#1460 = PLANE ( 'NONE',  #1417 ) ;
#1461 = EDGE_CURVE ( 'NONE', #956, #1015, #1355, .T. ) ;
#1462 = ORIENTED_EDGE ( 'NONE', *, *, #1825, .F. ) ;
#1463 = LINE ( 'NONE', #1759, #91 ) ;
#1464 = ORIENTED_EDGE ( 'NONE', *, *, #591, .F. ) ;
#1465 = DIRECTION ( 'NONE',  ( -0.000000000000000000, -0.000000000000000000, 1.000000000000000000 ) ) ;
#1466 = EDGE_CURVE ( 'NONE', #971, #1817, #1079, .T. ) ;
#1467 = CARTESIAN_POINT ( 'NONE',  ( -27.78709651231129030, 25.91314956454337448, 40.00000000000000000 ) ) ;
#1468 = LINE ( 'NONE', #1042, #1361 ) ;
#1469 = CARTESIAN_POINT ( 'NONE',  ( -38.13969963373227756, -124.0868504354566397, 50.00000000000000000 ) ) ;
#1470 = EDGE_LOOP ( 'NONE', ( #1710, #852, #1606, #661 ) ) ;
#1471 = LINE ( 'NONE', #310, #900 ) ;
#1472 = ORIENTED_EDGE ( 'NONE', *, *, #1036, .T. ) ;
#1473 = CARTESIAN_POINT ( 'NONE',  ( 0.000000000000000000, 0.000000000000000000, 40.00000000000000000 ) ) ;
#1474 = VECTOR ( 'NONE', #700, 1000.000000000000000 ) ;
#1475 = EDGE_CURVE ( 'NONE', #913, #1702, #1235, .T. ) ;
#1476 = CARTESIAN_POINT ( 'NONE',  ( -27.78230275515328884, -264.1141075245653269, 11.00000000000000355 ) ) ;
#1477 = LINE ( 'NONE', #890, #1512 ) ;
#1478 = VECTOR ( 'NONE', #629, 1000.000000000000000 ) ;
#1479 = VECTOR ( 'NONE', #1226, 1000.000000000000000 ) ;
#1480 = LINE ( 'NONE', #1337, #484 ) ;
#1481 = AXIS2_PLACEMENT_3D ( 'NONE', #969, #853, #101 ) ;
#1482 = ORIENTED_EDGE ( 'NONE', *, *, #160, .T. ) ;
#1483 = CARTESIAN_POINT ( 'NONE',  ( 3.601216653561031489, 18.18208607553186695, 40.00000000000000000 ) ) ;
#1484 = ORIENTED_EDGE ( 'NONE', *, *, #1162, .T. ) ;
#1485 = CARTESIAN_POINT ( 'NONE',  ( -38.13969963373227756, -124.0868504354566397, 40.00000000000000000 ) ) ;
#1486 = FACE_OUTER_BOUND ( 'NONE', #477, .T. ) ;
#1487 = EDGE_CURVE ( 'NONE', #1281, #274, #798, .T. ) ;
#1488 = DIRECTION ( 'NONE',  ( -0.000000000000000000, -0.000000000000000000, 1.000000000000000000 ) ) ;
#1489 = DIRECTION ( 'NONE',  ( 1.000000000000000000, 0.000000000000000000, 0.000000000000000000 ) ) ;
#1490 = ORIENTED_EDGE ( 'NONE', *, *, #1131, .F. ) ;
#1491 = LINE ( 'NONE', #1621, #1748 ) ;
#1492 = EDGE_LOOP ( 'NONE', ( #1823, #716, #732, #8 ) ) ;
#1493 = CARTESIAN_POINT ( 'NONE',  ( 21.86030036626770467, -94.08685043545662552, 40.00000000000000000 ) ) ;
#1494 = DIRECTION ( 'NONE',  ( 3.343628375672287265E-32, -1.445602896647339656E-16, -1.000000000000000000 ) ) ;
#1495 = EDGE_CURVE ( 'NONE', #1073, #971, #925, .T. ) ;
#1496 = LINE ( 'NONE', #1819, #1540 ) ;
#1497 = ORIENTED_EDGE ( 'NONE', *, *, #877, .T. ) ;
#1498 = EDGE_CURVE ( 'NONE', #521, #699, #61, .T. ) ;
#1499 = DIRECTION ( 'NONE',  ( 0.000000000000000000, -0.000000000000000000, 1.000000000000000000 ) ) ;
#1500 = ORIENTED_EDGE ( 'NONE', *, *, #306, .T. ) ;
#1501 = DIRECTION ( 'NONE',  ( -0.000000000000000000, 0.000000000000000000, 1.000000000000000000 ) ) ;
#1502 = PLANE ( 'NONE',  #657 ) ;
#1503 = VECTOR ( 'NONE', #49, 1000.000000000000114 ) ;
#1504 = VECTOR ( 'NONE', #1718, 1000.000000000000000 ) ;
#1505 = CARTESIAN_POINT ( 'NONE',  ( 0.000000000000000000, -94.08685043545662552, 0.000000000000000000 ) ) ;
#1506 = EDGE_CURVE ( 'NONE', #992, #1303, #1093, .T. ) ;
#1507 = VECTOR ( 'NONE', #1610, 1000.000000000000000 ) ;
#1508 = PERSON_AND_ORGANIZATION ( #1547, #1631 ) ;
#1509 = ORIENTED_EDGE ( 'NONE', *, *, #243, .T. ) ;
#1510 = DIRECTION ( 'NONE',  ( 0.000000000000000000, -0.000000000000000000, 1.000000000000000000 ) ) ;
#1511 = EDGE_CURVE ( 'NONE', #1073, #1860, #1218, .T. ) ;
#1512 = VECTOR ( 'NONE', #1316, 1000.000000000000000 ) ;
#1513 = ORIENTED_EDGE ( 'NONE', *, *, #708, .T. ) ;
#1514 = LINE ( 'NONE', #1392, #392 ) ;
#1515 = ORIENTED_EDGE ( 'NONE', *, *, #458, .T. ) ;
#1516 = CARTESIAN_POINT ( 'NONE',  ( -30.33819442495325802, 0.000000000000000000, 34.60828766234036635 ) ) ;
#1517 = PLANE ( 'NONE',  #752 ) ;
#1518 = VERTEX_POINT ( 'NONE', #373 ) ;
#1519 = DIRECTION ( 'NONE',  ( -0.000000000000000000, 1.000000000000000000, -0.000000000000000000 ) ) ;
#1520 = EDGE_CURVE ( 'NONE', #936, #1670, #652, .T. ) ;
#1521 = ORIENTED_EDGE ( 'NONE', *, *, #87, .T. ) ;
#1522 = PLANE ( 'NONE',  #1177 ) ;
#1523 = DIRECTION ( 'NONE',  ( -0.7003406701280763258, 0.7138087599382322290, 0.000000000000000000 ) ) ;
#1524 = DIRECTION ( 'NONE',  ( 0.7003406701280763258, -0.7138087599382322290, 0.000000000000000000 ) ) ;
#1525 = EDGE_CURVE ( 'NONE', #1018, #105, #496, .T. ) ;
#1526 = CARTESIAN_POINT ( 'NONE',  ( -19.88061592102560482, 18.18208607553186695, 0.000000000000000000 ) ) ;
#1527 = ORIENTED_EDGE ( 'NONE', *, *, #227, .F. ) ;
#1528 = CARTESIAN_POINT ( 'NONE',  ( 0.000000000000000000, -244.8289968688901297, 50.00000000000000000 ) ) ;
#1529 = VERTEX_POINT ( 'NONE', #525 ) ;
#1530 = LINE ( 'NONE', #238, #1446 ) ;
#1531 = CARTESIAN_POINT ( 'NONE',  ( -38.13969963373228467, -94.08685043545665394, 50.00000000000000000 ) ) ;
#1532 = EDGE_CURVE ( 'NONE', #347, #1021, #1206, .T. ) ;
#1533 = ORIENTED_EDGE ( 'NONE', *, *, #1637, .F. ) ;
#1534 = LINE ( 'NONE', #1553, #838 ) ;
#1535 = DIRECTION ( 'NONE',  ( -0.000000000000000000, 1.000000000000000000, -0.000000000000000000 ) ) ;
#1536 = VECTOR ( 'NONE', #1342, 1000.000000000000000 ) ;
#1537 = VERTEX_POINT ( 'NONE', #948 ) ;
#1538 = DIRECTION ( 'NONE',  ( 1.000000000000000000, -5.782411586589357392E-17, 0.000000000000000000 ) ) ;
#1539 = VECTOR ( 'NONE', #1542, 1000.000000000000000 ) ;
#1540 = VECTOR ( 'NONE', #382, 1000.000000000000000 ) ;
#1541 = ORIENTED_EDGE ( 'NONE', *, *, #690, .T. ) ;
#1542 = DIRECTION ( 'NONE',  ( -0.000000000000000000, -0.000000000000000000, -1.000000000000000000 ) ) ;
#1543 = VECTOR ( 'NONE', #883, 1000.000000000000000 ) ;
#1544 = CARTESIAN_POINT ( 'NONE',  ( -27.78709651231129030, 18.18208607553186695, 35.96354951250265941 ) ) ;
#1545 = EDGE_CURVE ( 'NONE', #77, #398, #1676, .T. ) ;
#1546 = LINE ( 'NONE', #996, #1812 ) ;
#1547 = PERSON ( 'UNSPECIFIED', 'UNSPECIFIED', 'UNSPECIFIED', ('UNSPECIFIED'), ('UNSPECIFIED'), ('UNSPECIFIED') ) ;
#1548 = VERTEX_POINT ( 'NONE', #1526 ) ;
#1549 = CARTESIAN_POINT ( 'NONE',  ( -30.33819442495325092, -102.4295227326733482, 5.766289436291899051 ) ) ;
#1550 = ORIENTED_EDGE ( 'NONE', *, *, #781, .T. ) ;
#1551 = CARTESIAN_POINT ( 'NONE',  ( -27.78709651231128674, -264.1141075245653269, 50.00000000000000000 ) ) ;
#1552 = VERTEX_POINT ( 'NONE', #242 ) ;
#1553 = CARTESIAN_POINT ( 'NONE',  ( 15.70178446998866306, -1.011189618685121250, 40.00000000000000000 ) ) ;
#1554 = LINE ( 'NONE', #259, #156 ) ;
#1555 = EDGE_CURVE ( 'NONE', #265, #503, #234, .T. ) ;
#1556 = PLANE ( 'NONE',  #1269 ) ;
#1557 = EDGE_CURVE ( 'NONE', #283, #193, #487, .T. ) ;
#1558 = ORIENTED_EDGE ( 'NONE', *, *, #614, .T. ) ;
#1559 = DIRECTION ( 'NONE',  ( -0.04882839841130997421, 0.9988071823473169131, 0.000000000000000000 ) ) ;
#1560 = ORIENTED_EDGE ( 'NONE', *, *, #1034, .F. ) ;
#1561 = CARTESIAN_POINT ( 'NONE',  ( 21.86030036626770823, -124.0868504354566255, 40.00000000000000000 ) ) ;
#1562 = CARTESIAN_POINT ( 'NONE',  ( -30.33819442495325802, -114.4295227326733482, 40.00000000000000000 ) ) ;
#1563 = EDGE_CURVE ( 'NONE', #1800, #371, #693, .T. ) ;
#1564 = CARTESIAN_POINT ( 'NONE',  ( 8.151616192722809018, -8.308378042582866385, 0.000000000000000000 ) ) ;
#1565 = ORIENTED_EDGE ( 'NONE', *, *, #970, .F. ) ;
#1566 = VECTOR ( 'NONE', #357, 1000.000000000000000 ) ;
#1567 = LINE ( 'NONE', #553, #28 ) ;
#1568 = AXIS2_PLACEMENT_3D ( 'NONE', #159, #739, #1756 ) ;
#1569 = VERTEX_POINT ( 'NONE', #429 ) ;
#1570 = CARTESIAN_POINT ( 'NONE',  ( 11.50769724484670675, 25.91314956454337448, 40.00000000000000000 ) ) ;
#1571 = VECTOR ( 'NONE', #575, 1000.000000000000114 ) ;
#1572 = FACE_OUTER_BOUND ( 'NONE', #1362, .T. ) ;
#1573 = DIRECTION ( 'NONE',  ( -1.000000000000000000, 0.000000000000000000, -0.000000000000000000 ) ) ;
#1574 = ORIENTED_EDGE ( 'NONE', *, *, #1545, .F. ) ;
#1575 = CARTESIAN_POINT ( 'NONE',  ( -43.23504978325509995, 10.14086318004959608, 50.00000000000000000 ) ) ;
#1576 = EDGE_CURVE ( 'NONE', #173, #112, #1004, .T. ) ;
#1577 = VERTEX_POINT ( 'NONE', #1260 ) ;
#1578 = LINE ( 'NONE', #12, #1806 ) ;
#1579 = ORIENTED_EDGE ( 'NONE', *, *, #1440, .T. ) ;
#1580 = DIRECTION ( 'NONE',  ( 1.000000000000000000, 0.000000000000000000, 0.000000000000000000 ) ) ;
#1581 = DIRECTION ( 'NONE',  ( 0.000000000000000000, 0.000000000000000000, -1.000000000000000000 ) ) ;
#1582 = EDGE_LOOP ( 'NONE', ( #1435, #44, #1267, #482, #454, #498, #255, #850, #1433, #1104, #1427, #1867, #860, #1193, #1247, #327, #1249, #712 ) ) ;
#1583 = LINE ( 'NONE', #989, #1356 ) ;
#1584 = ORIENTED_EDGE ( 'NONE', *, *, #1864, .T. ) ;
#1585 = DIRECTION ( 'NONE',  ( 0.000000000000000000, 0.000000000000000000, 1.000000000000000000 ) ) ;
#1586 = EDGE_CURVE ( 'NONE', #561, #1577, #1396, .T. ) ;
#1587 = EDGE_LOOP ( 'NONE', ( #808, #786, #1640, #279 ) ) ;
#1588 = CARTESIAN_POINT ( 'NONE',  ( 17.18691424443120042, 4.335125069452643309, 40.00000000000000000 ) ) ;
#1589 = FACE_OUTER_BOUND ( 'NONE', #1784, .T. ) ;
#1590 = VERTEX_POINT ( 'NONE', #832 ) ;
#1591 = CARTESIAN_POINT ( 'NONE',  ( 13.66180557504673487, -114.4295227326733340, 5.766289436291906156 ) ) ;
#1592 = COORDINATED_UNIVERSAL_TIME_OFFSET ( 0, 0, .AHEAD. ) ;
#1593 = AXIS2_PLACEMENT_3D ( 'NONE', #100, #239, #682 ) ;
#1594 = EDGE_LOOP ( 'NONE', ( #1399, #208, #946, #368, #1482, #304, #19, #374, #253, #973 ) ) ;
#1595 = LINE ( 'NONE', #302, #1323 ) ;
#1596 = AXIS2_PLACEMENT_3D ( 'NONE', #1007, #1736, #1301 ) ;
#1597 = VECTOR ( 'NONE', #1377, 1000.000000000000114 ) ;
#1598 = ORIENTED_EDGE ( 'NONE', *, *, #251, .F. ) ;
#1599 = CARTESIAN_POINT ( 'NONE',  ( -27.78230275515328884, -264.1141075245653269, 30.00000000000000000 ) ) ;
#1600 = CC_DESIGN_APPROVAL ( #776, ( #515 ) ) ;
#1601 = ADVANCED_FACE ( 'NONE', ( #1108 ), #541, .T. ) ;
#1602 = CARTESIAN_POINT ( 'NONE',  ( 13.66180557504673487, -124.0868504354566255, 40.00000000000000000 ) ) ;
#1603 = ORIENTED_EDGE ( 'NONE', *, *, #1288, .F. ) ;
#1604 = DIRECTION ( 'NONE',  ( 1.000000000000000000, 2.312964634635744436E-16, 0.000000000000000000 ) ) ;
#1605 = APPROVAL_STATUS ( 'not_yet_approved' ) ;
#1606 = ORIENTED_EDGE ( 'NONE', *, *, #1466, .F. ) ;
#1607 = PLANE ( 'NONE',  #566 ) ;
#1608 = CARTESIAN_POINT ( 'NONE',  ( -27.78709651231128674, -264.1141075245653269, 40.00000000000000000 ) ) ;
#1609 = DIRECTION ( 'NONE',  ( -0.000000000000000000, -0.000000000000000000, -1.000000000000000000 ) ) ;
#1610 = DIRECTION ( 'NONE',  ( -1.000000000000000000, -2.312964634635743943E-16, -0.000000000000000000 ) ) ;
#1611 = ORIENTED_EDGE ( 'NONE', *, *, #391, .T. ) ;
#1612 = CARTESIAN_POINT ( 'NONE',  ( -16.13628799015146953, -16.44660122073130992, 40.00000000000000000 ) ) ;
#1613 = EDGE_CURVE ( 'NONE', #988, #1569, #403, .T. ) ;
#1614 = VERTEX_POINT ( 'NONE', #1705 ) ;
#1615 = FACE_OUTER_BOUND ( 'NONE', #1470, .T. ) ;
#1616 = PLANE ( 'NONE',  #1625 ) ;
#1617 = CARTESIAN_POINT ( 'NONE',  ( 161.8603003662677224, -102.4295227326733055, 5.766289436291899051 ) ) ;
#1618 = CARTESIAN_POINT ( 'NONE',  ( 21.86030036626770823, -124.0868504354566255, 40.00000000000000000 ) ) ;
#1619 = EDGE_CURVE ( 'NONE', #830, #762, #1431, .T. ) ;
#1620 = ORIENTED_EDGE ( 'NONE', *, *, #495, .T. ) ;
#1621 = CARTESIAN_POINT ( 'NONE',  ( 161.8603003662677224, -114.4295227326733055, 5.766289436291900827 ) ) ;
#1622 = EDGE_CURVE ( 'NONE', #772, #222, #564, .T. ) ;
#1623 = ORIENTED_EDGE ( 'NONE', *, *, #530, .F. ) ;
#1624 = DIRECTION ( 'NONE',  ( 0.000000000000000000, 1.000000000000000000, 0.000000000000000000 ) ) ;
#1625 = AXIS2_PLACEMENT_3D ( 'NONE', #1626, #907, #486 ) ;
#1626 = CARTESIAN_POINT ( 'NONE',  ( -38.13969963373227756, -124.0868504354566397, 50.00000000000000000 ) ) ;
#1627 = CARTESIAN_POINT ( 'NONE',  ( 13.66180557504673487, -124.0868504354566255, 40.00000000000000000 ) ) ;
#1628 = AXIS2_PLACEMENT_3D ( 'NONE', #609, #878, #1038 ) ;
#1629 = VECTOR ( 'NONE', #475, 1000.000000000000000 ) ;
#1630 = PLANE ( 'NONE',  #1568 ) ;
#1631 = ORGANIZATION ( 'UNSPECIFIED', 'UNSPECIFIED', '' ) ;
#1632 = ORIENTED_EDGE ( 'NONE', *, *, #493, .F. ) ;
#1633 = CARTESIAN_POINT ( 'NONE',  ( -27.78709651231129030, 18.18208607553186695, 40.00000000000000000 ) ) ;
#1634 = ORIENTED_EDGE ( 'NONE', *, *, #1766, .T. ) ;
#1635 = DIRECTION ( 'NONE',  ( -0.7138087599382323400, -0.7003406701280763258, 0.000000000000000000 ) ) ;
#1636 = CARTESIAN_POINT ( 'NONE',  ( -32.81308575556879248, 25.91314956454337448, 35.96354951250265941 ) ) ;
#1637 = EDGE_CURVE ( 'NONE', #283, #1754, #683, .T. ) ;
#1638 = LINE ( 'NONE', #622, #244 ) ;
#1639 = APPLICATION_PROTOCOL_DEFINITION ( 'international standard', 'config_control_design', 1994, #69 ) ;
#1640 = ORIENTED_EDGE ( 'NONE', *, *, #955, .F. ) ;
#1641 = CARTESIAN_POINT ( 'NONE',  ( -27.78709651231128674, -264.1141075245653269, 50.00000000000000000 ) ) ;
#1642 = ORIENTED_EDGE ( 'NONE', *, *, #1822, .T. ) ;
#1643 = CARTESIAN_POINT ( 'NONE',  ( 11.50769724484671030, -266.1141075245653269, 50.00000000000000000 ) ) ;
#1644 = EDGE_CURVE ( 'NONE', #245, #1154, #1554, .T. ) ;
#1645 = DIRECTION ( 'NONE',  ( -0.000000000000000000, 0.000000000000000000, -1.000000000000000000 ) ) ;
#1646 = DIRECTION ( 'NONE',  ( -1.000000000000000000, -1.765855789138282250E-16, -0.000000000000000000 ) ) ;
#1647 = APPROVAL_ROLE ( '' ) ;
#1648 = EDGE_LOOP ( 'NONE', ( #1059, #1579, #1109, #1721 ) ) ;
#1649 = FACE_OUTER_BOUND ( 'NONE', #584, .T. ) ;
#1650 = EDGE_LOOP ( 'NONE', ( #1424, #1787, #619, #799 ) ) ;
#1651 = CARTESIAN_POINT ( 'NONE',  ( 0.000000000000000000, -244.8289968688901297, 20.00000000000000355 ) ) ;
#1652 = ORIENTED_EDGE ( 'NONE', *, *, #818, .F. ) ;
#1653 = DIRECTION ( 'NONE',  ( -0.000000000000000000, 0.000000000000000000, 1.000000000000000000 ) ) ;
#1654 = VECTOR ( 'NONE', #494, 1000.000000000000000 ) ;
#1655 = VECTOR ( 'NONE', #1256, 1000.000000000000000 ) ;
#1656 = CARTESIAN_POINT ( 'NONE',  ( 10.29660762865957757, -84.94294704226662418, 20.00000000000000355 ) ) ;
#1657 = EDGE_CURVE ( 'NONE', #1190, #11, #109, .T. ) ;
#1658 = AXIS2_PLACEMENT_3D ( 'NONE', #1678, #1095, #226 ) ;
#1659 = DATE_AND_TIME ( #1081, #631 ) ;
#1660 = VERTEX_POINT ( 'NONE', #252 ) ;
#1661 = VECTOR ( 'NONE', #613, 1000.000000000000000 ) ;
#1662 = CARTESIAN_POINT ( 'NONE',  ( 17.18691424443119331, -24.08685043545662907, 5.954758981310552812 ) ) ;
#1663 = EDGE_CURVE ( 'NONE', #696, #1702, #138, .T. ) ;
#1664 = ORIENTED_EDGE ( 'NONE', *, *, #170, .F. ) ;
#1665 = DIRECTION ( 'NONE',  ( 0.000000000000000000, -0.000000000000000000, 1.000000000000000000 ) ) ;
#1666 = DIRECTION ( 'NONE',  ( 0.7138087599382323400, 0.7003406701280764368, -0.000000000000000000 ) ) ;
#1667 = ORIENTED_EDGE ( 'NONE', *, *, #176, .F. ) ;
#1668 = CARTESIAN_POINT ( 'NONE',  ( 26.95565051579051996, 10.14086318004959963, 40.00000000000000000 ) ) ;
#1669 = LINE ( 'NONE', #516, #361 ) ;
#1670 = VERTEX_POINT ( 'NONE', #409 ) ;
#1671 = PLANE ( 'NONE',  #568 ) ;
#1672 = VERTEX_POINT ( 'NONE', #1686 ) ;
#1673 = FACE_OUTER_BOUND ( 'NONE', #1286, .T. ) ;
#1674 = CARTESIAN_POINT ( 'NONE',  ( 161.8603003662677224, -102.4295227326733055, 5.766289436291899051 ) ) ;
#1675 = CARTESIAN_POINT ( 'NONE',  ( 21.86030036626770823, -124.0868504354566255, 50.00000000000000000 ) ) ;
#1676 = LINE ( 'NONE', #1101, #630 ) ;
#1677 = ORIENTED_EDGE ( 'NONE', *, *, #1557, .T. ) ;
#1678 = CARTESIAN_POINT ( 'NONE',  ( 0.000000000000000000, 0.000000000000000000, 0.000000000000000000 ) ) ;
#1679 = ADVANCED_FACE ( 'NONE', ( #393, #844 ), #1863, .T. ) ;
#1680 = ORIENTED_EDGE ( 'NONE', *, *, #1455, .T. ) ;
#1681 = DIRECTION ( 'NONE',  ( -0.000000000000000000, -0.000000000000000000, 1.000000000000000000 ) ) ;
#1682 = EDGE_CURVE ( 'NONE', #1831, #199, #1855, .T. ) ;
#1683 = ORIENTED_EDGE ( 'NONE', *, *, #607, .T. ) ;
#1684 = CARTESIAN_POINT ( 'NONE',  ( 2.870084966805460610E-14, -124.0868504354566255, 40.00000000000000000 ) ) ;
#1685 = EDGE_CURVE ( 'NONE', #521, #1037, #1546, .T. ) ;
#1686 = CARTESIAN_POINT ( 'NONE',  ( -27.78709651231129030, 25.91314956454337448, 5.954758981310552812 ) ) ;
#1687 = APPLICATION_CONTEXT ( 'configuration controlled 3d designs of mechanical parts and assemblies' ) ;
#1688 = VECTOR ( 'NONE', #211, 1000.000000000000000 ) ;
#1689 = ORIENTED_EDGE ( 'NONE', *, *, #1498, .T. ) ;
#1690 = DIRECTION ( 'NONE',  ( 0.000000000000000000, -0.000000000000000000, 1.000000000000000000 ) ) ;
#1691 = AXIS2_PLACEMENT_3D ( 'NONE', #298, #741, #162 ) ;
#1692 = VECTOR ( 'NONE', #1782, 1000.000000000000000 ) ;
#1693 = EDGE_LOOP ( 'NONE', ( #1094, #289, #794, #1500 ) ) ;
#1694 = CARTESIAN_POINT ( 'NONE',  ( 21.86030036626770823, -114.4295227326733340, 5.766289436291900827 ) ) ;
#1695 = VECTOR ( 'NONE', #674, 1000.000000000000000 ) ;
#1696 = PLANE ( 'NONE',  #780 ) ;
#1697 = CARTESIAN_POINT ( 'NONE',  ( -27.78709651231129030, 18.18208607553186695, 5.954758981310551036 ) ) ;
#1698 = ADVANCED_FACE ( 'NONE', ( #1572 ), #267, .T. ) ;
#1699 = CARTESIAN_POINT ( 'NONE',  ( -27.78709651231129030, 25.91314956454337448, 0.000000000000000000 ) ) ;
#1700 = EDGE_LOOP ( 'NONE', ( #764, #1829, #1533, #37 ) ) ;
#1701 = DIRECTION ( 'NONE',  ( 1.000000000000000000, 0.000000000000000000, -0.000000000000000000 ) ) ;
#1702 = VERTEX_POINT ( 'NONE', #418 ) ;
#1703 = CARTESIAN_POINT ( 'NONE',  ( 8.151616192722809018, -8.308378042582866385, 40.00000000000000000 ) ) ;
#1704 = EDGE_CURVE ( 'NONE', #1769, #72, #277, .T. ) ;
#1705 = CARTESIAN_POINT ( 'NONE',  ( 13.66180557504673132, -114.4295227326733340, 34.60828766234036635 ) ) ;
#1706 = EDGE_CURVE ( 'NONE', #1860, #274, #1741, .T. ) ;
#1707 = DIRECTION ( 'NONE',  ( 0.000000000000000000, -1.000000000000000000, 0.000000000000000000 ) ) ;
#1708 = ORIENTED_EDGE ( 'NONE', *, *, #90, .F. ) ;
#1709 = CARTESIAN_POINT ( 'NONE',  ( 26.95565051579051996, 10.14086318004959963, 50.00000000000000000 ) ) ;
#1710 = ORIENTED_EDGE ( 'NONE', *, *, #931, .T. ) ;
#1711 = LINE ( 'NONE', #1313, #1174 ) ;
#1712 = DIRECTION ( 'NONE',  ( 1.000000000000000000, 2.312964634635743450E-16, 0.000000000000000000 ) ) ;
#1713 = PLANE ( 'NONE',  #122 ) ;
#1714 = ADVANCED_FACE ( 'NONE', ( #1176 ), #42, .F. ) ;
#1715 = CLOSED_SHELL ( 'NONE', ( #1026, #793, #1128, #862, #1119, #1866, #1679, #653, #1302, #1698, #144, #413, #841, #150, #517, #21, #1714, #476, #1213, #1191, #557, #1757, #583, #1114, #402, #1854, #550, #207, #641, #64, #918, #1078, #1601, #1308, #1350, #461, #745, #742, #1156, #951, #833, #264, #859, #221, #110, #1834, #7, #945, #80, #1061, #1181, #1008, #261, #1429, #104, #979 ) ) ;
#1716 = EDGE_LOOP ( 'NONE', ( #1642, #857, #1574, #1513 ) ) ;
#1717 = VECTOR ( 'NONE', #1728, 1000.000000000000114 ) ;
#1718 = DIRECTION ( 'NONE',  ( -0.000000000000000000, 1.000000000000000000, -1.445602896647339656E-16 ) ) ;
#1719 = EDGE_CURVE ( 'NONE', #1537, #1030, #474, .T. ) ;
#1720 = CIRCLE ( 'NONE', #1781, 10.00000000000000178 ) ;
#1721 = ORIENTED_EDGE ( 'NONE', *, *, #849, .F. ) ;
#1722 = CARTESIAN_POINT ( 'NONE',  ( -43.23504978325509995, 10.14086318004959608, 50.00000000000000000 ) ) ;
#1723 = AXIS2_PLACEMENT_3D ( 'NONE', #1050, #188, #437 ) ;
#1724 = EDGE_LOOP ( 'NONE', ( #581, #385, #29, #755 ) ) ;
#1725 = CARTESIAN_POINT ( 'NONE',  ( 21.86030036626770823, -124.0868504354566255, 50.00000000000000000 ) ) ;
#1726 = DIRECTION ( 'NONE',  ( 0.7003406701280762148, -0.7138087599382322290, 0.000000000000000000 ) ) ;
#1727 = ORIENTED_EDGE ( 'NONE', *, *, #1217, .T. ) ;
#1728 = DIRECTION ( 'NONE',  ( -0.7003406701280762148, 0.7138087599382322290, -0.000000000000000000 ) ) ;
#1729 = ORIENTED_EDGE ( 'NONE', *, *, #958, .F. ) ;
#1730 = LINE ( 'NONE', #1135, #1292 ) ;
#1731 = EDGE_CURVE ( 'NONE', #1577, #1569, #1306, .T. ) ;
#1732 = VERTEX_POINT ( 'NONE', #1772 ) ;
#1733 = LINE ( 'NONE', #1013, #723 ) ;
#1734 = DIRECTION ( 'NONE',  ( -0.7003406701280765478, -0.7138087599382321180, 0.000000000000000000 ) ) ;
#1735 = ORIENTED_EDGE ( 'NONE', *, *, #814, .T. ) ;
#1736 = DIRECTION ( 'NONE',  ( 2.312964634635744436E-16, -1.000000000000000000, 0.000000000000000000 ) ) ;
#1737 = PERSON_AND_ORGANIZATION ( #1547, #1631 ) ;
#1738 = EDGE_LOOP ( 'NONE', ( #349, #449, #1802, #1199 ) ) ;
#1739 = LINE ( 'NONE', #1010, #1236 ) ;
#1740 = CARTESIAN_POINT ( 'NONE',  ( 21.86030036626770467, -94.08685043545662552, 50.00000000000000000 ) ) ;
#1741 = LINE ( 'NONE', #605, #1270 ) ;
#1742 = EDGE_CURVE ( 'NONE', #1590, #617, #717, .T. ) ;
#1743 = LINE ( 'NONE', #15, #1809 ) ;
#1744 = ORIENTED_EDGE ( 'NONE', *, *, #1622, .F. ) ;
#1745 = LINE ( 'NONE', #1200, #1868 ) ;
#1746 = VECTOR ( 'NONE', #108, 1000.000000000000000 ) ;
#1747 = DIRECTION ( 'NONE',  ( 1.000000000000000000, 0.000000000000000000, 0.000000000000000000 ) ) ;
#1748 = VECTOR ( 'NONE', #1183, 1000.000000000000000 ) ;
#1749 = ORIENTED_EDGE ( 'NONE', *, *, #1682, .F. ) ;
#1750 = FACE_OUTER_BOUND ( 'NONE', #552, .T. ) ;
#1751 = VECTOR ( 'NONE', #938, 1000.000000000000000 ) ;
#1752 = EDGE_CURVE ( 'NONE', #587, #283, #585, .T. ) ;
#1753 = VECTOR ( 'NONE', #1147, 1000.000000000000000 ) ;
#1754 = VERTEX_POINT ( 'NONE', #1168 ) ;
#1755 = DIRECTION ( 'NONE',  ( -0.000000000000000000, -0.000000000000000000, 1.000000000000000000 ) ) ;
#1756 = DIRECTION ( 'NONE',  ( -0.000000000000000000, 0.000000000000000000, 1.000000000000000000 ) ) ;
#1757 = ADVANCED_FACE ( 'NONE', ( #146 ), #1022, .F. ) ;
#1758 = ORIENTED_EDGE ( 'NONE', *, *, #616, .F. ) ;
#1759 = CARTESIAN_POINT ( 'NONE',  ( -19.88061592102560482, 18.18208607553186695, 40.00000000000000000 ) ) ;
#1760 = VERTEX_POINT ( 'NONE', #1627 ) ;
#1761 = CARTESIAN_POINT ( 'NONE',  ( 11.50769724484671030, -264.1141075245653269, 30.00000000000000000 ) ) ;
#1762 = FACE_OUTER_BOUND ( 'NONE', #1381, .T. ) ;
#1763 = FACE_OUTER_BOUND ( 'NONE', #1724, .T. ) ;
#1764 = EDGE_CURVE ( 'NONE', #1132, #1537, #1477, .T. ) ;
#1765 = PLANE ( 'NONE',  #1178 ) ;
#1766 = EDGE_CURVE ( 'NONE', #617, #893, #747, .T. ) ;
#1767 = VERTEX_POINT ( 'NONE', #1599 ) ;
#1768 = CARTESIAN_POINT ( 'NONE',  ( 11.50769724484671030, -266.1141075245653269, 50.00000000000000000 ) ) ;
#1769 = VERTEX_POINT ( 'NONE', #1298 ) ;
#1770 = LINE ( 'NONE', #1493, #1326 ) ;
#1771 = DIRECTION ( 'NONE',  ( 1.000000000000000000, 0.000000000000000000, 0.000000000000000000 ) ) ;
#1772 = CARTESIAN_POINT ( 'NONE',  ( -27.78230275515328884, -266.1141075245653269, 11.00000000000000355 ) ) ;
#1773 = FACE_OUTER_BOUND ( 'NONE', #1862, .T. ) ;
#1774 = VERTEX_POINT ( 'NONE', #1158 ) ;
#1775 = CARTESIAN_POINT ( 'NONE',  ( -30.33819442495325802, -124.0868504354566397, 40.00000000000000000 ) ) ;
#1776 = VERTEX_POINT ( 'NONE', #593 ) ;
#1777 = CARTESIAN_POINT ( 'NONE',  ( 11.50769724484670853, 25.88589247543465177, 40.00000000000000000 ) ) ;
#1778 = EDGE_CURVE ( 'NONE', #1154, #173, #1187, .T. ) ;
#1779 = DIRECTION ( 'NONE',  ( -0.000000000000000000, 0.000000000000000000, 1.000000000000000000 ) ) ;
#1780 = AXIS2_PLACEMENT_3D ( 'NONE', #1068, #765, #40 ) ;
#1781 = AXIS2_PLACEMENT_3D ( 'NONE', #544, #1123, #1273 ) ;
#1782 = DIRECTION ( 'NONE',  ( -0.000000000000000000, -0.000000000000000000, -1.000000000000000000 ) ) ;
#1783 = LOCAL_TIME ( 15, 22, 55.00000000000000000, #300 ) ;
#1784 = EDGE_LOOP ( 'NONE', ( #1584, #1233, #1, #676, #1820 ) ) ;
#1785 = CYLINDRICAL_SURFACE ( 'NONE', #1628, 10.00000000000000178 ) ;
#1786 = EDGE_CURVE ( 'NONE', #706, #1037, #760, .T. ) ;
#1787 = ORIENTED_EDGE ( 'NONE', *, *, #495, .F. ) ;
#1788 = LINE ( 'NONE', #492, #210 ) ;
#1789 = EDGE_CURVE ( 'NONE', #1774, #1132, #1733, .T. ) ;
#1790 = CARTESIAN_POINT ( 'NONE',  ( 21.86030036626770823, -124.0868504354566255, 40.00000000000000000 ) ) ;
#1791 = DIRECTION ( 'NONE',  ( -0.7003406701280765478, -0.7138087599382321180, 0.000000000000000000 ) ) ;
#1792 = PERSON_AND_ORGANIZATION_ROLE ( 'design_supplier' ) ;
#1793 = ORIENTED_EDGE ( 'NONE', *, *, #1520, .T. ) ;
#1794 = CARTESIAN_POINT ( 'NONE',  ( -38.13969963373228467, -102.4295227326733340, 34.60828766234036635 ) ) ;
#1795 = ORIENTED_EDGE ( 'NONE', *, *, #530, .T. ) ;
#1796 = DIRECTION ( 'NONE',  ( -0.000000000000000000, -0.000000000000000000, -1.000000000000000000 ) ) ;
#1797 = ORIENTED_EDGE ( 'NONE', *, *, #701, .T. ) ;
#1798 = PLANE ( 'NONE',  #626 ) ;
#1799 = DIRECTION ( 'NONE',  ( -0.000000000000000000, -0.000000000000000000, -1.000000000000000000 ) ) ;
#1800 = VERTEX_POINT ( 'NONE', #1196 ) ;
#1801 = CARTESIAN_POINT ( 'NONE',  ( -18.96213068699731252, -244.8289968688901297, 50.00000000000000000 ) ) ;
#1802 = ORIENTED_EDGE ( 'NONE', *, *, #1322, .T. ) ;
#1803 = LINE ( 'NONE', #510, #1566 ) ;
#1804 = CARTESIAN_POINT ( 'NONE',  ( 10.92429653619059948, 10.71817773362095672, 40.00000000000000000 ) ) ;
#1805 = PLANE ( 'NONE',  #1593 ) ;
#1806 = VECTOR ( 'NONE', #858, 999.9999999999998863 ) ;
#1807 = VECTOR ( 'NONE', #964, 1000.000000000000000 ) ;
#1808 = CARTESIAN_POINT ( 'NONE',  ( 11.50769724484670675, 25.91314956454337448, 40.00000000000000000 ) ) ;
#1809 = VECTOR ( 'NONE', #1345, 1000.000000000000000 ) ;
#1810 = ORIENTED_EDGE ( 'NONE', *, *, #722, .T. ) ;
#1811 = EDGE_CURVE ( 'NONE', #936, #272, #457, .T. ) ;
#1812 = VECTOR ( 'NONE', #556, 1000.000000000000000 ) ;
#1813 = DIRECTION ( 'NONE',  ( -0.000000000000000000, -0.000000000000000000, -1.000000000000000000 ) ) ;
#1814 = ORIENTED_EDGE ( 'NONE', *, *, #1149, .T. ) ;
#1815 = PLANE ( 'NONE',  #719 ) ;
#1816 = PLANE ( 'NONE',  #997 ) ;
#1817 = VERTEX_POINT ( 'NONE', #292 ) ;
#1818 = FACE_OUTER_BOUND ( 'NONE', #97, .T. ) ;
#1819 = CARTESIAN_POINT ( 'NONE',  ( -27.78230275515328884, -266.1141075245653269, 50.00000000000000000 ) ) ;
#1820 = ORIENTED_EDGE ( 'NONE', *, *, #435, .T. ) ;
#1821 = CARTESIAN_POINT ( 'NONE',  ( 13.66180557504673487, -124.0868504354566255, 0.000000000000000000 ) ) ;
#1822 = EDGE_CURVE ( 'NONE', #1021, #956, #869, .T. ) ;
#1823 = ORIENTED_EDGE ( 'NONE', *, *, #251, .T. ) ;
#1824 = LINE ( 'NONE', #529, #182 ) ;
#1825 = EDGE_CURVE ( 'NONE', #193, #656, #1468, .T. ) ;
#1826 = ORIENTED_EDGE ( 'NONE', *, *, #1848, .T. ) ;
#1827 = DIRECTION ( 'NONE',  ( 3.343628375672287265E-32, -1.445602896647339656E-16, -1.000000000000000000 ) ) ;
#1828 = DIRECTION ( 'NONE',  ( -1.000000000000000000, -0.000000000000000000, -0.000000000000000000 ) ) ;
#1829 = ORIENTED_EDGE ( 'NONE', *, *, #129, .F. ) ;
#1830 = FACE_BOUND ( 'NONE', #1075, .T. ) ;
#1831 = VERTEX_POINT ( 'NONE', #158 ) ;
#1832 = CARTESIAN_POINT ( 'NONE',  ( -38.13969963373227756, -114.4295227326733482, 34.60828766234036635 ) ) ;
#1833 = CARTESIAN_POINT ( 'NONE',  ( -43.23504978325509995, 10.14086318004959608, 50.00000000000000000 ) ) ;
#1834 = ADVANCED_FACE ( 'NONE', ( #1763 ), #466, .F. ) ;
#1835 = DIRECTION ( 'NONE',  ( -1.000000000000000000, 0.000000000000000000, 0.000000000000000000 ) ) ;
#1836 = VECTOR ( 'NONE', #389, 1000.000000000000000 ) ;
#1837 = LINE ( 'NONE', #1564, #452 ) ;
#1838 = VECTOR ( 'NONE', #386, 1000.000000000000000 ) ;
#1839 = VECTOR ( 'NONE', #720, 1000.000000000000000 ) ;
#1840 = EDGE_LOOP ( 'NONE', ( #13, #1290, #1241, #1515, #1134, #920, #1209 ) ) ;
#1841 = PLANE ( 'NONE',  #1596 ) ;
#1842 = CC_DESIGN_PERSON_AND_ORGANIZATION_ASSIGNMENT ( #216, #623, ( #1058 ) ) ;
#1843 = AXIS2_PLACEMENT_3D ( 'NONE', #1804, #1666, #1523 ) ;
#1844 = ORIENTED_EDGE ( 'NONE', *, *, #294, .T. ) ;
#1845 = DIRECTION ( 'NONE',  ( 1.000000000000000000, 0.000000000000000000, 0.000000000000000000 ) ) ;
#1846 = EDGE_CURVE ( 'NONE', #1518, #1858, #511, .T. ) ;
#1847 = CARTESIAN_POINT ( 'NONE',  ( -27.78709651231128674, -264.1141075245653269, 50.00000000000000000 ) ) ;
#1848 = EDGE_CURVE ( 'NONE', #1190, #1776, #336, .T. ) ;
#1849 = CARTESIAN_POINT ( 'NONE',  ( -32.81308575556880669, -24.08685043545662907, 5.954758981310552812 ) ) ;
#1850 = ORIENTED_EDGE ( 'NONE', *, *, #1613, .F. ) ;
#1851 = LINE ( 'NONE', #1291, #872 ) ;
#1852 = EDGE_LOOP ( 'NONE', ( #1677, #820, #1320, #1331 ) ) ;
#1853 = CARTESIAN_POINT ( 'NONE',  ( -38.13969963373227756, -124.0868504354566397, 50.00000000000000000 ) ) ;
#1854 = ADVANCED_FACE ( 'NONE', ( #1089 ), #370, .F. ) ;
#1855 = LINE ( 'NONE', #1562, #1753 ) ;
#1856 = CARTESIAN_POINT ( 'NONE',  ( 13.66180557504674198, -7.899818285088135051E-16, 40.00000000000000000 ) ) ;
#1857 = EDGE_CURVE ( 'NONE', #1303, #173, #944, .T. ) ;
#1858 = VERTEX_POINT ( 'NONE', #86 ) ;
#1859 = PLANE ( 'NONE',  #297 ) ;
#1860 = VERTEX_POINT ( 'NONE', #1231 ) ;
#1861 = CARTESIAN_POINT ( 'NONE',  ( -27.78709651231128674, -264.1141075245653269, 50.00000000000000000 ) ) ;
#1862 = EDGE_LOOP ( 'NONE', ( #1689, #1283, #570, #1430 ) ) ;
#1863 = PLANE ( 'NONE',  #787 ) ;
#1864 = EDGE_CURVE ( 'NONE', #804, #503, #1380, .T. ) ;
#1865 = LINE ( 'NONE', #1699, #785 ) ;
#1866 = ADVANCED_FACE ( 'NONE', ( #1243, #76 ), #1816, .T. ) ;
#1867 = ORIENTED_EDGE ( 'NONE', *, *, #1495, .T. ) ;
#1868 = VECTOR ( 'NONE', #1339, 1000.000000000000000 ) ;
#1869 = DIRECTION ( 'NONE',  ( -2.312964634635744436E-16, 1.000000000000000000, -4.811659614929462074E-16 ) ) ;
#1870 = VECTOR ( 'NONE', #819, 1000.000000000000000 ) ;
ENDSEC;
END-ISO-10303-21;
